"Time of Day","Process Name","PID","Operation","Path","Detail","Result"
"2:08:06.8961887 PM","cmd.exe","88580","CreateFile","C:\Users\jimpames\Desktop\FESv8-algebraic\migration_toolkit","Desired Access: Read Data/List Directory, Synchronize, Disposition: Open, Options: Directory, Synchronous IO Non-Alert, Attributes: n/a, ShareMode: Read, Write, Delete, AllocationSize: n/a, OpenResult: Opened","SUCCESS"
"2:08:06.8962603 PM","cmd.exe","88580","CloseFile","C:\Users\jimpames\Desktop\FESv8-algebraic\migration_toolkit","","SUCCESS"
"2:08:06.8967065 PM","cmd.exe","88580","CreateFile","C:\Users\jimpames\Desktop\FESv8-algebraic\migration_toolkit","Desired Access: Read Attributes, Disposition: Open, Options: Open Reparse Point, Attributes: n/a, ShareMode: Read, Write, Delete, AllocationSize: n/a, OpenResult: Opened","SUCCESS"
"2:08:06.8967250 PM","cmd.exe","88580","QueryBasicInformationFile","C:\Users\jimpames\Desktop\FESv8-algebraic\migration_toolkit","CreationTime: 6/6/2026 6:32:22 AM, LastAccessTime: 6/7/2026 2:08:06 PM, LastWriteTime: 6/6/2026 7:26:22 AM, ChangeTime: 6/6/2026 7:26:22 AM, FileAttributes: D","SUCCESS"
"2:08:06.8967326 PM","cmd.exe","88580","CloseFile","C:\Users\jimpames\Desktop\FESv8-algebraic\migration_toolkit","","SUCCESS"
"2:08:06.9022205 PM","python.exe","95756","CreateFile","C:\Users\jimpames\Desktop\FESv8-algebraic\migration_toolkit","Desired Access: Execute/Traverse, Synchronize, Disposition: Open, Options: Directory, Synchronous IO Non-Alert, Attributes: n/a, ShareMode: Read, Write, AllocationSize: n/a, OpenResult: Opened","SUCCESS"
"2:08:06.9171258 PM","python.exe","35508","CreateFile","C:\Users\jimpames\Desktop\FESv8-algebraic\migration_toolkit","Desired Access: Execute/Traverse, Synchronize, Disposition: Open, Options: Directory, Synchronous IO Non-Alert, Attributes: n/a, ShareMode: Read, Write, AllocationSize: n/a, OpenResult: Opened","SUCCESS"
"2:08:06.9695191 PM","python.exe","35508","CreateFile","C:\Users\jimpames\Desktop\FESv8-algebraic\migration_toolkit\skeleton_engine","Desired Access: Read Attributes, Synchronize, Disposition: Open, Options: Synchronous IO Non-Alert, Attributes: n/a, ShareMode: None, AllocationSize: n/a, OpenResult: Opened","SUCCESS"
"2:08:06.9695447 PM","python.exe","35508","QueryInformationVolume","C:\Users\jimpames\Desktop\FESv8-algebraic\migration_toolkit\skeleton_engine","VolumeCreationTime: 5/30/2024 3:01:34 PM, VolumeSerialNumber: 66CA-DF9F, SupportsObjects: True, VolumeLabel: Winጷ","BUFFER OVERFLOW"
"2:08:06.9695553 PM","python.exe","35508","QueryAllInformationFile","C:\Users\jimpames\Desktop\FESv8-algebraic\migration_toolkit\skeleton_engine","CreationTime: 6/6/2026 6:32:24 AM, LastAccessTime: 6/7/2026 2:08:06 PM, LastWriteTime: 6/6/2026 7:26:23 AM, ChangeTime: 6/6/2026 7:26:23 AM, FileAttributes: D, AllocationSize: 8,192, EndOfFile: 8,192","BUFFER OVERFLOW"
"2:08:06.9695665 PM","python.exe","35508","CloseFile","C:\Users\jimpames\Desktop\FESv8-algebraic\migration_toolkit\skeleton_engine","","SUCCESS"
"2:08:06.9696390 PM","python.exe","35508","CreateFile","C:\Users\jimpames\Desktop\FESv8-algebraic\migration_toolkit\skeleton_engine","Desired Access: Read Attributes, Synchronize, Disposition: Open, Options: Synchronous IO Non-Alert, Attributes: n/a, ShareMode: None, AllocationSize: n/a, OpenResult: Opened","SUCCESS"
"2:08:06.9696535 PM","python.exe","35508","QueryInformationVolume","C:\Users\jimpames\Desktop\FESv8-algebraic\migration_toolkit\skeleton_engine","VolumeCreationTime: 5/30/2024 3:01:34 PM, VolumeSerialNumber: 66CA-DF9F, SupportsObjects: True, VolumeLabel: Winጷ","BUFFER OVERFLOW"
"2:08:06.9696626 PM","python.exe","35508","QueryAllInformationFile","C:\Users\jimpames\Desktop\FESv8-algebraic\migration_toolkit\skeleton_engine","CreationTime: 6/6/2026 6:32:24 AM, LastAccessTime: 6/7/2026 2:08:06 PM, LastWriteTime: 6/6/2026 7:26:23 AM, ChangeTime: 6/6/2026 7:26:23 AM, FileAttributes: D, AllocationSize: 8,192, EndOfFile: 8,192","BUFFER OVERFLOW"
"2:08:06.9696719 PM","python.exe","35508","CloseFile","C:\Users\jimpames\Desktop\FESv8-algebraic\migration_toolkit\skeleton_engine","","SUCCESS"
"2:08:06.9697544 PM","python.exe","35508","CreateFile","C:\Users\jimpames\Desktop\FESv8-algebraic\migration_toolkit\skeleton_engine","Desired Access: Read Attributes, Synchronize, Disposition: Open, Options: Synchronous IO Non-Alert, Attributes: n/a, ShareMode: None, AllocationSize: n/a, OpenResult: Opened","SUCCESS"
"2:08:06.9697696 PM","python.exe","35508","QueryInformationVolume","C:\Users\jimpames\Desktop\FESv8-algebraic\migration_toolkit\skeleton_engine","VolumeCreationTime: 5/30/2024 3:01:34 PM, VolumeSerialNumber: 66CA-DF9F, SupportsObjects: True, VolumeLabel: Winጷ","BUFFER OVERFLOW"
"2:08:06.9697763 PM","python.exe","35508","QueryAllInformationFile","C:\Users\jimpames\Desktop\FESv8-algebraic\migration_toolkit\skeleton_engine","CreationTime: 6/6/2026 6:32:24 AM, LastAccessTime: 6/7/2026 2:08:06 PM, LastWriteTime: 6/6/2026 7:26:23 AM, ChangeTime: 6/6/2026 7:26:23 AM, FileAttributes: D, AllocationSize: 8,192, EndOfFile: 8,192","BUFFER OVERFLOW"
"2:08:06.9697841 PM","python.exe","35508","CloseFile","C:\Users\jimpames\Desktop\FESv8-algebraic\migration_toolkit\skeleton_engine","","SUCCESS"
"2:08:06.9698402 PM","python.exe","35508","CreateFile","C:\Users\jimpames\Desktop\FESv8-algebraic\migration_toolkit\skeleton_engine","Desired Access: Read Data/List Directory, Synchronize, Disposition: Open, Options: Directory, Synchronous IO Non-Alert, Attributes: n/a, ShareMode: Read, Write, Delete, AllocationSize: n/a, OpenResult: Opened","SUCCESS"
"2:08:06.9698797 PM","python.exe","35508","QueryDirectory","C:\Users\jimpames\Desktop\FESv8-algebraic\migration_toolkit\skeleton_engine","FileInformationClass: FileBothDirectoryInformation, 1: .., 2: build_pipeline.py, 3: customer_fidelity_validator.py, 4: immutables_classifier.py, 5: immutables_validator.py, 6: jpa_scrubber.py","SUCCESS"
"2:08:06.9699030 PM","python.exe","35508","QueryDirectory","C:\Users\jimpames\Desktop\FESv8-algebraic\migration_toolkit\skeleton_engine","FileInformationClass: FileBothDirectoryInformation","NO MORE FILES"
"2:08:06.9699245 PM","python.exe","35508","CloseFile","C:\Users\jimpames\Desktop\FESv8-algebraic\migration_toolkit\skeleton_engine","","SUCCESS"
"2:08:06.9709607 PM","python.exe","35508","CreateFile","C:\Users\jimpames\Desktop\FESv8-algebraic\migration_toolkit\skeleton_engine","Desired Access: Read Attributes, Synchronize, Disposition: Open, Options: Synchronous IO Non-Alert, Attributes: n/a, ShareMode: None, AllocationSize: n/a, OpenResult: Opened","SUCCESS"
"2:08:06.9709791 PM","python.exe","35508","QueryInformationVolume","C:\Users\jimpames\Desktop\FESv8-algebraic\migration_toolkit\skeleton_engine","VolumeCreationTime: 5/30/2024 3:01:34 PM, VolumeSerialNumber: 66CA-DF9F, SupportsObjects: True, VolumeLabel: Winጷ","BUFFER OVERFLOW"
"2:08:06.9709866 PM","python.exe","35508","QueryAllInformationFile","C:\Users\jimpames\Desktop\FESv8-algebraic\migration_toolkit\skeleton_engine","CreationTime: 6/6/2026 6:32:24 AM, LastAccessTime: 6/7/2026 2:08:06 PM, LastWriteTime: 6/6/2026 7:26:23 AM, ChangeTime: 6/6/2026 7:26:23 AM, FileAttributes: D, AllocationSize: 8,192, EndOfFile: 8,192","BUFFER OVERFLOW"
"2:08:06.9709955 PM","python.exe","35508","CloseFile","C:\Users\jimpames\Desktop\FESv8-algebraic\migration_toolkit\skeleton_engine","","SUCCESS"
"2:08:06.9721083 PM","python.exe","35508","CreateFile","C:\Users\jimpames\Desktop\FESv8-algebraic\migration_toolkit\skeleton_engine","Desired Access: Read Attributes, Synchronize, Disposition: Open, Options: Synchronous IO Non-Alert, Attributes: n/a, ShareMode: None, AllocationSize: n/a, OpenResult: Opened","SUCCESS"
"2:08:06.9721281 PM","python.exe","35508","QueryInformationVolume","C:\Users\jimpames\Desktop\FESv8-algebraic\migration_toolkit\skeleton_engine","VolumeCreationTime: 5/30/2024 3:01:34 PM, VolumeSerialNumber: 66CA-DF9F, SupportsObjects: True, VolumeLabel: Winጷ","BUFFER OVERFLOW"
"2:08:06.9721364 PM","python.exe","35508","QueryAllInformationFile","C:\Users\jimpames\Desktop\FESv8-algebraic\migration_toolkit\skeleton_engine","CreationTime: 6/6/2026 6:32:24 AM, LastAccessTime: 6/7/2026 2:08:06 PM, LastWriteTime: 6/6/2026 7:26:23 AM, ChangeTime: 6/6/2026 7:26:23 AM, FileAttributes: D, AllocationSize: 8,192, EndOfFile: 8,192","BUFFER OVERFLOW"
"2:08:06.9721463 PM","python.exe","35508","CloseFile","C:\Users\jimpames\Desktop\FESv8-algebraic\migration_toolkit\skeleton_engine","","SUCCESS"
"2:08:06.9732697 PM","python.exe","35508","CreateFile","C:\Users\jimpames\Desktop\FESv8-algebraic\migration_toolkit\skeleton_engine","Desired Access: Read Attributes, Synchronize, Disposition: Open, Options: Synchronous IO Non-Alert, Attributes: n/a, ShareMode: None, AllocationSize: n/a, OpenResult: Opened","SUCCESS"
"2:08:06.9732943 PM","python.exe","35508","QueryInformationVolume","C:\Users\jimpames\Desktop\FESv8-algebraic\migration_toolkit\skeleton_engine","VolumeCreationTime: 5/30/2024 3:01:34 PM, VolumeSerialNumber: 66CA-DF9F, SupportsObjects: True, VolumeLabel: Winጷ","BUFFER OVERFLOW"
"2:08:06.9733054 PM","python.exe","35508","QueryAllInformationFile","C:\Users\jimpames\Desktop\FESv8-algebraic\migration_toolkit\skeleton_engine","CreationTime: 6/6/2026 6:32:24 AM, LastAccessTime: 6/7/2026 2:08:06 PM, LastWriteTime: 6/6/2026 7:26:23 AM, ChangeTime: 6/6/2026 7:26:23 AM, FileAttributes: D, AllocationSize: 8,192, EndOfFile: 8,192","BUFFER OVERFLOW"
"2:08:06.9733183 PM","python.exe","35508","CloseFile","C:\Users\jimpames\Desktop\FESv8-algebraic\migration_toolkit\skeleton_engine","","SUCCESS"
"2:08:06.9744014 PM","python.exe","35508","CreateFile","C:\Users\jimpames\Desktop\FESv8-algebraic\migration_toolkit\skeleton_engine","Desired Access: Read Attributes, Synchronize, Disposition: Open, Options: Synchronous IO Non-Alert, Attributes: n/a, ShareMode: None, AllocationSize: n/a, OpenResult: Opened","SUCCESS"
"2:08:06.9744239 PM","python.exe","35508","QueryInformationVolume","C:\Users\jimpames\Desktop\FESv8-algebraic\migration_toolkit\skeleton_engine","VolumeCreationTime: 5/30/2024 3:01:34 PM, VolumeSerialNumber: 66CA-DF9F, SupportsObjects: True, VolumeLabel: Winხ","BUFFER OVERFLOW"
"2:08:06.9744353 PM","python.exe","35508","QueryAllInformationFile","C:\Users\jimpames\Desktop\FESv8-algebraic\migration_toolkit\skeleton_engine","CreationTime: 6/6/2026 6:32:24 AM, LastAccessTime: 6/7/2026 2:08:06 PM, LastWriteTime: 6/6/2026 7:26:23 AM, ChangeTime: 6/6/2026 7:26:23 AM, FileAttributes: D, AllocationSize: 8,192, EndOfFile: 8,192","BUFFER OVERFLOW"
"2:08:06.9744480 PM","python.exe","35508","CloseFile","C:\Users\jimpames\Desktop\FESv8-algebraic\migration_toolkit\skeleton_engine","","SUCCESS"
"2:08:06.9758945 PM","python.exe","35508","CreateFile","C:\Users\jimpames\Desktop\FESv8-algebraic\migration_toolkit\skeleton_engine","Desired Access: Read Attributes, Synchronize, Disposition: Open, Options: Synchronous IO Non-Alert, Attributes: n/a, ShareMode: None, AllocationSize: n/a, OpenResult: Opened","SUCCESS"
"2:08:06.9759211 PM","python.exe","35508","QueryInformationVolume","C:\Users\jimpames\Desktop\FESv8-algebraic\migration_toolkit\skeleton_engine","VolumeCreationTime: 5/30/2024 3:01:34 PM, VolumeSerialNumber: 66CA-DF9F, SupportsObjects: True, VolumeLabel: Winጷ","BUFFER OVERFLOW"
"2:08:06.9759335 PM","python.exe","35508","QueryAllInformationFile","C:\Users\jimpames\Desktop\FESv8-algebraic\migration_toolkit\skeleton_engine","CreationTime: 6/6/2026 6:32:24 AM, LastAccessTime: 6/7/2026 2:08:06 PM, LastWriteTime: 6/6/2026 7:26:23 AM, ChangeTime: 6/6/2026 7:26:23 AM, FileAttributes: D, AllocationSize: 8,192, EndOfFile: 8,192","BUFFER OVERFLOW"
"2:08:06.9759510 PM","python.exe","35508","CloseFile","C:\Users\jimpames\Desktop\FESv8-algebraic\migration_toolkit\skeleton_engine","","SUCCESS"
"2:08:06.9775670 PM","python.exe","35508","CreateFile","C:\Users\jimpames\Desktop\FESv8-algebraic\migration_toolkit\skeleton_engine","Desired Access: Read Attributes, Synchronize, Disposition: Open, Options: Synchronous IO Non-Alert, Attributes: n/a, ShareMode: None, AllocationSize: n/a, OpenResult: Opened","SUCCESS"
"2:08:06.9775940 PM","python.exe","35508","QueryInformationVolume","C:\Users\jimpames\Desktop\FESv8-algebraic\migration_toolkit\skeleton_engine","VolumeCreationTime: 5/30/2024 3:01:34 PM, VolumeSerialNumber: 66CA-DF9F, SupportsObjects: True, VolumeLabel: Winጷ","BUFFER OVERFLOW"
"2:08:06.9776067 PM","python.exe","35508","QueryAllInformationFile","C:\Users\jimpames\Desktop\FESv8-algebraic\migration_toolkit\skeleton_engine","CreationTime: 6/6/2026 6:32:24 AM, LastAccessTime: 6/7/2026 2:08:06 PM, LastWriteTime: 6/6/2026 7:26:23 AM, ChangeTime: 6/6/2026 7:26:23 AM, FileAttributes: D, AllocationSize: 8,192, EndOfFile: 8,192","BUFFER OVERFLOW"
"2:08:06.9776209 PM","python.exe","35508","CloseFile","C:\Users\jimpames\Desktop\FESv8-algebraic\migration_toolkit\skeleton_engine","","SUCCESS"
"2:08:06.9788765 PM","python.exe","35508","CreateFile","C:\Users\jimpames\Desktop\FESv8-algebraic\migration_toolkit\skeleton_engine","Desired Access: Read Attributes, Synchronize, Disposition: Open, Options: Synchronous IO Non-Alert, Attributes: n/a, ShareMode: None, AllocationSize: n/a, OpenResult: Opened","SUCCESS"
"2:08:06.9789010 PM","python.exe","35508","QueryInformationVolume","C:\Users\jimpames\Desktop\FESv8-algebraic\migration_toolkit\skeleton_engine","VolumeCreationTime: 5/30/2024 3:01:34 PM, VolumeSerialNumber: 66CA-DF9F, SupportsObjects: True, VolumeLabel: Winጷ","BUFFER OVERFLOW"
"2:08:06.9789143 PM","python.exe","35508","QueryAllInformationFile","C:\Users\jimpames\Desktop\FESv8-algebraic\migration_toolkit\skeleton_engine","CreationTime: 6/6/2026 6:32:24 AM, LastAccessTime: 6/7/2026 2:08:06 PM, LastWriteTime: 6/6/2026 7:26:23 AM, ChangeTime: 6/6/2026 7:26:23 AM, FileAttributes: D, AllocationSize: 8,192, EndOfFile: 8,192","BUFFER OVERFLOW"
"2:08:06.9789286 PM","python.exe","35508","CloseFile","C:\Users\jimpames\Desktop\FESv8-algebraic\migration_toolkit\skeleton_engine","","SUCCESS"
"2:08:06.9804558 PM","python.exe","35508","CreateFile","C:\Users\jimpames\Desktop\FESv8-algebraic\migration_toolkit\skeleton_engine","Desired Access: Read Attributes, Synchronize, Disposition: Open, Options: Synchronous IO Non-Alert, Attributes: n/a, ShareMode: None, AllocationSize: n/a, OpenResult: Opened","SUCCESS"
"2:08:06.9804869 PM","python.exe","35508","QueryInformationVolume","C:\Users\jimpames\Desktop\FESv8-algebraic\migration_toolkit\skeleton_engine","VolumeCreationTime: 5/30/2024 3:01:34 PM, VolumeSerialNumber: 66CA-DF9F, SupportsObjects: True, VolumeLabel: Winጷ","BUFFER OVERFLOW"
"2:08:06.9804994 PM","python.exe","35508","QueryAllInformationFile","C:\Users\jimpames\Desktop\FESv8-algebraic\migration_toolkit\skeleton_engine","CreationTime: 6/6/2026 6:32:24 AM, LastAccessTime: 6/7/2026 2:08:06 PM, LastWriteTime: 6/6/2026 7:26:23 AM, ChangeTime: 6/6/2026 7:26:23 AM, FileAttributes: D, AllocationSize: 8,192, EndOfFile: 8,192","BUFFER OVERFLOW"
"2:08:06.9805162 PM","python.exe","35508","CloseFile","C:\Users\jimpames\Desktop\FESv8-algebraic\migration_toolkit\skeleton_engine","","SUCCESS"
"2:08:06.9816718 PM","python.exe","35508","CreateFile","C:\Users\jimpames\Desktop\FESv8-algebraic\migration_toolkit\skeleton_engine","Desired Access: Read Attributes, Synchronize, Disposition: Open, Options: Synchronous IO Non-Alert, Attributes: n/a, ShareMode: None, AllocationSize: n/a, OpenResult: Opened","SUCCESS"
"2:08:06.9816947 PM","python.exe","35508","QueryInformationVolume","C:\Users\jimpames\Desktop\FESv8-algebraic\migration_toolkit\skeleton_engine","VolumeCreationTime: 5/30/2024 3:01:34 PM, VolumeSerialNumber: 66CA-DF9F, SupportsObjects: True, VolumeLabel: Winጷ","BUFFER OVERFLOW"
"2:08:06.9817094 PM","python.exe","35508","QueryAllInformationFile","C:\Users\jimpames\Desktop\FESv8-algebraic\migration_toolkit\skeleton_engine","CreationTime: 6/6/2026 6:32:24 AM, LastAccessTime: 6/7/2026 2:08:06 PM, LastWriteTime: 6/6/2026 7:26:23 AM, ChangeTime: 6/6/2026 7:26:23 AM, FileAttributes: D, AllocationSize: 8,192, EndOfFile: 8,192","BUFFER OVERFLOW"
"2:08:06.9817227 PM","python.exe","35508","CloseFile","C:\Users\jimpames\Desktop\FESv8-algebraic\migration_toolkit\skeleton_engine","","SUCCESS"
"2:08:06.9835440 PM","python.exe","35508","CreateFile","C:\Users\jimpames\Desktop\FESv8-algebraic\migration_toolkit\skeleton_engine","Desired Access: Read Attributes, Synchronize, Disposition: Open, Options: Synchronous IO Non-Alert, Attributes: n/a, ShareMode: None, AllocationSize: n/a, OpenResult: Opened","SUCCESS"
"2:08:06.9835680 PM","python.exe","35508","QueryInformationVolume","C:\Users\jimpames\Desktop\FESv8-algebraic\migration_toolkit\skeleton_engine","VolumeCreationTime: 5/30/2024 3:01:34 PM, VolumeSerialNumber: 66CA-DF9F, SupportsObjects: True, VolumeLabel: Winጷ","BUFFER OVERFLOW"
"2:08:06.9835808 PM","python.exe","35508","QueryAllInformationFile","C:\Users\jimpames\Desktop\FESv8-algebraic\migration_toolkit\skeleton_engine","CreationTime: 6/6/2026 6:32:24 AM, LastAccessTime: 6/7/2026 2:08:06 PM, LastWriteTime: 6/6/2026 7:26:23 AM, ChangeTime: 6/6/2026 7:26:23 AM, FileAttributes: D, AllocationSize: 8,192, EndOfFile: 8,192","BUFFER OVERFLOW"
"2:08:06.9836071 PM","python.exe","35508","CloseFile","C:\Users\jimpames\Desktop\FESv8-algebraic\migration_toolkit\skeleton_engine","","SUCCESS"
"2:08:06.9849517 PM","python.exe","35508","CreateFile","C:\Users\jimpames\Desktop\FESv8-algebraic\migration_toolkit\skeleton_engine","Desired Access: Read Attributes, Synchronize, Disposition: Open, Options: Synchronous IO Non-Alert, Attributes: n/a, ShareMode: None, AllocationSize: n/a, OpenResult: Opened","SUCCESS"
"2:08:06.9849846 PM","python.exe","35508","QueryInformationVolume","C:\Users\jimpames\Desktop\FESv8-algebraic\migration_toolkit\skeleton_engine","VolumeCreationTime: 5/30/2024 3:01:34 PM, VolumeSerialNumber: 66CA-DF9F, SupportsObjects: True, VolumeLabel: Win","BUFFER OVERFLOW"
"2:08:06.9850054 PM","python.exe","35508","QueryAllInformationFile","C:\Users\jimpames\Desktop\FESv8-algebraic\migration_toolkit\skeleton_engine","CreationTime: 6/6/2026 6:32:24 AM, LastAccessTime: 6/7/2026 2:08:06 PM, LastWriteTime: 6/6/2026 7:26:23 AM, ChangeTime: 6/6/2026 7:26:23 AM, FileAttributes: D, AllocationSize: 8,192, EndOfFile: 8,192","BUFFER OVERFLOW"
"2:08:06.9850272 PM","python.exe","35508","CloseFile","C:\Users\jimpames\Desktop\FESv8-algebraic\migration_toolkit\skeleton_engine","","SUCCESS"
"2:08:06.9866944 PM","python.exe","35508","CreateFile","C:\Users\jimpames\Desktop\FESv8-algebraic\migration_toolkit\skeleton_engine","Desired Access: Read Attributes, Synchronize, Disposition: Open, Options: Synchronous IO Non-Alert, Attributes: n/a, ShareMode: None, AllocationSize: n/a, OpenResult: Opened","SUCCESS"
"2:08:06.9867191 PM","python.exe","35508","QueryInformationVolume","C:\Users\jimpames\Desktop\FESv8-algebraic\migration_toolkit\skeleton_engine","VolumeCreationTime: 5/30/2024 3:01:34 PM, VolumeSerialNumber: 66CA-DF9F, SupportsObjects: True, VolumeLabel: Winხ","BUFFER OVERFLOW"
"2:08:06.9867440 PM","python.exe","35508","QueryAllInformationFile","C:\Users\jimpames\Desktop\FESv8-algebraic\migration_toolkit\skeleton_engine","CreationTime: 6/6/2026 6:32:24 AM, LastAccessTime: 6/7/2026 2:08:06 PM, LastWriteTime: 6/6/2026 7:26:23 AM, ChangeTime: 6/6/2026 7:26:23 AM, FileAttributes: D, AllocationSize: 8,192, EndOfFile: 8,192","BUFFER OVERFLOW"
"2:08:06.9867753 PM","python.exe","35508","CloseFile","C:\Users\jimpames\Desktop\FESv8-algebraic\migration_toolkit\skeleton_engine","","SUCCESS"
"2:08:06.9889916 PM","python.exe","35508","CreateFile","C:\Users\jimpames\Desktop\FESv8-algebraic\migration_toolkit\skeleton_engine","Desired Access: Read Attributes, Synchronize, Disposition: Open, Options: Synchronous IO Non-Alert, Attributes: n/a, ShareMode: None, AllocationSize: n/a, OpenResult: Opened","SUCCESS"
"2:08:06.9890256 PM","python.exe","35508","QueryInformationVolume","C:\Users\jimpames\Desktop\FESv8-algebraic\migration_toolkit\skeleton_engine","VolumeCreationTime: 5/30/2024 3:01:34 PM, VolumeSerialNumber: 66CA-DF9F, SupportsObjects: True, VolumeLabel: Winხ","BUFFER OVERFLOW"
"2:08:06.9890480 PM","python.exe","35508","QueryAllInformationFile","C:\Users\jimpames\Desktop\FESv8-algebraic\migration_toolkit\skeleton_engine","CreationTime: 6/6/2026 6:32:24 AM, LastAccessTime: 6/7/2026 2:08:06 PM, LastWriteTime: 6/6/2026 7:26:23 AM, ChangeTime: 6/6/2026 7:26:23 AM, FileAttributes: D, AllocationSize: 8,192, EndOfFile: 8,192","BUFFER OVERFLOW"
"2:08:06.9890643 PM","python.exe","35508","CloseFile","C:\Users\jimpames\Desktop\FESv8-algebraic\migration_toolkit\skeleton_engine","","SUCCESS"
"2:08:06.9902061 PM","python.exe","35508","CreateFile","C:\Users\jimpames\Desktop\FESv8-algebraic\migration_toolkit\skeleton_engine","Desired Access: Read Attributes, Synchronize, Disposition: Open, Options: Synchronous IO Non-Alert, Attributes: n/a, ShareMode: None, AllocationSize: n/a, OpenResult: Opened","SUCCESS"
"2:08:06.9902266 PM","python.exe","35508","QueryInformationVolume","C:\Users\jimpames\Desktop\FESv8-algebraic\migration_toolkit\skeleton_engine","VolumeCreationTime: 5/30/2024 3:01:34 PM, VolumeSerialNumber: 66CA-DF9F, SupportsObjects: True, VolumeLabel: Winጷ","BUFFER OVERFLOW"
"2:08:06.9902356 PM","python.exe","35508","QueryAllInformationFile","C:\Users\jimpames\Desktop\FESv8-algebraic\migration_toolkit\skeleton_engine","CreationTime: 6/6/2026 6:32:24 AM, LastAccessTime: 6/7/2026 2:08:06 PM, LastWriteTime: 6/6/2026 7:26:23 AM, ChangeTime: 6/6/2026 7:26:23 AM, FileAttributes: D, AllocationSize: 8,192, EndOfFile: 8,192","BUFFER OVERFLOW"
"2:08:06.9902526 PM","python.exe","35508","CloseFile","C:\Users\jimpames\Desktop\FESv8-algebraic\migration_toolkit\skeleton_engine","","SUCCESS"
"2:08:06.9921499 PM","python.exe","35508","CreateFile","C:\Users\jimpames\Desktop\FESv8-algebraic\migration_toolkit\skeleton_engine","Desired Access: Read Attributes, Synchronize, Disposition: Open, Options: Synchronous IO Non-Alert, Attributes: n/a, ShareMode: None, AllocationSize: n/a, OpenResult: Opened","SUCCESS"
"2:08:06.9921753 PM","python.exe","35508","QueryInformationVolume","C:\Users\jimpames\Desktop\FESv8-algebraic\migration_toolkit\skeleton_engine","VolumeCreationTime: 5/30/2024 3:01:34 PM, VolumeSerialNumber: 66CA-DF9F, SupportsObjects: True, VolumeLabel: Winხ","BUFFER OVERFLOW"
"2:08:06.9921920 PM","python.exe","35508","QueryAllInformationFile","C:\Users\jimpames\Desktop\FESv8-algebraic\migration_toolkit\skeleton_engine","CreationTime: 6/6/2026 6:32:24 AM, LastAccessTime: 6/7/2026 2:08:06 PM, LastWriteTime: 6/6/2026 7:26:23 AM, ChangeTime: 6/6/2026 7:26:23 AM, FileAttributes: D, AllocationSize: 8,192, EndOfFile: 8,192","BUFFER OVERFLOW"
"2:08:06.9922035 PM","python.exe","35508","CloseFile","C:\Users\jimpames\Desktop\FESv8-algebraic\migration_toolkit\skeleton_engine","","SUCCESS"
"2:08:06.9974047 PM","python.exe","35508","CreateFile","C:\Users\jimpames\Desktop\FESv8-algebraic\migration_toolkit\skeleton_engine","Desired Access: Read Attributes, Synchronize, Disposition: Open, Options: Synchronous IO Non-Alert, Attributes: n/a, ShareMode: None, AllocationSize: n/a, OpenResult: Opened","SUCCESS"
"2:08:06.9974498 PM","python.exe","35508","QueryInformationVolume","C:\Users\jimpames\Desktop\FESv8-algebraic\migration_toolkit\skeleton_engine","VolumeCreationTime: 5/30/2024 3:01:34 PM, VolumeSerialNumber: 66CA-DF9F, SupportsObjects: True, VolumeLabel: Winጷ","BUFFER OVERFLOW"
"2:08:06.9974652 PM","python.exe","35508","QueryAllInformationFile","C:\Users\jimpames\Desktop\FESv8-algebraic\migration_toolkit\skeleton_engine","CreationTime: 6/6/2026 6:32:24 AM, LastAccessTime: 6/7/2026 2:08:06 PM, LastWriteTime: 6/6/2026 7:26:23 AM, ChangeTime: 6/6/2026 7:26:23 AM, FileAttributes: D, AllocationSize: 8,192, EndOfFile: 8,192","BUFFER OVERFLOW"
"2:08:06.9974806 PM","python.exe","35508","CloseFile","C:\Users\jimpames\Desktop\FESv8-algebraic\migration_toolkit\skeleton_engine","","SUCCESS"
"2:08:06.9988839 PM","python.exe","35508","CreateFile","C:\Users\jimpames\Desktop\FESv8-algebraic\migration_toolkit\skeleton_engine","Desired Access: Read Attributes, Synchronize, Disposition: Open, Options: Synchronous IO Non-Alert, Attributes: n/a, ShareMode: None, AllocationSize: n/a, OpenResult: Opened","SUCCESS"
"2:08:06.9989126 PM","python.exe","35508","QueryInformationVolume","C:\Users\jimpames\Desktop\FESv8-algebraic\migration_toolkit\skeleton_engine","VolumeCreationTime: 5/30/2024 3:01:34 PM, VolumeSerialNumber: 66CA-DF9F, SupportsObjects: True, VolumeLabel: Winጷ","BUFFER OVERFLOW"
"2:08:06.9989248 PM","python.exe","35508","QueryAllInformationFile","C:\Users\jimpames\Desktop\FESv8-algebraic\migration_toolkit\skeleton_engine","CreationTime: 6/6/2026 6:32:24 AM, LastAccessTime: 6/7/2026 2:08:06 PM, LastWriteTime: 6/6/2026 7:26:23 AM, ChangeTime: 6/6/2026 7:26:23 AM, FileAttributes: D, AllocationSize: 8,192, EndOfFile: 8,192","BUFFER OVERFLOW"
"2:08:06.9989393 PM","python.exe","35508","CloseFile","C:\Users\jimpames\Desktop\FESv8-algebraic\migration_toolkit\skeleton_engine","","SUCCESS"
"2:08:07.0072058 PM","python.exe","35508","CreateFile","C:\Users\jimpames\Desktop\FESv8-algebraic\migration_toolkit\skeleton_engine","Desired Access: Read Attributes, Synchronize, Disposition: Open, Options: Synchronous IO Non-Alert, Attributes: n/a, ShareMode: None, AllocationSize: n/a, OpenResult: Opened","SUCCESS"
"2:08:07.0072419 PM","python.exe","35508","QueryInformationVolume","C:\Users\jimpames\Desktop\FESv8-algebraic\migration_toolkit\skeleton_engine","VolumeCreationTime: 5/30/2024 3:01:34 PM, VolumeSerialNumber: 66CA-DF9F, SupportsObjects: True, VolumeLabel: Winጷ","BUFFER OVERFLOW"
"2:08:07.0072558 PM","python.exe","35508","QueryAllInformationFile","C:\Users\jimpames\Desktop\FESv8-algebraic\migration_toolkit\skeleton_engine","CreationTime: 6/6/2026 6:32:24 AM, LastAccessTime: 6/7/2026 2:08:06 PM, LastWriteTime: 6/6/2026 7:26:23 AM, ChangeTime: 6/6/2026 7:26:23 AM, FileAttributes: D, AllocationSize: 8,192, EndOfFile: 8,192","BUFFER OVERFLOW"
"2:08:07.0072923 PM","python.exe","35508","CloseFile","C:\Users\jimpames\Desktop\FESv8-algebraic\migration_toolkit\skeleton_engine","","SUCCESS"
"2:08:07.0089639 PM","python.exe","35508","CreateFile","C:\Users\jimpames\Desktop\FESv8-algebraic\migration_toolkit\skeleton_engine","Desired Access: Read Attributes, Synchronize, Disposition: Open, Options: Synchronous IO Non-Alert, Attributes: n/a, ShareMode: None, AllocationSize: n/a, OpenResult: Opened","SUCCESS"
"2:08:07.0089921 PM","python.exe","35508","QueryInformationVolume","C:\Users\jimpames\Desktop\FESv8-algebraic\migration_toolkit\skeleton_engine","VolumeCreationTime: 5/30/2024 3:01:34 PM, VolumeSerialNumber: 66CA-DF9F, SupportsObjects: True, VolumeLabel: Winጷ","BUFFER OVERFLOW"
"2:08:07.0090058 PM","python.exe","35508","QueryAllInformationFile","C:\Users\jimpames\Desktop\FESv8-algebraic\migration_toolkit\skeleton_engine","CreationTime: 6/6/2026 6:32:24 AM, LastAccessTime: 6/7/2026 2:08:06 PM, LastWriteTime: 6/6/2026 7:26:23 AM, ChangeTime: 6/6/2026 7:26:23 AM, FileAttributes: D, AllocationSize: 8,192, EndOfFile: 8,192","BUFFER OVERFLOW"
"2:08:07.0090208 PM","python.exe","35508","CloseFile","C:\Users\jimpames\Desktop\FESv8-algebraic\migration_toolkit\skeleton_engine","","SUCCESS"
"2:08:07.0106095 PM","python.exe","35508","CreateFile","C:\Users\jimpames\Desktop\FESv8-algebraic\migration_toolkit\skeleton_engine","Desired Access: Read Attributes, Synchronize, Disposition: Open, Options: Synchronous IO Non-Alert, Attributes: n/a, ShareMode: None, AllocationSize: n/a, OpenResult: Opened","SUCCESS"
"2:08:07.0106343 PM","python.exe","35508","QueryInformationVolume","C:\Users\jimpames\Desktop\FESv8-algebraic\migration_toolkit\skeleton_engine","VolumeCreationTime: 5/30/2024 3:01:34 PM, VolumeSerialNumber: 66CA-DF9F, SupportsObjects: True, VolumeLabel: Winጷ","BUFFER OVERFLOW"
"2:08:07.0106446 PM","python.exe","35508","QueryAllInformationFile","C:\Users\jimpames\Desktop\FESv8-algebraic\migration_toolkit\skeleton_engine","CreationTime: 6/6/2026 6:32:24 AM, LastAccessTime: 6/7/2026 2:08:06 PM, LastWriteTime: 6/6/2026 7:26:23 AM, ChangeTime: 6/6/2026 7:26:23 AM, FileAttributes: D, AllocationSize: 8,192, EndOfFile: 8,192","BUFFER OVERFLOW"
"2:08:07.0106552 PM","python.exe","35508","CloseFile","C:\Users\jimpames\Desktop\FESv8-algebraic\migration_toolkit\skeleton_engine","","SUCCESS"
"2:08:07.0120930 PM","python.exe","35508","CreateFile","C:\Users\jimpames\Desktop\FESv8-algebraic\migration_toolkit\skeleton_engine","Desired Access: Read Attributes, Synchronize, Disposition: Open, Options: Synchronous IO Non-Alert, Attributes: n/a, ShareMode: None, AllocationSize: n/a, OpenResult: Opened","SUCCESS"
"2:08:07.0121223 PM","python.exe","35508","QueryInformationVolume","C:\Users\jimpames\Desktop\FESv8-algebraic\migration_toolkit\skeleton_engine","VolumeCreationTime: 5/30/2024 3:01:34 PM, VolumeSerialNumber: 66CA-DF9F, SupportsObjects: True, VolumeLabel: Winხ","BUFFER OVERFLOW"
"2:08:07.0121355 PM","python.exe","35508","QueryAllInformationFile","C:\Users\jimpames\Desktop\FESv8-algebraic\migration_toolkit\skeleton_engine","CreationTime: 6/6/2026 6:32:24 AM, LastAccessTime: 6/7/2026 2:08:06 PM, LastWriteTime: 6/6/2026 7:26:23 AM, ChangeTime: 6/6/2026 7:26:23 AM, FileAttributes: D, AllocationSize: 8,192, EndOfFile: 8,192","BUFFER OVERFLOW"
"2:08:07.0121486 PM","python.exe","35508","CloseFile","C:\Users\jimpames\Desktop\FESv8-algebraic\migration_toolkit\skeleton_engine","","SUCCESS"
"2:08:07.0136050 PM","python.exe","35508","CreateFile","C:\Users\jimpames\Desktop\FESv8-algebraic\migration_toolkit\skeleton_engine","Desired Access: Read Attributes, Synchronize, Disposition: Open, Options: Synchronous IO Non-Alert, Attributes: n/a, ShareMode: None, AllocationSize: n/a, OpenResult: Opened","SUCCESS"
"2:08:07.0136388 PM","python.exe","35508","QueryInformationVolume","C:\Users\jimpames\Desktop\FESv8-algebraic\migration_toolkit\skeleton_engine","VolumeCreationTime: 5/30/2024 3:01:34 PM, VolumeSerialNumber: 66CA-DF9F, SupportsObjects: True, VolumeLabel: Winጷ","BUFFER OVERFLOW"
"2:08:07.0136540 PM","python.exe","35508","QueryAllInformationFile","C:\Users\jimpames\Desktop\FESv8-algebraic\migration_toolkit\skeleton_engine","CreationTime: 6/6/2026 6:32:24 AM, LastAccessTime: 6/7/2026 2:08:06 PM, LastWriteTime: 6/6/2026 7:26:23 AM, ChangeTime: 6/6/2026 7:26:23 AM, FileAttributes: D, AllocationSize: 8,192, EndOfFile: 8,192","BUFFER OVERFLOW"
"2:08:07.0136714 PM","python.exe","35508","CloseFile","C:\Users\jimpames\Desktop\FESv8-algebraic\migration_toolkit\skeleton_engine","","SUCCESS"
"2:08:07.0150663 PM","python.exe","35508","CreateFile","C:\Users\jimpames\Desktop\FESv8-algebraic\migration_toolkit\skeleton_engine","Desired Access: Read Attributes, Synchronize, Disposition: Open, Options: Synchronous IO Non-Alert, Attributes: n/a, ShareMode: None, AllocationSize: n/a, OpenResult: Opened","SUCCESS"
"2:08:07.0150894 PM","python.exe","35508","QueryInformationVolume","C:\Users\jimpames\Desktop\FESv8-algebraic\migration_toolkit\skeleton_engine","VolumeCreationTime: 5/30/2024 3:01:34 PM, VolumeSerialNumber: 66CA-DF9F, SupportsObjects: True, VolumeLabel: Winጷ","BUFFER OVERFLOW"
"2:08:07.0150994 PM","python.exe","35508","QueryAllInformationFile","C:\Users\jimpames\Desktop\FESv8-algebraic\migration_toolkit\skeleton_engine","CreationTime: 6/6/2026 6:32:24 AM, LastAccessTime: 6/7/2026 2:08:06 PM, LastWriteTime: 6/6/2026 7:26:23 AM, ChangeTime: 6/6/2026 7:26:23 AM, FileAttributes: D, AllocationSize: 8,192, EndOfFile: 8,192","BUFFER OVERFLOW"
"2:08:07.0151100 PM","python.exe","35508","CloseFile","C:\Users\jimpames\Desktop\FESv8-algebraic\migration_toolkit\skeleton_engine","","SUCCESS"
"2:08:07.0166542 PM","python.exe","35508","CreateFile","C:\Users\jimpames\Desktop\FESv8-algebraic\migration_toolkit\skeleton_engine","Desired Access: Read Attributes, Synchronize, Disposition: Open, Options: Synchronous IO Non-Alert, Attributes: n/a, ShareMode: None, AllocationSize: n/a, OpenResult: Opened","SUCCESS"
"2:08:07.0166779 PM","python.exe","35508","QueryInformationVolume","C:\Users\jimpames\Desktop\FESv8-algebraic\migration_toolkit\skeleton_engine","VolumeCreationTime: 5/30/2024 3:01:34 PM, VolumeSerialNumber: 66CA-DF9F, SupportsObjects: True, VolumeLabel: Winጷ","BUFFER OVERFLOW"
"2:08:07.0166888 PM","python.exe","35508","QueryAllInformationFile","C:\Users\jimpames\Desktop\FESv8-algebraic\migration_toolkit\skeleton_engine","CreationTime: 6/6/2026 6:32:24 AM, LastAccessTime: 6/7/2026 2:08:06 PM, LastWriteTime: 6/6/2026 7:26:23 AM, ChangeTime: 6/6/2026 7:26:23 AM, FileAttributes: D, AllocationSize: 8,192, EndOfFile: 8,192","BUFFER OVERFLOW"
"2:08:07.0167003 PM","python.exe","35508","CloseFile","C:\Users\jimpames\Desktop\FESv8-algebraic\migration_toolkit\skeleton_engine","","SUCCESS"
"2:08:07.0176870 PM","python.exe","35508","CreateFile","C:\Users\jimpames\Desktop\FESv8-algebraic\migration_toolkit\skeleton_engine","Desired Access: Read Attributes, Synchronize, Disposition: Open, Options: Synchronous IO Non-Alert, Attributes: n/a, ShareMode: None, AllocationSize: n/a, OpenResult: Opened","SUCCESS"
"2:08:07.0177062 PM","python.exe","35508","QueryInformationVolume","C:\Users\jimpames\Desktop\FESv8-algebraic\migration_toolkit\skeleton_engine","VolumeCreationTime: 5/30/2024 3:01:34 PM, VolumeSerialNumber: 66CA-DF9F, SupportsObjects: True, VolumeLabel: Winხ","BUFFER OVERFLOW"
"2:08:07.0177152 PM","python.exe","35508","QueryAllInformationFile","C:\Users\jimpames\Desktop\FESv8-algebraic\migration_toolkit\skeleton_engine","CreationTime: 6/6/2026 6:32:24 AM, LastAccessTime: 6/7/2026 2:08:06 PM, LastWriteTime: 6/6/2026 7:26:23 AM, ChangeTime: 6/6/2026 7:26:23 AM, FileAttributes: D, AllocationSize: 8,192, EndOfFile: 8,192","BUFFER OVERFLOW"
"2:08:07.0177246 PM","python.exe","35508","CloseFile","C:\Users\jimpames\Desktop\FESv8-algebraic\migration_toolkit\skeleton_engine","","SUCCESS"
"2:08:07.0190010 PM","python.exe","35508","CreateFile","C:\Users\jimpames\Desktop\FESv8-algebraic\migration_toolkit\skeleton_engine","Desired Access: Read Attributes, Synchronize, Disposition: Open, Options: Synchronous IO Non-Alert, Attributes: n/a, ShareMode: None, AllocationSize: n/a, OpenResult: Opened","SUCCESS"
"2:08:07.0190209 PM","python.exe","35508","QueryInformationVolume","C:\Users\jimpames\Desktop\FESv8-algebraic\migration_toolkit\skeleton_engine","VolumeCreationTime: 5/30/2024 3:01:34 PM, VolumeSerialNumber: 66CA-DF9F, SupportsObjects: True, VolumeLabel: Winጷ","BUFFER OVERFLOW"
"2:08:07.0190296 PM","python.exe","35508","QueryAllInformationFile","C:\Users\jimpames\Desktop\FESv8-algebraic\migration_toolkit\skeleton_engine","CreationTime: 6/6/2026 6:32:24 AM, LastAccessTime: 6/7/2026 2:08:06 PM, LastWriteTime: 6/6/2026 7:26:23 AM, ChangeTime: 6/6/2026 7:26:23 AM, FileAttributes: D, AllocationSize: 8,192, EndOfFile: 8,192","BUFFER OVERFLOW"
"2:08:07.0190397 PM","python.exe","35508","CloseFile","C:\Users\jimpames\Desktop\FESv8-algebraic\migration_toolkit\skeleton_engine","","SUCCESS"
"2:08:07.0200259 PM","python.exe","35508","CreateFile","C:\Users\jimpames\Desktop\FESv8-algebraic\migration_toolkit\skeleton_engine","Desired Access: Read Attributes, Synchronize, Disposition: Open, Options: Synchronous IO Non-Alert, Attributes: n/a, ShareMode: None, AllocationSize: n/a, OpenResult: Opened","SUCCESS"
"2:08:07.0200521 PM","python.exe","35508","QueryInformationVolume","C:\Users\jimpames\Desktop\FESv8-algebraic\migration_toolkit\skeleton_engine","VolumeCreationTime: 5/30/2024 3:01:34 PM, VolumeSerialNumber: 66CA-DF9F, SupportsObjects: True, VolumeLabel: Winጷ","BUFFER OVERFLOW"
"2:08:07.0200668 PM","python.exe","35508","QueryAllInformationFile","C:\Users\jimpames\Desktop\FESv8-algebraic\migration_toolkit\skeleton_engine","CreationTime: 6/6/2026 6:32:24 AM, LastAccessTime: 6/7/2026 2:08:06 PM, LastWriteTime: 6/6/2026 7:26:23 AM, ChangeTime: 6/6/2026 7:26:23 AM, FileAttributes: D, AllocationSize: 8,192, EndOfFile: 8,192","BUFFER OVERFLOW"
"2:08:07.0200836 PM","python.exe","35508","CloseFile","C:\Users\jimpames\Desktop\FESv8-algebraic\migration_toolkit\skeleton_engine","","SUCCESS"
"2:08:07.0214458 PM","python.exe","35508","CreateFile","C:\Users\jimpames\Desktop\FESv8-algebraic\migration_toolkit\skeleton_engine","Desired Access: Read Attributes, Synchronize, Disposition: Open, Options: Synchronous IO Non-Alert, Attributes: n/a, ShareMode: None, AllocationSize: n/a, OpenResult: Opened","SUCCESS"
"2:08:07.0214675 PM","python.exe","35508","QueryInformationVolume","C:\Users\jimpames\Desktop\FESv8-algebraic\migration_toolkit\skeleton_engine","VolumeCreationTime: 5/30/2024 3:01:34 PM, VolumeSerialNumber: 66CA-DF9F, SupportsObjects: True, VolumeLabel: Winጷ","BUFFER OVERFLOW"
"2:08:07.0214768 PM","python.exe","35508","QueryAllInformationFile","C:\Users\jimpames\Desktop\FESv8-algebraic\migration_toolkit\skeleton_engine","CreationTime: 6/6/2026 6:32:24 AM, LastAccessTime: 6/7/2026 2:08:06 PM, LastWriteTime: 6/6/2026 7:26:23 AM, ChangeTime: 6/6/2026 7:26:23 AM, FileAttributes: D, AllocationSize: 8,192, EndOfFile: 8,192","BUFFER OVERFLOW"
"2:08:07.0214878 PM","python.exe","35508","CloseFile","C:\Users\jimpames\Desktop\FESv8-algebraic\migration_toolkit\skeleton_engine","","SUCCESS"
"2:08:07.0257301 PM","python.exe","35508","CreateFile","C:\Users\jimpames\Desktop\FESv8-algebraic\migration_toolkit\skeleton_engine","Desired Access: Read Attributes, Synchronize, Disposition: Open, Options: Synchronous IO Non-Alert, Attributes: n/a, ShareMode: None, AllocationSize: n/a, OpenResult: Opened","SUCCESS"
"2:08:07.0257617 PM","python.exe","35508","QueryInformationVolume","C:\Users\jimpames\Desktop\FESv8-algebraic\migration_toolkit\skeleton_engine","VolumeCreationTime: 5/30/2024 3:01:34 PM, VolumeSerialNumber: 66CA-DF9F, SupportsObjects: True, VolumeLabel: Winხ","BUFFER OVERFLOW"
"2:08:07.0257767 PM","python.exe","35508","QueryAllInformationFile","C:\Users\jimpames\Desktop\FESv8-algebraic\migration_toolkit\skeleton_engine","CreationTime: 6/6/2026 6:32:24 AM, LastAccessTime: 6/7/2026 2:08:06 PM, LastWriteTime: 6/6/2026 7:26:23 AM, ChangeTime: 6/6/2026 7:26:23 AM, FileAttributes: D, AllocationSize: 8,192, EndOfFile: 8,192","BUFFER OVERFLOW"
"2:08:07.0257925 PM","python.exe","35508","CloseFile","C:\Users\jimpames\Desktop\FESv8-algebraic\migration_toolkit\skeleton_engine","","SUCCESS"
"2:08:07.0279601 PM","python.exe","35508","CreateFile","C:\Users\jimpames\Desktop\FESv8-algebraic\migration_toolkit\skeleton_engine","Desired Access: Read Attributes, Synchronize, Disposition: Open, Options: Synchronous IO Non-Alert, Attributes: n/a, ShareMode: None, AllocationSize: n/a, OpenResult: Opened","SUCCESS"
"2:08:07.0280108 PM","python.exe","35508","QueryInformationVolume","C:\Users\jimpames\Desktop\FESv8-algebraic\migration_toolkit\skeleton_engine","VolumeCreationTime: 5/30/2024 3:01:34 PM, VolumeSerialNumber: 66CA-DF9F, SupportsObjects: True, VolumeLabel: Winხ","BUFFER OVERFLOW"
"2:08:07.0280273 PM","python.exe","35508","QueryAllInformationFile","C:\Users\jimpames\Desktop\FESv8-algebraic\migration_toolkit\skeleton_engine","CreationTime: 6/6/2026 6:32:24 AM, LastAccessTime: 6/7/2026 2:08:06 PM, LastWriteTime: 6/6/2026 7:26:23 AM, ChangeTime: 6/6/2026 7:26:23 AM, FileAttributes: D, AllocationSize: 8,192, EndOfFile: 8,192","BUFFER OVERFLOW"
"2:08:07.0280432 PM","python.exe","35508","CloseFile","C:\Users\jimpames\Desktop\FESv8-algebraic\migration_toolkit\skeleton_engine","","SUCCESS"
"2:08:07.0296151 PM","python.exe","35508","CreateFile","C:\Users\jimpames\Desktop\FESv8-algebraic\migration_toolkit\skeleton_engine","Desired Access: Read Attributes, Synchronize, Disposition: Open, Options: Synchronous IO Non-Alert, Attributes: n/a, ShareMode: None, AllocationSize: n/a, OpenResult: Opened","SUCCESS"
"2:08:07.0296437 PM","python.exe","35508","QueryInformationVolume","C:\Users\jimpames\Desktop\FESv8-algebraic\migration_toolkit\skeleton_engine","VolumeCreationTime: 5/30/2024 3:01:34 PM, VolumeSerialNumber: 66CA-DF9F, SupportsObjects: True, VolumeLabel: Winጷ","BUFFER OVERFLOW"
"2:08:07.0296541 PM","python.exe","35508","QueryAllInformationFile","C:\Users\jimpames\Desktop\FESv8-algebraic\migration_toolkit\skeleton_engine","CreationTime: 6/6/2026 6:32:24 AM, LastAccessTime: 6/7/2026 2:08:06 PM, LastWriteTime: 6/6/2026 7:26:23 AM, ChangeTime: 6/6/2026 7:26:23 AM, FileAttributes: D, AllocationSize: 8,192, EndOfFile: 8,192","BUFFER OVERFLOW"
"2:08:07.0296657 PM","python.exe","35508","CloseFile","C:\Users\jimpames\Desktop\FESv8-algebraic\migration_toolkit\skeleton_engine","","SUCCESS"
"2:08:07.0309671 PM","python.exe","35508","CreateFile","C:\Users\jimpames\Desktop\FESv8-algebraic\migration_toolkit\skeleton_engine","Desired Access: Read Attributes, Synchronize, Disposition: Open, Options: Synchronous IO Non-Alert, Attributes: n/a, ShareMode: None, AllocationSize: n/a, OpenResult: Opened","SUCCESS"
"2:08:07.0309872 PM","python.exe","35508","QueryInformationVolume","C:\Users\jimpames\Desktop\FESv8-algebraic\migration_toolkit\skeleton_engine","VolumeCreationTime: 5/30/2024 3:01:34 PM, VolumeSerialNumber: 66CA-DF9F, SupportsObjects: True, VolumeLabel: Winጷ","BUFFER OVERFLOW"
"2:08:07.0309976 PM","python.exe","35508","QueryAllInformationFile","C:\Users\jimpames\Desktop\FESv8-algebraic\migration_toolkit\skeleton_engine","CreationTime: 6/6/2026 6:32:24 AM, LastAccessTime: 6/7/2026 2:08:06 PM, LastWriteTime: 6/6/2026 7:26:23 AM, ChangeTime: 6/6/2026 7:26:23 AM, FileAttributes: D, AllocationSize: 8,192, EndOfFile: 8,192","BUFFER OVERFLOW"
"2:08:07.0310137 PM","python.exe","35508","CloseFile","C:\Users\jimpames\Desktop\FESv8-algebraic\migration_toolkit\skeleton_engine","","SUCCESS"
"2:08:07.0325369 PM","python.exe","35508","CreateFile","C:\Users\jimpames\Desktop\FESv8-algebraic\migration_toolkit\skeleton_engine","Desired Access: Read Attributes, Synchronize, Disposition: Open, Options: Synchronous IO Non-Alert, Attributes: n/a, ShareMode: None, AllocationSize: n/a, OpenResult: Opened","SUCCESS"
"2:08:07.0325642 PM","python.exe","35508","QueryInformationVolume","C:\Users\jimpames\Desktop\FESv8-algebraic\migration_toolkit\skeleton_engine","VolumeCreationTime: 5/30/2024 3:01:34 PM, VolumeSerialNumber: 66CA-DF9F, SupportsObjects: True, VolumeLabel: Winጷ","BUFFER OVERFLOW"
"2:08:07.0325753 PM","python.exe","35508","QueryAllInformationFile","C:\Users\jimpames\Desktop\FESv8-algebraic\migration_toolkit\skeleton_engine","CreationTime: 6/6/2026 6:32:24 AM, LastAccessTime: 6/7/2026 2:08:06 PM, LastWriteTime: 6/6/2026 7:26:23 AM, ChangeTime: 6/6/2026 7:26:23 AM, FileAttributes: D, AllocationSize: 8,192, EndOfFile: 8,192","BUFFER OVERFLOW"
"2:08:07.0325877 PM","python.exe","35508","CloseFile","C:\Users\jimpames\Desktop\FESv8-algebraic\migration_toolkit\skeleton_engine","","SUCCESS"
"2:08:07.0340986 PM","python.exe","35508","CreateFile","C:\Users\jimpames\Desktop\FESv8-algebraic\migration_toolkit\skeleton_engine","Desired Access: Read Attributes, Synchronize, Disposition: Open, Options: Synchronous IO Non-Alert, Attributes: n/a, ShareMode: None, AllocationSize: n/a, OpenResult: Opened","SUCCESS"
"2:08:07.0341225 PM","python.exe","35508","QueryInformationVolume","C:\Users\jimpames\Desktop\FESv8-algebraic\migration_toolkit\skeleton_engine","VolumeCreationTime: 5/30/2024 3:01:34 PM, VolumeSerialNumber: 66CA-DF9F, SupportsObjects: True, VolumeLabel: Winხ","BUFFER OVERFLOW"
"2:08:07.0341337 PM","python.exe","35508","QueryAllInformationFile","C:\Users\jimpames\Desktop\FESv8-algebraic\migration_toolkit\skeleton_engine","CreationTime: 6/6/2026 6:32:24 AM, LastAccessTime: 6/7/2026 2:08:06 PM, LastWriteTime: 6/6/2026 7:26:23 AM, ChangeTime: 6/6/2026 7:26:23 AM, FileAttributes: D, AllocationSize: 8,192, EndOfFile: 8,192","BUFFER OVERFLOW"
"2:08:07.0341455 PM","python.exe","35508","CloseFile","C:\Users\jimpames\Desktop\FESv8-algebraic\migration_toolkit\skeleton_engine","","SUCCESS"
"2:08:07.0352574 PM","python.exe","35508","CreateFile","C:\Users\jimpames\Desktop\FESv8-algebraic\migration_toolkit\skeleton_engine","Desired Access: Read Attributes, Synchronize, Disposition: Open, Options: Synchronous IO Non-Alert, Attributes: n/a, ShareMode: None, AllocationSize: n/a, OpenResult: Opened","SUCCESS"
"2:08:07.0352877 PM","python.exe","35508","QueryInformationVolume","C:\Users\jimpames\Desktop\FESv8-algebraic\migration_toolkit\skeleton_engine","VolumeCreationTime: 5/30/2024 3:01:34 PM, VolumeSerialNumber: 66CA-DF9F, SupportsObjects: True, VolumeLabel: Winხ","BUFFER OVERFLOW"
"2:08:07.0353044 PM","python.exe","35508","QueryAllInformationFile","C:\Users\jimpames\Desktop\FESv8-algebraic\migration_toolkit\skeleton_engine","CreationTime: 6/6/2026 6:32:24 AM, LastAccessTime: 6/7/2026 2:08:06 PM, LastWriteTime: 6/6/2026 7:26:23 AM, ChangeTime: 6/6/2026 7:26:23 AM, FileAttributes: D, AllocationSize: 8,192, EndOfFile: 8,192","BUFFER OVERFLOW"
"2:08:07.0353231 PM","python.exe","35508","CloseFile","C:\Users\jimpames\Desktop\FESv8-algebraic\migration_toolkit\skeleton_engine","","SUCCESS"
"2:08:07.1058266 PM","python.exe","35508","CreateFile","C:\Users\jimpames\Desktop\FESv8-algebraic\migration_toolkit","Desired Access: Read Attributes, Disposition: Open, Options: Open Reparse Point, Attributes: n/a, ShareMode: Read, Write, Delete, AllocationSize: n/a, OpenResult: Opened","SUCCESS"
"2:08:07.1058392 PM","python.exe","35508","QueryBasicInformationFile","C:\Users\jimpames\Desktop\FESv8-algebraic\migration_toolkit","CreationTime: 6/6/2026 6:32:22 AM, LastAccessTime: 6/7/2026 2:08:07 PM, LastWriteTime: 6/6/2026 7:26:22 AM, ChangeTime: 6/6/2026 7:26:22 AM, FileAttributes: D","SUCCESS"
"2:08:07.1058452 PM","python.exe","35508","CloseFile","C:\Users\jimpames\Desktop\FESv8-algebraic\migration_toolkit","","SUCCESS"
"2:08:07.1128088 PM","python.exe","23716","CreateFile","C:\Users\jimpames\Desktop\FESv8-algebraic\migration_toolkit","Desired Access: Execute/Traverse, Synchronize, Disposition: Open, Options: Directory, Synchronous IO Non-Alert, Attributes: n/a, ShareMode: Read, Write, AllocationSize: n/a, OpenResult: Opened","SUCCESS"
"2:08:07.1248286 PM","python.exe","51656","CreateFile","C:\Users\jimpames\Desktop\FESv8-algebraic\migration_toolkit","Desired Access: Execute/Traverse, Synchronize, Disposition: Open, Options: Directory, Synchronous IO Non-Alert, Attributes: n/a, ShareMode: Read, Write, AllocationSize: n/a, OpenResult: Opened","SUCCESS"
"2:08:07.1664436 PM","python.exe","51656","CreateFile","C:\Users\jimpames\Desktop\FESv8-algebraic\migration_toolkit\sonicwall_parser","Desired Access: Read Attributes, Synchronize, Disposition: Open, Options: Synchronous IO Non-Alert, Attributes: n/a, ShareMode: None, AllocationSize: n/a, OpenResult: Opened","SUCCESS"
"2:08:07.1664693 PM","python.exe","51656","QueryInformationVolume","C:\Users\jimpames\Desktop\FESv8-algebraic\migration_toolkit\sonicwall_parser","VolumeCreationTime: 5/30/2024 3:01:34 PM, VolumeSerialNumber: 66CA-DF9F, SupportsObjects: True, VolumeLabel: Winጹ","BUFFER OVERFLOW"
"2:08:07.1664796 PM","python.exe","51656","QueryAllInformationFile","C:\Users\jimpames\Desktop\FESv8-algebraic\migration_toolkit\sonicwall_parser","CreationTime: 6/6/2026 6:32:24 AM, LastAccessTime: 6/7/2026 2:08:07 PM, LastWriteTime: 6/6/2026 7:26:23 AM, ChangeTime: 6/6/2026 7:26:23 AM, FileAttributes: D, AllocationSize: 4,096, EndOfFile: 4,096","BUFFER OVERFLOW"
"2:08:07.1664900 PM","python.exe","51656","CloseFile","C:\Users\jimpames\Desktop\FESv8-algebraic\migration_toolkit\sonicwall_parser","","SUCCESS"
"2:08:07.1665595 PM","python.exe","51656","CreateFile","C:\Users\jimpames\Desktop\FESv8-algebraic\migration_toolkit\sonicwall_parser","Desired Access: Read Attributes, Synchronize, Disposition: Open, Options: Synchronous IO Non-Alert, Attributes: n/a, ShareMode: None, AllocationSize: n/a, OpenResult: Opened","SUCCESS"
"2:08:07.1665741 PM","python.exe","51656","QueryInformationVolume","C:\Users\jimpames\Desktop\FESv8-algebraic\migration_toolkit\sonicwall_parser","VolumeCreationTime: 5/30/2024 3:01:34 PM, VolumeSerialNumber: 66CA-DF9F, SupportsObjects: True, VolumeLabel: Winხ","BUFFER OVERFLOW"
"2:08:07.1665818 PM","python.exe","51656","QueryAllInformationFile","C:\Users\jimpames\Desktop\FESv8-algebraic\migration_toolkit\sonicwall_parser","CreationTime: 6/6/2026 6:32:24 AM, LastAccessTime: 6/7/2026 2:08:07 PM, LastWriteTime: 6/6/2026 7:26:23 AM, ChangeTime: 6/6/2026 7:26:23 AM, FileAttributes: D, AllocationSize: 4,096, EndOfFile: 4,096","BUFFER OVERFLOW"
"2:08:07.1665902 PM","python.exe","51656","CloseFile","C:\Users\jimpames\Desktop\FESv8-algebraic\migration_toolkit\sonicwall_parser","","SUCCESS"
"2:08:07.1666550 PM","python.exe","51656","CreateFile","C:\Users\jimpames\Desktop\FESv8-algebraic\migration_toolkit\sonicwall_parser","Desired Access: Read Attributes, Synchronize, Disposition: Open, Options: Synchronous IO Non-Alert, Attributes: n/a, ShareMode: None, AllocationSize: n/a, OpenResult: Opened","SUCCESS"
"2:08:07.1666664 PM","python.exe","51656","QueryInformationVolume","C:\Users\jimpames\Desktop\FESv8-algebraic\migration_toolkit\sonicwall_parser","VolumeCreationTime: 5/30/2024 3:01:34 PM, VolumeSerialNumber: 66CA-DF9F, SupportsObjects: True, VolumeLabel: Winጹ","BUFFER OVERFLOW"
"2:08:07.1666728 PM","python.exe","51656","QueryAllInformationFile","C:\Users\jimpames\Desktop\FESv8-algebraic\migration_toolkit\sonicwall_parser","CreationTime: 6/6/2026 6:32:24 AM, LastAccessTime: 6/7/2026 2:08:07 PM, LastWriteTime: 6/6/2026 7:26:23 AM, ChangeTime: 6/6/2026 7:26:23 AM, FileAttributes: D, AllocationSize: 4,096, EndOfFile: 4,096","BUFFER OVERFLOW"
"2:08:07.1666802 PM","python.exe","51656","CloseFile","C:\Users\jimpames\Desktop\FESv8-algebraic\migration_toolkit\sonicwall_parser","","SUCCESS"
"2:08:07.1667346 PM","python.exe","51656","CreateFile","C:\Users\jimpames\Desktop\FESv8-algebraic\migration_toolkit\sonicwall_parser","Desired Access: Read Data/List Directory, Synchronize, Disposition: Open, Options: Directory, Synchronous IO Non-Alert, Attributes: n/a, ShareMode: Read, Write, Delete, AllocationSize: n/a, OpenResult: Opened","SUCCESS"
"2:08:07.1667738 PM","python.exe","51656","QueryDirectory","C:\Users\jimpames\Desktop\FESv8-algebraic\migration_toolkit\sonicwall_parser","FileInformationClass: FileBothDirectoryInformation, 1: .., 2: builtin_objects.ini, 3: filtered, 4: input, 5: output, 6: parser_config.ini","SUCCESS"
"2:08:07.1667973 PM","python.exe","51656","QueryDirectory","C:\Users\jimpames\Desktop\FESv8-algebraic\migration_toolkit\sonicwall_parser","FileInformationClass: FileBothDirectoryInformation","NO MORE FILES"
"2:08:07.1668256 PM","python.exe","51656","CloseFile","C:\Users\jimpames\Desktop\FESv8-algebraic\migration_toolkit\sonicwall_parser","","SUCCESS"
"2:08:07.1678624 PM","python.exe","51656","CreateFile","C:\Users\jimpames\Desktop\FESv8-algebraic\migration_toolkit\sonicwall_parser","Desired Access: Read Attributes, Synchronize, Disposition: Open, Options: Synchronous IO Non-Alert, Attributes: n/a, ShareMode: None, AllocationSize: n/a, OpenResult: Opened","SUCCESS"
"2:08:07.1678833 PM","python.exe","51656","QueryInformationVolume","C:\Users\jimpames\Desktop\FESv8-algebraic\migration_toolkit\sonicwall_parser","VolumeCreationTime: 5/30/2024 3:01:34 PM, VolumeSerialNumber: 66CA-DF9F, SupportsObjects: True, VolumeLabel: Winጹ","BUFFER OVERFLOW"
"2:08:07.1678901 PM","python.exe","51656","QueryAllInformationFile","C:\Users\jimpames\Desktop\FESv8-algebraic\migration_toolkit\sonicwall_parser","CreationTime: 6/6/2026 6:32:24 AM, LastAccessTime: 6/7/2026 2:08:07 PM, LastWriteTime: 6/6/2026 7:26:23 AM, ChangeTime: 6/6/2026 7:26:23 AM, FileAttributes: D, AllocationSize: 4,096, EndOfFile: 4,096","BUFFER OVERFLOW"
"2:08:07.1678984 PM","python.exe","51656","CloseFile","C:\Users\jimpames\Desktop\FESv8-algebraic\migration_toolkit\sonicwall_parser","","SUCCESS"
"2:08:07.1688964 PM","python.exe","51656","CreateFile","C:\Users\jimpames\Desktop\FESv8-algebraic\migration_toolkit\sonicwall_parser","Desired Access: Read Attributes, Synchronize, Disposition: Open, Options: Synchronous IO Non-Alert, Attributes: n/a, ShareMode: None, AllocationSize: n/a, OpenResult: Opened","SUCCESS"
"2:08:07.1689158 PM","python.exe","51656","QueryInformationVolume","C:\Users\jimpames\Desktop\FESv8-algebraic\migration_toolkit\sonicwall_parser","VolumeCreationTime: 5/30/2024 3:01:34 PM, VolumeSerialNumber: 66CA-DF9F, SupportsObjects: True, VolumeLabel: Winხ","BUFFER OVERFLOW"
"2:08:07.1689245 PM","python.exe","51656","QueryAllInformationFile","C:\Users\jimpames\Desktop\FESv8-algebraic\migration_toolkit\sonicwall_parser","CreationTime: 6/6/2026 6:32:24 AM, LastAccessTime: 6/7/2026 2:08:07 PM, LastWriteTime: 6/6/2026 7:26:23 AM, ChangeTime: 6/6/2026 7:26:23 AM, FileAttributes: D, AllocationSize: 4,096, EndOfFile: 4,096","BUFFER OVERFLOW"
"2:08:07.1689346 PM","python.exe","51656","CloseFile","C:\Users\jimpames\Desktop\FESv8-algebraic\migration_toolkit\sonicwall_parser","","SUCCESS"
"2:08:07.1700656 PM","python.exe","51656","CreateFile","C:\Users\jimpames\Desktop\FESv8-algebraic\migration_toolkit\sonicwall_parser","Desired Access: Read Attributes, Synchronize, Disposition: Open, Options: Synchronous IO Non-Alert, Attributes: n/a, ShareMode: None, AllocationSize: n/a, OpenResult: Opened","SUCCESS"
"2:08:07.1700954 PM","python.exe","51656","QueryInformationVolume","C:\Users\jimpames\Desktop\FESv8-algebraic\migration_toolkit\sonicwall_parser","VolumeCreationTime: 5/30/2024 3:01:34 PM, VolumeSerialNumber: 66CA-DF9F, SupportsObjects: True, VolumeLabel: Winხ","BUFFER OVERFLOW"
"2:08:07.1701103 PM","python.exe","51656","QueryAllInformationFile","C:\Users\jimpames\Desktop\FESv8-algebraic\migration_toolkit\sonicwall_parser","CreationTime: 6/6/2026 6:32:24 AM, LastAccessTime: 6/7/2026 2:08:07 PM, LastWriteTime: 6/6/2026 7:26:23 AM, ChangeTime: 6/6/2026 7:26:23 AM, FileAttributes: D, AllocationSize: 4,096, EndOfFile: 4,096","BUFFER OVERFLOW"
"2:08:07.1701252 PM","python.exe","51656","CloseFile","C:\Users\jimpames\Desktop\FESv8-algebraic\migration_toolkit\sonicwall_parser","","SUCCESS"
"2:08:07.1712322 PM","python.exe","51656","CreateFile","C:\Users\jimpames\Desktop\FESv8-algebraic\migration_toolkit\sonicwall_parser","Desired Access: Read Attributes, Synchronize, Disposition: Open, Options: Synchronous IO Non-Alert, Attributes: n/a, ShareMode: None, AllocationSize: n/a, OpenResult: Opened","SUCCESS"
"2:08:07.1712540 PM","python.exe","51656","QueryInformationVolume","C:\Users\jimpames\Desktop\FESv8-algebraic\migration_toolkit\sonicwall_parser","VolumeCreationTime: 5/30/2024 3:01:34 PM, VolumeSerialNumber: 66CA-DF9F, SupportsObjects: True, VolumeLabel: Winጹ","BUFFER OVERFLOW"
"2:08:07.1712653 PM","python.exe","51656","QueryAllInformationFile","C:\Users\jimpames\Desktop\FESv8-algebraic\migration_toolkit\sonicwall_parser","CreationTime: 6/6/2026 6:32:24 AM, LastAccessTime: 6/7/2026 2:08:07 PM, LastWriteTime: 6/6/2026 7:26:23 AM, ChangeTime: 6/6/2026 7:26:23 AM, FileAttributes: D, AllocationSize: 4,096, EndOfFile: 4,096","BUFFER OVERFLOW"
"2:08:07.1712780 PM","python.exe","51656","CloseFile","C:\Users\jimpames\Desktop\FESv8-algebraic\migration_toolkit\sonicwall_parser","","SUCCESS"
"2:08:07.1731367 PM","python.exe","51656","CreateFile","C:\Users\jimpames\Desktop\FESv8-algebraic\migration_toolkit\sonicwall_parser","Desired Access: Read Attributes, Synchronize, Disposition: Open, Options: Synchronous IO Non-Alert, Attributes: n/a, ShareMode: None, AllocationSize: n/a, OpenResult: Opened","SUCCESS"
"2:08:07.1731626 PM","python.exe","51656","QueryInformationVolume","C:\Users\jimpames\Desktop\FESv8-algebraic\migration_toolkit\sonicwall_parser","VolumeCreationTime: 5/30/2024 3:01:34 PM, VolumeSerialNumber: 66CA-DF9F, SupportsObjects: True, VolumeLabel: Winጹ","BUFFER OVERFLOW"
"2:08:07.1731750 PM","python.exe","51656","QueryAllInformationFile","C:\Users\jimpames\Desktop\FESv8-algebraic\migration_toolkit\sonicwall_parser","CreationTime: 6/6/2026 6:32:24 AM, LastAccessTime: 6/7/2026 2:08:07 PM, LastWriteTime: 6/6/2026 7:26:23 AM, ChangeTime: 6/6/2026 7:26:23 AM, FileAttributes: D, AllocationSize: 4,096, EndOfFile: 4,096","BUFFER OVERFLOW"
"2:08:07.1731896 PM","python.exe","51656","CloseFile","C:\Users\jimpames\Desktop\FESv8-algebraic\migration_toolkit\sonicwall_parser","","SUCCESS"
"2:08:07.1745055 PM","python.exe","51656","CreateFile","C:\Users\jimpames\Desktop\FESv8-algebraic\migration_toolkit\sonicwall_parser","Desired Access: Read Attributes, Synchronize, Disposition: Open, Options: Synchronous IO Non-Alert, Attributes: n/a, ShareMode: None, AllocationSize: n/a, OpenResult: Opened","SUCCESS"
"2:08:07.1745308 PM","python.exe","51656","QueryInformationVolume","C:\Users\jimpames\Desktop\FESv8-algebraic\migration_toolkit\sonicwall_parser","VolumeCreationTime: 5/30/2024 3:01:34 PM, VolumeSerialNumber: 66CA-DF9F, SupportsObjects: True, VolumeLabel: Winጹ","BUFFER OVERFLOW"
"2:08:07.1745432 PM","python.exe","51656","QueryAllInformationFile","C:\Users\jimpames\Desktop\FESv8-algebraic\migration_toolkit\sonicwall_parser","CreationTime: 6/6/2026 6:32:24 AM, LastAccessTime: 6/7/2026 2:08:07 PM, LastWriteTime: 6/6/2026 7:26:23 AM, ChangeTime: 6/6/2026 7:26:23 AM, FileAttributes: D, AllocationSize: 4,096, EndOfFile: 4,096","BUFFER OVERFLOW"
"2:08:07.1745621 PM","python.exe","51656","CloseFile","C:\Users\jimpames\Desktop\FESv8-algebraic\migration_toolkit\sonicwall_parser","","SUCCESS"
"2:08:07.1758392 PM","python.exe","51656","CreateFile","C:\Users\jimpames\Desktop\FESv8-algebraic\migration_toolkit\sonicwall_parser","Desired Access: Read Attributes, Synchronize, Disposition: Open, Options: Synchronous IO Non-Alert, Attributes: n/a, ShareMode: None, AllocationSize: n/a, OpenResult: Opened","SUCCESS"
"2:08:07.1758634 PM","python.exe","51656","QueryInformationVolume","C:\Users\jimpames\Desktop\FESv8-algebraic\migration_toolkit\sonicwall_parser","VolumeCreationTime: 5/30/2024 3:01:34 PM, VolumeSerialNumber: 66CA-DF9F, SupportsObjects: True, VolumeLabel: Winጹ","BUFFER OVERFLOW"
"2:08:07.1758760 PM","python.exe","51656","QueryAllInformationFile","C:\Users\jimpames\Desktop\FESv8-algebraic\migration_toolkit\sonicwall_parser","CreationTime: 6/6/2026 6:32:24 AM, LastAccessTime: 6/7/2026 2:08:07 PM, LastWriteTime: 6/6/2026 7:26:23 AM, ChangeTime: 6/6/2026 7:26:23 AM, FileAttributes: D, AllocationSize: 4,096, EndOfFile: 4,096","BUFFER OVERFLOW"
"2:08:07.1758900 PM","python.exe","51656","CloseFile","C:\Users\jimpames\Desktop\FESv8-algebraic\migration_toolkit\sonicwall_parser","","SUCCESS"
"2:08:07.1776419 PM","python.exe","51656","CreateFile","C:\Users\jimpames\Desktop\FESv8-algebraic\migration_toolkit\sonicwall_parser","Desired Access: Read Attributes, Synchronize, Disposition: Open, Options: Synchronous IO Non-Alert, Attributes: n/a, ShareMode: None, AllocationSize: n/a, OpenResult: Opened","SUCCESS"
"2:08:07.1776663 PM","python.exe","51656","QueryInformationVolume","C:\Users\jimpames\Desktop\FESv8-algebraic\migration_toolkit\sonicwall_parser","VolumeCreationTime: 5/30/2024 3:01:34 PM, VolumeSerialNumber: 66CA-DF9F, SupportsObjects: True, VolumeLabel: Winხ","BUFFER OVERFLOW"
"2:08:07.1776771 PM","python.exe","51656","QueryAllInformationFile","C:\Users\jimpames\Desktop\FESv8-algebraic\migration_toolkit\sonicwall_parser","CreationTime: 6/6/2026 6:32:24 AM, LastAccessTime: 6/7/2026 2:08:07 PM, LastWriteTime: 6/6/2026 7:26:23 AM, ChangeTime: 6/6/2026 7:26:23 AM, FileAttributes: D, AllocationSize: 4,096, EndOfFile: 4,096","BUFFER OVERFLOW"
"2:08:07.1776890 PM","python.exe","51656","CloseFile","C:\Users\jimpames\Desktop\FESv8-algebraic\migration_toolkit\sonicwall_parser","","SUCCESS"
"2:08:07.1789976 PM","python.exe","51656","CreateFile","C:\Users\jimpames\Desktop\FESv8-algebraic\migration_toolkit\sonicwall_parser","Desired Access: Read Attributes, Synchronize, Disposition: Open, Options: Synchronous IO Non-Alert, Attributes: n/a, ShareMode: None, AllocationSize: n/a, OpenResult: Opened","SUCCESS"
"2:08:07.1790297 PM","python.exe","51656","QueryInformationVolume","C:\Users\jimpames\Desktop\FESv8-algebraic\migration_toolkit\sonicwall_parser","VolumeCreationTime: 5/30/2024 3:01:34 PM, VolumeSerialNumber: 66CA-DF9F, SupportsObjects: True, VolumeLabel: Winხ","BUFFER OVERFLOW"
"2:08:07.1790486 PM","python.exe","51656","QueryAllInformationFile","C:\Users\jimpames\Desktop\FESv8-algebraic\migration_toolkit\sonicwall_parser","CreationTime: 6/6/2026 6:32:24 AM, LastAccessTime: 6/7/2026 2:08:07 PM, LastWriteTime: 6/6/2026 7:26:23 AM, ChangeTime: 6/6/2026 7:26:23 AM, FileAttributes: D, AllocationSize: 4,096, EndOfFile: 4,096","BUFFER OVERFLOW"
"2:08:07.1790684 PM","python.exe","51656","CloseFile","C:\Users\jimpames\Desktop\FESv8-algebraic\migration_toolkit\sonicwall_parser","","SUCCESS"
"2:08:07.1811861 PM","python.exe","51656","CreateFile","C:\Users\jimpames\Desktop\FESv8-algebraic\migration_toolkit\sonicwall_parser","Desired Access: Read Attributes, Synchronize, Disposition: Open, Options: Synchronous IO Non-Alert, Attributes: n/a, ShareMode: None, AllocationSize: n/a, OpenResult: Opened","SUCCESS"
"2:08:07.1812243 PM","python.exe","51656","QueryInformationVolume","C:\Users\jimpames\Desktop\FESv8-algebraic\migration_toolkit\sonicwall_parser","VolumeCreationTime: 5/30/2024 3:01:34 PM, VolumeSerialNumber: 66CA-DF9F, SupportsObjects: True, VolumeLabel: Winጹ","BUFFER OVERFLOW"
"2:08:07.1812443 PM","python.exe","51656","QueryAllInformationFile","C:\Users\jimpames\Desktop\FESv8-algebraic\migration_toolkit\sonicwall_parser","CreationTime: 6/6/2026 6:32:24 AM, LastAccessTime: 6/7/2026 2:08:07 PM, LastWriteTime: 6/6/2026 7:26:23 AM, ChangeTime: 6/6/2026 7:26:23 AM, FileAttributes: D, AllocationSize: 4,096, EndOfFile: 4,096","BUFFER OVERFLOW"
"2:08:07.1812650 PM","python.exe","51656","CloseFile","C:\Users\jimpames\Desktop\FESv8-algebraic\migration_toolkit\sonicwall_parser","","SUCCESS"
"2:08:07.1826644 PM","python.exe","51656","CreateFile","C:\Users\jimpames\Desktop\FESv8-algebraic\migration_toolkit\sonicwall_parser","Desired Access: Read Attributes, Synchronize, Disposition: Open, Options: Synchronous IO Non-Alert, Attributes: n/a, ShareMode: None, AllocationSize: n/a, OpenResult: Opened","SUCCESS"
"2:08:07.1826899 PM","python.exe","51656","QueryInformationVolume","C:\Users\jimpames\Desktop\FESv8-algebraic\migration_toolkit\sonicwall_parser","VolumeCreationTime: 5/30/2024 3:01:34 PM, VolumeSerialNumber: 66CA-DF9F, SupportsObjects: True, VolumeLabel: Winጹ","BUFFER OVERFLOW"
"2:08:07.1827021 PM","python.exe","51656","QueryAllInformationFile","C:\Users\jimpames\Desktop\FESv8-algebraic\migration_toolkit\sonicwall_parser","CreationTime: 6/6/2026 6:32:24 AM, LastAccessTime: 6/7/2026 2:08:07 PM, LastWriteTime: 6/6/2026 7:26:23 AM, ChangeTime: 6/6/2026 7:26:23 AM, FileAttributes: D, AllocationSize: 4,096, EndOfFile: 4,096","BUFFER OVERFLOW"
"2:08:07.1827157 PM","python.exe","51656","CloseFile","C:\Users\jimpames\Desktop\FESv8-algebraic\migration_toolkit\sonicwall_parser","","SUCCESS"
"2:08:07.1840065 PM","python.exe","51656","CreateFile","C:\Users\jimpames\Desktop\FESv8-algebraic\migration_toolkit\sonicwall_parser","Desired Access: Read Attributes, Synchronize, Disposition: Open, Options: Synchronous IO Non-Alert, Attributes: n/a, ShareMode: None, AllocationSize: n/a, OpenResult: Opened","SUCCESS"
"2:08:07.1840317 PM","python.exe","51656","QueryInformationVolume","C:\Users\jimpames\Desktop\FESv8-algebraic\migration_toolkit\sonicwall_parser","VolumeCreationTime: 5/30/2024 3:01:34 PM, VolumeSerialNumber: 66CA-DF9F, SupportsObjects: True, VolumeLabel: Winጹ","BUFFER OVERFLOW"
"2:08:07.1840503 PM","python.exe","51656","QueryAllInformationFile","C:\Users\jimpames\Desktop\FESv8-algebraic\migration_toolkit\sonicwall_parser","CreationTime: 6/6/2026 6:32:24 AM, LastAccessTime: 6/7/2026 2:08:07 PM, LastWriteTime: 6/6/2026 7:26:23 AM, ChangeTime: 6/6/2026 7:26:23 AM, FileAttributes: D, AllocationSize: 4,096, EndOfFile: 4,096","BUFFER OVERFLOW"
"2:08:07.1840646 PM","python.exe","51656","CloseFile","C:\Users\jimpames\Desktop\FESv8-algebraic\migration_toolkit\sonicwall_parser","","SUCCESS"
"2:08:07.1858653 PM","python.exe","51656","CreateFile","C:\Users\jimpames\Desktop\FESv8-algebraic\migration_toolkit\sonicwall_parser","Desired Access: Read Attributes, Synchronize, Disposition: Open, Options: Synchronous IO Non-Alert, Attributes: n/a, ShareMode: None, AllocationSize: n/a, OpenResult: Opened","SUCCESS"
"2:08:07.1858903 PM","python.exe","51656","QueryInformationVolume","C:\Users\jimpames\Desktop\FESv8-algebraic\migration_toolkit\sonicwall_parser","VolumeCreationTime: 5/30/2024 3:01:34 PM, VolumeSerialNumber: 66CA-DF9F, SupportsObjects: True, VolumeLabel: Winጹ","BUFFER OVERFLOW"
"2:08:07.1859022 PM","python.exe","51656","QueryAllInformationFile","C:\Users\jimpames\Desktop\FESv8-algebraic\migration_toolkit\sonicwall_parser","CreationTime: 6/6/2026 6:32:24 AM, LastAccessTime: 6/7/2026 2:08:07 PM, LastWriteTime: 6/6/2026 7:26:23 AM, ChangeTime: 6/6/2026 7:26:23 AM, FileAttributes: D, AllocationSize: 4,096, EndOfFile: 4,096","BUFFER OVERFLOW"
"2:08:07.1859143 PM","python.exe","51656","CloseFile","C:\Users\jimpames\Desktop\FESv8-algebraic\migration_toolkit\sonicwall_parser","","SUCCESS"
"2:08:07.1868990 PM","python.exe","51656","CreateFile","C:\Users\jimpames\Desktop\FESv8-algebraic\migration_toolkit\sonicwall_parser","Desired Access: Read Attributes, Synchronize, Disposition: Open, Options: Synchronous IO Non-Alert, Attributes: n/a, ShareMode: None, AllocationSize: n/a, OpenResult: Opened","SUCCESS"
"2:08:07.1869153 PM","python.exe","51656","QueryInformationVolume","C:\Users\jimpames\Desktop\FESv8-algebraic\migration_toolkit\sonicwall_parser","VolumeCreationTime: 5/30/2024 3:01:34 PM, VolumeSerialNumber: 66CA-DF9F, SupportsObjects: True, VolumeLabel: Winጹ","BUFFER OVERFLOW"
"2:08:07.1869234 PM","python.exe","51656","QueryAllInformationFile","C:\Users\jimpames\Desktop\FESv8-algebraic\migration_toolkit\sonicwall_parser","CreationTime: 6/6/2026 6:32:24 AM, LastAccessTime: 6/7/2026 2:08:07 PM, LastWriteTime: 6/6/2026 7:26:23 AM, ChangeTime: 6/6/2026 7:26:23 AM, FileAttributes: D, AllocationSize: 4,096, EndOfFile: 4,096","BUFFER OVERFLOW"
"2:08:07.1869324 PM","python.exe","51656","CloseFile","C:\Users\jimpames\Desktop\FESv8-algebraic\migration_toolkit\sonicwall_parser","","SUCCESS"
"2:08:07.1888584 PM","python.exe","51656","CreateFile","C:\Users\jimpames\Desktop\FESv8-algebraic\migration_toolkit\sonicwall_parser","Desired Access: Read Attributes, Synchronize, Disposition: Open, Options: Synchronous IO Non-Alert, Attributes: n/a, ShareMode: None, AllocationSize: n/a, OpenResult: Opened","SUCCESS"
"2:08:07.1888816 PM","python.exe","51656","QueryInformationVolume","C:\Users\jimpames\Desktop\FESv8-algebraic\migration_toolkit\sonicwall_parser","VolumeCreationTime: 5/30/2024 3:01:34 PM, VolumeSerialNumber: 66CA-DF9F, SupportsObjects: True, VolumeLabel: Winጹ","BUFFER OVERFLOW"
"2:08:07.1888914 PM","python.exe","51656","QueryAllInformationFile","C:\Users\jimpames\Desktop\FESv8-algebraic\migration_toolkit\sonicwall_parser","CreationTime: 6/6/2026 6:32:24 AM, LastAccessTime: 6/7/2026 2:08:07 PM, LastWriteTime: 6/6/2026 7:26:23 AM, ChangeTime: 6/6/2026 7:26:23 AM, FileAttributes: D, AllocationSize: 4,096, EndOfFile: 4,096","BUFFER OVERFLOW"
"2:08:07.1889042 PM","python.exe","51656","CloseFile","C:\Users\jimpames\Desktop\FESv8-algebraic\migration_toolkit\sonicwall_parser","","SUCCESS"
"2:08:07.1915199 PM","python.exe","51656","CreateFile","C:\Users\jimpames\Desktop\FESv8-algebraic\migration_toolkit\sonicwall_parser","Desired Access: Read Attributes, Synchronize, Disposition: Open, Options: Synchronous IO Non-Alert, Attributes: n/a, ShareMode: None, AllocationSize: n/a, OpenResult: Opened","SUCCESS"
"2:08:07.1915437 PM","python.exe","51656","QueryInformationVolume","C:\Users\jimpames\Desktop\FESv8-algebraic\migration_toolkit\sonicwall_parser","VolumeCreationTime: 5/30/2024 3:01:34 PM, VolumeSerialNumber: 66CA-DF9F, SupportsObjects: True, VolumeLabel: Winጹ","BUFFER OVERFLOW"
"2:08:07.1915530 PM","python.exe","51656","QueryAllInformationFile","C:\Users\jimpames\Desktop\FESv8-algebraic\migration_toolkit\sonicwall_parser","CreationTime: 6/6/2026 6:32:24 AM, LastAccessTime: 6/7/2026 2:08:07 PM, LastWriteTime: 6/6/2026 7:26:23 AM, ChangeTime: 6/6/2026 7:26:23 AM, FileAttributes: D, AllocationSize: 4,096, EndOfFile: 4,096","BUFFER OVERFLOW"
"2:08:07.1915637 PM","python.exe","51656","CloseFile","C:\Users\jimpames\Desktop\FESv8-algebraic\migration_toolkit\sonicwall_parser","","SUCCESS"
"2:08:07.1940893 PM","python.exe","51656","CreateFile","C:\Users\jimpames\Desktop\FESv8-algebraic\migration_toolkit\sonicwall_parser","Desired Access: Read Attributes, Synchronize, Disposition: Open, Options: Synchronous IO Non-Alert, Attributes: n/a, ShareMode: None, AllocationSize: n/a, OpenResult: Opened","SUCCESS"
"2:08:07.1941158 PM","python.exe","51656","QueryInformationVolume","C:\Users\jimpames\Desktop\FESv8-algebraic\migration_toolkit\sonicwall_parser","VolumeCreationTime: 5/30/2024 3:01:34 PM, VolumeSerialNumber: 66CA-DF9F, SupportsObjects: True, VolumeLabel: Winጹ","BUFFER OVERFLOW"
"2:08:07.1941263 PM","python.exe","51656","QueryAllInformationFile","C:\Users\jimpames\Desktop\FESv8-algebraic\migration_toolkit\sonicwall_parser","CreationTime: 6/6/2026 6:32:24 AM, LastAccessTime: 6/7/2026 2:08:07 PM, LastWriteTime: 6/6/2026 7:26:23 AM, ChangeTime: 6/6/2026 7:26:23 AM, FileAttributes: D, AllocationSize: 4,096, EndOfFile: 4,096","BUFFER OVERFLOW"
"2:08:07.1941381 PM","python.exe","51656","CloseFile","C:\Users\jimpames\Desktop\FESv8-algebraic\migration_toolkit\sonicwall_parser","","SUCCESS"
"2:08:07.1965553 PM","python.exe","51656","CreateFile","C:\Users\jimpames\Desktop\FESv8-algebraic\migration_toolkit\sonicwall_parser","Desired Access: Read Attributes, Synchronize, Disposition: Open, Options: Synchronous IO Non-Alert, Attributes: n/a, ShareMode: None, AllocationSize: n/a, OpenResult: Opened","SUCCESS"
"2:08:07.1965926 PM","python.exe","51656","QueryInformationVolume","C:\Users\jimpames\Desktop\FESv8-algebraic\migration_toolkit\sonicwall_parser","VolumeCreationTime: 5/30/2024 3:01:34 PM, VolumeSerialNumber: 66CA-DF9F, SupportsObjects: True, VolumeLabel: Winጹ","BUFFER OVERFLOW"
"2:08:07.1966162 PM","python.exe","51656","QueryAllInformationFile","C:\Users\jimpames\Desktop\FESv8-algebraic\migration_toolkit\sonicwall_parser","CreationTime: 6/6/2026 6:32:24 AM, LastAccessTime: 6/7/2026 2:08:07 PM, LastWriteTime: 6/6/2026 7:26:23 AM, ChangeTime: 6/6/2026 7:26:23 AM, FileAttributes: D, AllocationSize: 4,096, EndOfFile: 4,096","BUFFER OVERFLOW"
"2:08:07.1966319 PM","python.exe","51656","CloseFile","C:\Users\jimpames\Desktop\FESv8-algebraic\migration_toolkit\sonicwall_parser","","SUCCESS"
"2:08:07.2031673 PM","python.exe","51656","CreateFile","C:\Users\jimpames\Desktop\FESv8-algebraic\migration_toolkit\sonicwall_parser","Desired Access: Read Attributes, Synchronize, Disposition: Open, Options: Synchronous IO Non-Alert, Attributes: n/a, ShareMode: None, AllocationSize: n/a, OpenResult: Opened","SUCCESS"
"2:08:07.2031918 PM","python.exe","51656","QueryInformationVolume","C:\Users\jimpames\Desktop\FESv8-algebraic\migration_toolkit\sonicwall_parser","VolumeCreationTime: 5/30/2024 3:01:34 PM, VolumeSerialNumber: 66CA-DF9F, SupportsObjects: True, VolumeLabel: Winጹ","BUFFER OVERFLOW"
"2:08:07.2032015 PM","python.exe","51656","QueryAllInformationFile","C:\Users\jimpames\Desktop\FESv8-algebraic\migration_toolkit\sonicwall_parser","CreationTime: 6/6/2026 6:32:24 AM, LastAccessTime: 6/7/2026 2:08:07 PM, LastWriteTime: 6/6/2026 7:26:23 AM, ChangeTime: 6/6/2026 7:26:23 AM, FileAttributes: D, AllocationSize: 4,096, EndOfFile: 4,096","BUFFER OVERFLOW"
"2:08:07.2032132 PM","python.exe","51656","CloseFile","C:\Users\jimpames\Desktop\FESv8-algebraic\migration_toolkit\sonicwall_parser","","SUCCESS"
"2:08:07.2045075 PM","python.exe","51656","CreateFile","C:\Users\jimpames\Desktop\FESv8-algebraic\migration_toolkit\sonicwall_parser","Desired Access: Read Attributes, Synchronize, Disposition: Open, Options: Synchronous IO Non-Alert, Attributes: n/a, ShareMode: None, AllocationSize: n/a, OpenResult: Opened","SUCCESS"
"2:08:07.2045322 PM","python.exe","51656","QueryInformationVolume","C:\Users\jimpames\Desktop\FESv8-algebraic\migration_toolkit\sonicwall_parser","VolumeCreationTime: 5/30/2024 3:01:34 PM, VolumeSerialNumber: 66CA-DF9F, SupportsObjects: True, VolumeLabel: Winጹ","BUFFER OVERFLOW"
"2:08:07.2045416 PM","python.exe","51656","QueryAllInformationFile","C:\Users\jimpames\Desktop\FESv8-algebraic\migration_toolkit\sonicwall_parser","CreationTime: 6/6/2026 6:32:24 AM, LastAccessTime: 6/7/2026 2:08:07 PM, LastWriteTime: 6/6/2026 7:26:23 AM, ChangeTime: 6/6/2026 7:26:23 AM, FileAttributes: D, AllocationSize: 4,096, EndOfFile: 4,096","BUFFER OVERFLOW"
"2:08:07.2045521 PM","python.exe","51656","CloseFile","C:\Users\jimpames\Desktop\FESv8-algebraic\migration_toolkit\sonicwall_parser","","SUCCESS"
"2:08:07.2058595 PM","python.exe","51656","CreateFile","C:\Users\jimpames\Desktop\FESv8-algebraic\migration_toolkit\sonicwall_parser","Desired Access: Read Attributes, Synchronize, Disposition: Open, Options: Synchronous IO Non-Alert, Attributes: n/a, ShareMode: None, AllocationSize: n/a, OpenResult: Opened","SUCCESS"
"2:08:07.2058954 PM","python.exe","51656","QueryInformationVolume","C:\Users\jimpames\Desktop\FESv8-algebraic\migration_toolkit\sonicwall_parser","VolumeCreationTime: 5/30/2024 3:01:34 PM, VolumeSerialNumber: 66CA-DF9F, SupportsObjects: True, VolumeLabel: Winጹ","BUFFER OVERFLOW"
"2:08:07.2059124 PM","python.exe","51656","QueryAllInformationFile","C:\Users\jimpames\Desktop\FESv8-algebraic\migration_toolkit\sonicwall_parser","CreationTime: 6/6/2026 6:32:24 AM, LastAccessTime: 6/7/2026 2:08:07 PM, LastWriteTime: 6/6/2026 7:26:23 AM, ChangeTime: 6/6/2026 7:26:23 AM, FileAttributes: D, AllocationSize: 4,096, EndOfFile: 4,096","BUFFER OVERFLOW"
"2:08:07.2059312 PM","python.exe","51656","CloseFile","C:\Users\jimpames\Desktop\FESv8-algebraic\migration_toolkit\sonicwall_parser","","SUCCESS"
"2:08:07.2077209 PM","python.exe","51656","CreateFile","C:\Users\jimpames\Desktop\FESv8-algebraic\migration_toolkit\sonicwall_parser","Desired Access: Read Attributes, Synchronize, Disposition: Open, Options: Synchronous IO Non-Alert, Attributes: n/a, ShareMode: None, AllocationSize: n/a, OpenResult: Opened","SUCCESS"
"2:08:07.2077466 PM","python.exe","51656","QueryInformationVolume","C:\Users\jimpames\Desktop\FESv8-algebraic\migration_toolkit\sonicwall_parser","VolumeCreationTime: 5/30/2024 3:01:34 PM, VolumeSerialNumber: 66CA-DF9F, SupportsObjects: True, VolumeLabel: Winጹ","BUFFER OVERFLOW"
"2:08:07.2077583 PM","python.exe","51656","QueryAllInformationFile","C:\Users\jimpames\Desktop\FESv8-algebraic\migration_toolkit\sonicwall_parser","CreationTime: 6/6/2026 6:32:24 AM, LastAccessTime: 6/7/2026 2:08:07 PM, LastWriteTime: 6/6/2026 7:26:23 AM, ChangeTime: 6/6/2026 7:26:23 AM, FileAttributes: D, AllocationSize: 4,096, EndOfFile: 4,096","BUFFER OVERFLOW"
"2:08:07.2077710 PM","python.exe","51656","CloseFile","C:\Users\jimpames\Desktop\FESv8-algebraic\migration_toolkit\sonicwall_parser","","SUCCESS"
"2:08:07.2094408 PM","python.exe","51656","CreateFile","C:\Users\jimpames\Desktop\FESv8-algebraic\migration_toolkit\sonicwall_parser","Desired Access: Read Attributes, Synchronize, Disposition: Open, Options: Synchronous IO Non-Alert, Attributes: n/a, ShareMode: None, AllocationSize: n/a, OpenResult: Opened","SUCCESS"
"2:08:07.2094676 PM","python.exe","51656","QueryInformationVolume","C:\Users\jimpames\Desktop\FESv8-algebraic\migration_toolkit\sonicwall_parser","VolumeCreationTime: 5/30/2024 3:01:34 PM, VolumeSerialNumber: 66CA-DF9F, SupportsObjects: True, VolumeLabel: Winጹ","BUFFER OVERFLOW"
"2:08:07.2094798 PM","python.exe","51656","QueryAllInformationFile","C:\Users\jimpames\Desktop\FESv8-algebraic\migration_toolkit\sonicwall_parser","CreationTime: 6/6/2026 6:32:24 AM, LastAccessTime: 6/7/2026 2:08:07 PM, LastWriteTime: 6/6/2026 7:26:23 AM, ChangeTime: 6/6/2026 7:26:23 AM, FileAttributes: D, AllocationSize: 4,096, EndOfFile: 4,096","BUFFER OVERFLOW"
"2:08:07.2094927 PM","python.exe","51656","CloseFile","C:\Users\jimpames\Desktop\FESv8-algebraic\migration_toolkit\sonicwall_parser","","SUCCESS"
"2:08:07.2105396 PM","python.exe","51656","CreateFile","C:\Users\jimpames\Desktop\FESv8-algebraic\migration_toolkit\sonicwall_parser","Desired Access: Read Attributes, Synchronize, Disposition: Open, Options: Synchronous IO Non-Alert, Attributes: n/a, ShareMode: None, AllocationSize: n/a, OpenResult: Opened","SUCCESS"
"2:08:07.2105736 PM","python.exe","51656","QueryInformationVolume","C:\Users\jimpames\Desktop\FESv8-algebraic\migration_toolkit\sonicwall_parser","VolumeCreationTime: 5/30/2024 3:01:34 PM, VolumeSerialNumber: 66CA-DF9F, SupportsObjects: True, VolumeLabel: Winጹ","BUFFER OVERFLOW"
"2:08:07.2105869 PM","python.exe","51656","QueryAllInformationFile","C:\Users\jimpames\Desktop\FESv8-algebraic\migration_toolkit\sonicwall_parser","CreationTime: 6/6/2026 6:32:24 AM, LastAccessTime: 6/7/2026 2:08:07 PM, LastWriteTime: 6/6/2026 7:26:23 AM, ChangeTime: 6/6/2026 7:26:23 AM, FileAttributes: D, AllocationSize: 4,096, EndOfFile: 4,096","BUFFER OVERFLOW"
"2:08:07.2106007 PM","python.exe","51656","CloseFile","C:\Users\jimpames\Desktop\FESv8-algebraic\migration_toolkit\sonicwall_parser","","SUCCESS"
"2:08:07.2126281 PM","python.exe","51656","CreateFile","C:\Users\jimpames\Desktop\FESv8-algebraic\migration_toolkit\sonicwall_parser","Desired Access: Read Attributes, Synchronize, Disposition: Open, Options: Synchronous IO Non-Alert, Attributes: n/a, ShareMode: None, AllocationSize: n/a, OpenResult: Opened","SUCCESS"
"2:08:07.2126644 PM","python.exe","51656","QueryInformationVolume","C:\Users\jimpames\Desktop\FESv8-algebraic\migration_toolkit\sonicwall_parser","VolumeCreationTime: 5/30/2024 3:01:34 PM, VolumeSerialNumber: 66CA-DF9F, SupportsObjects: True, VolumeLabel: Winხ","BUFFER OVERFLOW"
"2:08:07.2126828 PM","python.exe","51656","QueryAllInformationFile","C:\Users\jimpames\Desktop\FESv8-algebraic\migration_toolkit\sonicwall_parser","CreationTime: 6/6/2026 6:32:24 AM, LastAccessTime: 6/7/2026 2:08:07 PM, LastWriteTime: 6/6/2026 7:26:23 AM, ChangeTime: 6/6/2026 7:26:23 AM, FileAttributes: D, AllocationSize: 4,096, EndOfFile: 4,096","BUFFER OVERFLOW"
"2:08:07.2127004 PM","python.exe","51656","CloseFile","C:\Users\jimpames\Desktop\FESv8-algebraic\migration_toolkit\sonicwall_parser","","SUCCESS"
"2:08:07.2150826 PM","python.exe","51656","CreateFile","C:\Users\jimpames\Desktop\FESv8-algebraic\migration_toolkit\sonicwall_parser","Desired Access: Read Attributes, Synchronize, Disposition: Open, Options: Synchronous IO Non-Alert, Attributes: n/a, ShareMode: None, AllocationSize: n/a, OpenResult: Opened","SUCCESS"
"2:08:07.2151149 PM","python.exe","51656","QueryInformationVolume","C:\Users\jimpames\Desktop\FESv8-algebraic\migration_toolkit\sonicwall_parser","VolumeCreationTime: 5/30/2024 3:01:34 PM, VolumeSerialNumber: 66CA-DF9F, SupportsObjects: True, VolumeLabel: Winხ","BUFFER OVERFLOW"
"2:08:07.2151293 PM","python.exe","51656","QueryAllInformationFile","C:\Users\jimpames\Desktop\FESv8-algebraic\migration_toolkit\sonicwall_parser","CreationTime: 6/6/2026 6:32:24 AM, LastAccessTime: 6/7/2026 2:08:07 PM, LastWriteTime: 6/6/2026 7:26:23 AM, ChangeTime: 6/6/2026 7:26:23 AM, FileAttributes: D, AllocationSize: 4,096, EndOfFile: 4,096","BUFFER OVERFLOW"
"2:08:07.2151436 PM","python.exe","51656","CloseFile","C:\Users\jimpames\Desktop\FESv8-algebraic\migration_toolkit\sonicwall_parser","","SUCCESS"
"2:08:07.2173697 PM","python.exe","51656","CreateFile","C:\Users\jimpames\Desktop\FESv8-algebraic\migration_toolkit\sonicwall_parser","Desired Access: Read Attributes, Synchronize, Disposition: Open, Options: Synchronous IO Non-Alert, Attributes: n/a, ShareMode: None, AllocationSize: n/a, OpenResult: Opened","SUCCESS"
"2:08:07.2174003 PM","python.exe","51656","QueryInformationVolume","C:\Users\jimpames\Desktop\FESv8-algebraic\migration_toolkit\sonicwall_parser","VolumeCreationTime: 5/30/2024 3:01:34 PM, VolumeSerialNumber: 66CA-DF9F, SupportsObjects: True, VolumeLabel: Winጹ","BUFFER OVERFLOW"
"2:08:07.2174136 PM","python.exe","51656","QueryAllInformationFile","C:\Users\jimpames\Desktop\FESv8-algebraic\migration_toolkit\sonicwall_parser","CreationTime: 6/6/2026 6:32:24 AM, LastAccessTime: 6/7/2026 2:08:07 PM, LastWriteTime: 6/6/2026 7:26:23 AM, ChangeTime: 6/6/2026 7:26:23 AM, FileAttributes: D, AllocationSize: 4,096, EndOfFile: 4,096","BUFFER OVERFLOW"
"2:08:07.2174266 PM","python.exe","51656","CloseFile","C:\Users\jimpames\Desktop\FESv8-algebraic\migration_toolkit\sonicwall_parser","","SUCCESS"
"2:08:07.2189388 PM","python.exe","51656","CreateFile","C:\Users\jimpames\Desktop\FESv8-algebraic\migration_toolkit\sonicwall_parser","Desired Access: Read Attributes, Synchronize, Disposition: Open, Options: Synchronous IO Non-Alert, Attributes: n/a, ShareMode: None, AllocationSize: n/a, OpenResult: Opened","SUCCESS"
"2:08:07.2189622 PM","python.exe","51656","QueryInformationVolume","C:\Users\jimpames\Desktop\FESv8-algebraic\migration_toolkit\sonicwall_parser","VolumeCreationTime: 5/30/2024 3:01:34 PM, VolumeSerialNumber: 66CA-DF9F, SupportsObjects: True, VolumeLabel: Winጹ","BUFFER OVERFLOW"
"2:08:07.2189729 PM","python.exe","51656","QueryAllInformationFile","C:\Users\jimpames\Desktop\FESv8-algebraic\migration_toolkit\sonicwall_parser","CreationTime: 6/6/2026 6:32:24 AM, LastAccessTime: 6/7/2026 2:08:07 PM, LastWriteTime: 6/6/2026 7:26:23 AM, ChangeTime: 6/6/2026 7:26:23 AM, FileAttributes: D, AllocationSize: 4,096, EndOfFile: 4,096","BUFFER OVERFLOW"
"2:08:07.2189853 PM","python.exe","51656","CloseFile","C:\Users\jimpames\Desktop\FESv8-algebraic\migration_toolkit\sonicwall_parser","","SUCCESS"
"2:08:07.2206640 PM","python.exe","51656","CreateFile","C:\Users\jimpames\Desktop\FESv8-algebraic\migration_toolkit\sonicwall_parser","Desired Access: Read Attributes, Synchronize, Disposition: Open, Options: Synchronous IO Non-Alert, Attributes: n/a, ShareMode: None, AllocationSize: n/a, OpenResult: Opened","SUCCESS"
"2:08:07.2206874 PM","python.exe","51656","QueryInformationVolume","C:\Users\jimpames\Desktop\FESv8-algebraic\migration_toolkit\sonicwall_parser","VolumeCreationTime: 5/30/2024 3:01:34 PM, VolumeSerialNumber: 66CA-DF9F, SupportsObjects: True, VolumeLabel: Winጹ","BUFFER OVERFLOW"
"2:08:07.2206991 PM","python.exe","51656","QueryAllInformationFile","C:\Users\jimpames\Desktop\FESv8-algebraic\migration_toolkit\sonicwall_parser","CreationTime: 6/6/2026 6:32:24 AM, LastAccessTime: 6/7/2026 2:08:07 PM, LastWriteTime: 6/6/2026 7:26:23 AM, ChangeTime: 6/6/2026 7:26:23 AM, FileAttributes: D, AllocationSize: 4,096, EndOfFile: 4,096","BUFFER OVERFLOW"
"2:08:07.2207116 PM","python.exe","51656","CloseFile","C:\Users\jimpames\Desktop\FESv8-algebraic\migration_toolkit\sonicwall_parser","","SUCCESS"
"2:08:07.2238472 PM","python.exe","51656","CreateFile","C:\Users\jimpames\Desktop\FESv8-algebraic\migration_toolkit\sonicwall_parser","Desired Access: Read Attributes, Synchronize, Disposition: Open, Options: Synchronous IO Non-Alert, Attributes: n/a, ShareMode: None, AllocationSize: n/a, OpenResult: Opened","SUCCESS"
"2:08:07.2238708 PM","python.exe","51656","QueryInformationVolume","C:\Users\jimpames\Desktop\FESv8-algebraic\migration_toolkit\sonicwall_parser","VolumeCreationTime: 5/30/2024 3:01:34 PM, VolumeSerialNumber: 66CA-DF9F, SupportsObjects: True, VolumeLabel: Winጹ","BUFFER OVERFLOW"
"2:08:07.2238803 PM","python.exe","51656","QueryAllInformationFile","C:\Users\jimpames\Desktop\FESv8-algebraic\migration_toolkit\sonicwall_parser","CreationTime: 6/6/2026 6:32:24 AM, LastAccessTime: 6/7/2026 2:08:07 PM, LastWriteTime: 6/6/2026 7:26:23 AM, ChangeTime: 6/6/2026 7:26:23 AM, FileAttributes: D, AllocationSize: 4,096, EndOfFile: 4,096","BUFFER OVERFLOW"
"2:08:07.2238915 PM","python.exe","51656","CloseFile","C:\Users\jimpames\Desktop\FESv8-algebraic\migration_toolkit\sonicwall_parser","","SUCCESS"
"2:08:07.2250685 PM","python.exe","51656","CreateFile","C:\Users\jimpames\Desktop\FESv8-algebraic\migration_toolkit\sonicwall_parser","Desired Access: Read Attributes, Synchronize, Disposition: Open, Options: Synchronous IO Non-Alert, Attributes: n/a, ShareMode: None, AllocationSize: n/a, OpenResult: Opened","SUCCESS"
"2:08:07.2251056 PM","python.exe","51656","QueryInformationVolume","C:\Users\jimpames\Desktop\FESv8-algebraic\migration_toolkit\sonicwall_parser","VolumeCreationTime: 5/30/2024 3:01:34 PM, VolumeSerialNumber: 66CA-DF9F, SupportsObjects: True, VolumeLabel: Winጹ","BUFFER OVERFLOW"
"2:08:07.2251228 PM","python.exe","51656","QueryAllInformationFile","C:\Users\jimpames\Desktop\FESv8-algebraic\migration_toolkit\sonicwall_parser","CreationTime: 6/6/2026 6:32:24 AM, LastAccessTime: 6/7/2026 2:08:07 PM, LastWriteTime: 6/6/2026 7:26:23 AM, ChangeTime: 6/6/2026 7:26:23 AM, FileAttributes: D, AllocationSize: 4,096, EndOfFile: 4,096","BUFFER OVERFLOW"
"2:08:07.2252209 PM","python.exe","51656","CloseFile","C:\Users\jimpames\Desktop\FESv8-algebraic\migration_toolkit\sonicwall_parser","","SUCCESS"
"2:08:07.2267372 PM","python.exe","51656","CreateFile","C:\Users\jimpames\Desktop\FESv8-algebraic\migration_toolkit\sonicwall_parser","Desired Access: Read Attributes, Synchronize, Disposition: Open, Options: Synchronous IO Non-Alert, Attributes: n/a, ShareMode: None, AllocationSize: n/a, OpenResult: Opened","SUCCESS"
"2:08:07.2267626 PM","python.exe","51656","QueryInformationVolume","C:\Users\jimpames\Desktop\FESv8-algebraic\migration_toolkit\sonicwall_parser","VolumeCreationTime: 5/30/2024 3:01:34 PM, VolumeSerialNumber: 66CA-DF9F, SupportsObjects: True, VolumeLabel: Winጹ","BUFFER OVERFLOW"
"2:08:07.2267751 PM","python.exe","51656","QueryAllInformationFile","C:\Users\jimpames\Desktop\FESv8-algebraic\migration_toolkit\sonicwall_parser","CreationTime: 6/6/2026 6:32:24 AM, LastAccessTime: 6/7/2026 2:08:07 PM, LastWriteTime: 6/6/2026 7:26:23 AM, ChangeTime: 6/6/2026 7:26:23 AM, FileAttributes: D, AllocationSize: 4,096, EndOfFile: 4,096","BUFFER OVERFLOW"
"2:08:07.2267888 PM","python.exe","51656","CloseFile","C:\Users\jimpames\Desktop\FESv8-algebraic\migration_toolkit\sonicwall_parser","","SUCCESS"
"2:08:07.2301017 PM","python.exe","51656","CreateFile","C:\Users\jimpames\Desktop\FESv8-algebraic\migration_toolkit\sonicwall_parser","Desired Access: Read Attributes, Synchronize, Disposition: Open, Options: Synchronous IO Non-Alert, Attributes: n/a, ShareMode: None, AllocationSize: n/a, OpenResult: Opened","SUCCESS"
"2:08:07.2301284 PM","python.exe","51656","QueryInformationVolume","C:\Users\jimpames\Desktop\FESv8-algebraic\migration_toolkit\sonicwall_parser","VolumeCreationTime: 5/30/2024 3:01:34 PM, VolumeSerialNumber: 66CA-DF9F, SupportsObjects: True, VolumeLabel: Winጹ","BUFFER OVERFLOW"
"2:08:07.2301387 PM","python.exe","51656","QueryAllInformationFile","C:\Users\jimpames\Desktop\FESv8-algebraic\migration_toolkit\sonicwall_parser","CreationTime: 6/6/2026 6:32:24 AM, LastAccessTime: 6/7/2026 2:08:07 PM, LastWriteTime: 6/6/2026 7:26:23 AM, ChangeTime: 6/6/2026 7:26:23 AM, FileAttributes: D, AllocationSize: 4,096, EndOfFile: 4,096","BUFFER OVERFLOW"
"2:08:07.2301489 PM","python.exe","51656","CloseFile","C:\Users\jimpames\Desktop\FESv8-algebraic\migration_toolkit\sonicwall_parser","","SUCCESS"
"2:08:07.2313204 PM","python.exe","51656","CreateFile","C:\Users\jimpames\Desktop\FESv8-algebraic\migration_toolkit\sonicwall_parser","Desired Access: Read Attributes, Synchronize, Disposition: Open, Options: Synchronous IO Non-Alert, Attributes: n/a, ShareMode: None, AllocationSize: n/a, OpenResult: Opened","SUCCESS"
"2:08:07.2313434 PM","python.exe","51656","QueryInformationVolume","C:\Users\jimpames\Desktop\FESv8-algebraic\migration_toolkit\sonicwall_parser","VolumeCreationTime: 5/30/2024 3:01:34 PM, VolumeSerialNumber: 66CA-DF9F, SupportsObjects: True, VolumeLabel: Winጹ","BUFFER OVERFLOW"
"2:08:07.2313540 PM","python.exe","51656","QueryAllInformationFile","C:\Users\jimpames\Desktop\FESv8-algebraic\migration_toolkit\sonicwall_parser","CreationTime: 6/6/2026 6:32:24 AM, LastAccessTime: 6/7/2026 2:08:07 PM, LastWriteTime: 6/6/2026 7:26:23 AM, ChangeTime: 6/6/2026 7:26:23 AM, FileAttributes: D, AllocationSize: 4,096, EndOfFile: 4,096","BUFFER OVERFLOW"
"2:08:07.2313656 PM","python.exe","51656","CloseFile","C:\Users\jimpames\Desktop\FESv8-algebraic\migration_toolkit\sonicwall_parser","","SUCCESS"
"2:08:07.2324030 PM","python.exe","51656","CreateFile","C:\Users\jimpames\Desktop\FESv8-algebraic\migration_toolkit\sonicwall_parser","Desired Access: Read Attributes, Synchronize, Disposition: Open, Options: Synchronous IO Non-Alert, Attributes: n/a, ShareMode: None, AllocationSize: n/a, OpenResult: Opened","SUCCESS"
"2:08:07.2324359 PM","python.exe","51656","QueryInformationVolume","C:\Users\jimpames\Desktop\FESv8-algebraic\migration_toolkit\sonicwall_parser","VolumeCreationTime: 5/30/2024 3:01:34 PM, VolumeSerialNumber: 66CA-DF9F, SupportsObjects: True, VolumeLabel: Winხ","BUFFER OVERFLOW"
"2:08:07.2324517 PM","python.exe","51656","QueryAllInformationFile","C:\Users\jimpames\Desktop\FESv8-algebraic\migration_toolkit\sonicwall_parser","CreationTime: 6/6/2026 6:32:24 AM, LastAccessTime: 6/7/2026 2:08:07 PM, LastWriteTime: 6/6/2026 7:26:23 AM, ChangeTime: 6/6/2026 7:26:23 AM, FileAttributes: D, AllocationSize: 4,096, EndOfFile: 4,096","BUFFER OVERFLOW"
"2:08:07.2324682 PM","python.exe","51656","CloseFile","C:\Users\jimpames\Desktop\FESv8-algebraic\migration_toolkit\sonicwall_parser","","SUCCESS"
"2:08:07.2338690 PM","python.exe","51656","CreateFile","C:\Users\jimpames\Desktop\FESv8-algebraic\migration_toolkit\sonicwall_parser","Desired Access: Read Attributes, Synchronize, Disposition: Open, Options: Synchronous IO Non-Alert, Attributes: n/a, ShareMode: None, AllocationSize: n/a, OpenResult: Opened","SUCCESS"
"2:08:07.2338905 PM","python.exe","51656","QueryInformationVolume","C:\Users\jimpames\Desktop\FESv8-algebraic\migration_toolkit\sonicwall_parser","VolumeCreationTime: 5/30/2024 3:01:34 PM, VolumeSerialNumber: 66CA-DF9F, SupportsObjects: True, VolumeLabel: Winጹ","BUFFER OVERFLOW"
"2:08:07.2339006 PM","python.exe","51656","QueryAllInformationFile","C:\Users\jimpames\Desktop\FESv8-algebraic\migration_toolkit\sonicwall_parser","CreationTime: 6/6/2026 6:32:24 AM, LastAccessTime: 6/7/2026 2:08:07 PM, LastWriteTime: 6/6/2026 7:26:23 AM, ChangeTime: 6/6/2026 7:26:23 AM, FileAttributes: D, AllocationSize: 4,096, EndOfFile: 4,096","BUFFER OVERFLOW"
"2:08:07.2339113 PM","python.exe","51656","CloseFile","C:\Users\jimpames\Desktop\FESv8-algebraic\migration_toolkit\sonicwall_parser","","SUCCESS"
"2:08:07.2372836 PM","python.exe","51656","CreateFile","C:\Users\jimpames\Desktop\FESv8-algebraic\migration_toolkit\sonicwall_parser","Desired Access: Read Attributes, Synchronize, Disposition: Open, Options: Synchronous IO Non-Alert, Attributes: n/a, ShareMode: None, AllocationSize: n/a, OpenResult: Opened","SUCCESS"
"2:08:07.2373084 PM","python.exe","51656","QueryInformationVolume","C:\Users\jimpames\Desktop\FESv8-algebraic\migration_toolkit\sonicwall_parser","VolumeCreationTime: 5/30/2024 3:01:34 PM, VolumeSerialNumber: 66CA-DF9F, SupportsObjects: True, VolumeLabel: Winጹ","BUFFER OVERFLOW"
"2:08:07.2373183 PM","python.exe","51656","QueryAllInformationFile","C:\Users\jimpames\Desktop\FESv8-algebraic\migration_toolkit\sonicwall_parser","CreationTime: 6/6/2026 6:32:24 AM, LastAccessTime: 6/7/2026 2:08:07 PM, LastWriteTime: 6/6/2026 7:26:23 AM, ChangeTime: 6/6/2026 7:26:23 AM, FileAttributes: D, AllocationSize: 4,096, EndOfFile: 4,096","BUFFER OVERFLOW"
"2:08:07.2373283 PM","python.exe","51656","CloseFile","C:\Users\jimpames\Desktop\FESv8-algebraic\migration_toolkit\sonicwall_parser","","SUCCESS"
"2:08:07.2402293 PM","python.exe","51656","CreateFile","C:\Users\jimpames\Desktop\FESv8-algebraic\migration_toolkit","Desired Access: Read Attributes, Synchronize, Disposition: Open, Options: Synchronous IO Non-Alert, Attributes: n/a, ShareMode: None, AllocationSize: n/a, OpenResult: Opened","SUCCESS"
"2:08:07.2402485 PM","python.exe","51656","QueryInformationVolume","C:\Users\jimpames\Desktop\FESv8-algebraic\migration_toolkit","VolumeCreationTime: 5/30/2024 3:01:34 PM, VolumeSerialNumber: 66CA-DF9F, SupportsObjects: True, VolumeLabel: Winጹ","BUFFER OVERFLOW"
"2:08:07.2402567 PM","python.exe","51656","QueryAllInformationFile","C:\Users\jimpames\Desktop\FESv8-algebraic\migration_toolkit","CreationTime: 6/6/2026 6:32:22 AM, LastAccessTime: 6/7/2026 2:08:07 PM, LastWriteTime: 6/6/2026 7:26:22 AM, ChangeTime: 6/6/2026 7:26:22 AM, FileAttributes: D, AllocationSize: 8,192, EndOfFile: 8,192","BUFFER OVERFLOW"
"2:08:07.2402660 PM","python.exe","51656","CloseFile","C:\Users\jimpames\Desktop\FESv8-algebraic\migration_toolkit","","SUCCESS"
"2:08:07.2403426 PM","python.exe","51656","CreateFile","C:\Users\jimpames\Desktop\FESv8-algebraic\migration_toolkit","Desired Access: Read Attributes, Synchronize, Disposition: Open, Options: Synchronous IO Non-Alert, Attributes: n/a, ShareMode: None, AllocationSize: n/a, OpenResult: Opened","SUCCESS"
"2:08:07.2403781 PM","python.exe","51656","QueryInformationVolume","C:\Users\jimpames\Desktop\FESv8-algebraic\migration_toolkit","VolumeCreationTime: 5/30/2024 3:01:34 PM, VolumeSerialNumber: 66CA-DF9F, SupportsObjects: True, VolumeLabel: Winጹ","BUFFER OVERFLOW"
"2:08:07.2403876 PM","python.exe","51656","QueryAllInformationFile","C:\Users\jimpames\Desktop\FESv8-algebraic\migration_toolkit","CreationTime: 6/6/2026 6:32:22 AM, LastAccessTime: 6/7/2026 2:08:07 PM, LastWriteTime: 6/6/2026 7:26:22 AM, ChangeTime: 6/6/2026 7:26:22 AM, FileAttributes: D, AllocationSize: 8,192, EndOfFile: 8,192","BUFFER OVERFLOW"
"2:08:07.2403974 PM","python.exe","51656","CloseFile","C:\Users\jimpames\Desktop\FESv8-algebraic\migration_toolkit","","SUCCESS"
"2:08:07.2404973 PM","python.exe","51656","CreateFile","C:\Users\jimpames\Desktop\FESv8-algebraic\migration_toolkit","Desired Access: Read Attributes, Synchronize, Disposition: Open, Options: Synchronous IO Non-Alert, Attributes: n/a, ShareMode: None, AllocationSize: n/a, OpenResult: Opened","SUCCESS"
"2:08:07.2405149 PM","python.exe","51656","QueryInformationVolume","C:\Users\jimpames\Desktop\FESv8-algebraic\migration_toolkit","VolumeCreationTime: 5/30/2024 3:01:34 PM, VolumeSerialNumber: 66CA-DF9F, SupportsObjects: True, VolumeLabel: Winጹ","BUFFER OVERFLOW"
"2:08:07.2405215 PM","python.exe","51656","QueryAllInformationFile","C:\Users\jimpames\Desktop\FESv8-algebraic\migration_toolkit","CreationTime: 6/6/2026 6:32:22 AM, LastAccessTime: 6/7/2026 2:08:07 PM, LastWriteTime: 6/6/2026 7:26:22 AM, ChangeTime: 6/6/2026 7:26:22 AM, FileAttributes: D, AllocationSize: 8,192, EndOfFile: 8,192","BUFFER OVERFLOW"
"2:08:07.2405292 PM","python.exe","51656","CloseFile","C:\Users\jimpames\Desktop\FESv8-algebraic\migration_toolkit","","SUCCESS"
"2:08:07.2405860 PM","python.exe","51656","CreateFile","C:\Users\jimpames\Desktop\FESv8-algebraic\migration_toolkit","Desired Access: Read Data/List Directory, Synchronize, Disposition: Open, Options: Directory, Synchronous IO Non-Alert, Attributes: n/a, ShareMode: Read, Write, Delete, AllocationSize: n/a, OpenResult: Opened","SUCCESS"
"2:08:07.2406326 PM","python.exe","51656","QueryDirectory","C:\Users\jimpames\Desktop\FESv8-algebraic\migration_toolkit","FileInformationClass: FileBothDirectoryInformation, 1: .., 2: .gitignore, 3: concept_map, 4: diff_emit_vs_jpa.json, 5: diff_emit_vs_jpa.txt, 6: diff_engine.py","SUCCESS"
"2:08:07.2406617 PM","python.exe","51656","QueryDirectory","C:\Users\jimpames\Desktop\FESv8-algebraic\migration_toolkit","FileInformationClass: FileBothDirectoryInformation","NO MORE FILES"
"2:08:07.2406709 PM","python.exe","51656","CloseFile","C:\Users\jimpames\Desktop\FESv8-algebraic\migration_toolkit","","SUCCESS"
"2:08:07.2417263 PM","python.exe","51656","CreateFile","C:\Users\jimpames\Desktop\FESv8-algebraic\migration_toolkit\schema_lib","Desired Access: Read Attributes, Synchronize, Disposition: Open, Options: Synchronous IO Non-Alert, Attributes: n/a, ShareMode: None, AllocationSize: n/a, OpenResult: Opened","SUCCESS"
"2:08:07.2417543 PM","python.exe","51656","QueryInformationVolume","C:\Users\jimpames\Desktop\FESv8-algebraic\migration_toolkit\schema_lib","VolumeCreationTime: 5/30/2024 3:01:34 PM, VolumeSerialNumber: 66CA-DF9F, SupportsObjects: True, VolumeLabel: Winხ","BUFFER OVERFLOW"
"2:08:07.2417647 PM","python.exe","51656","QueryAllInformationFile","C:\Users\jimpames\Desktop\FESv8-algebraic\migration_toolkit\schema_lib","CreationTime: 6/6/2026 6:32:24 AM, LastAccessTime: 6/7/2026 2:08:07 PM, LastWriteTime: 6/6/2026 7:26:23 AM, ChangeTime: 6/7/2026 4:20:17 AM, FileAttributes: D, AllocationSize: 4,096, EndOfFile: 4,096","BUFFER OVERFLOW"
"2:08:07.2417758 PM","python.exe","51656","CloseFile","C:\Users\jimpames\Desktop\FESv8-algebraic\migration_toolkit\schema_lib","","SUCCESS"
"2:08:07.2418787 PM","python.exe","51656","CreateFile","C:\Users\jimpames\Desktop\FESv8-algebraic\migration_toolkit\schema_lib","Desired Access: Read Attributes, Synchronize, Disposition: Open, Options: Synchronous IO Non-Alert, Attributes: n/a, ShareMode: None, AllocationSize: n/a, OpenResult: Opened","SUCCESS"
"2:08:07.2418992 PM","python.exe","51656","QueryInformationVolume","C:\Users\jimpames\Desktop\FESv8-algebraic\migration_toolkit\schema_lib","VolumeCreationTime: 5/30/2024 3:01:34 PM, VolumeSerialNumber: 66CA-DF9F, SupportsObjects: True, VolumeLabel: Winხ","BUFFER OVERFLOW"
"2:08:07.2419271 PM","python.exe","51656","QueryAllInformationFile","C:\Users\jimpames\Desktop\FESv8-algebraic\migration_toolkit\schema_lib","CreationTime: 6/6/2026 6:32:24 AM, LastAccessTime: 6/7/2026 2:08:07 PM, LastWriteTime: 6/6/2026 7:26:23 AM, ChangeTime: 6/7/2026 4:20:17 AM, FileAttributes: D, AllocationSize: 4,096, EndOfFile: 4,096","BUFFER OVERFLOW"
"2:08:07.2419408 PM","python.exe","51656","CloseFile","C:\Users\jimpames\Desktop\FESv8-algebraic\migration_toolkit\schema_lib","","SUCCESS"
"2:08:07.2420204 PM","python.exe","51656","CreateFile","C:\Users\jimpames\Desktop\FESv8-algebraic\migration_toolkit\schema_lib","Desired Access: Read Attributes, Synchronize, Disposition: Open, Options: Synchronous IO Non-Alert, Attributes: n/a, ShareMode: None, AllocationSize: n/a, OpenResult: Opened","SUCCESS"
"2:08:07.2420354 PM","python.exe","51656","QueryInformationVolume","C:\Users\jimpames\Desktop\FESv8-algebraic\migration_toolkit\schema_lib","VolumeCreationTime: 5/30/2024 3:01:34 PM, VolumeSerialNumber: 66CA-DF9F, SupportsObjects: True, VolumeLabel: Winხ","BUFFER OVERFLOW"
"2:08:07.2420434 PM","python.exe","51656","QueryAllInformationFile","C:\Users\jimpames\Desktop\FESv8-algebraic\migration_toolkit\schema_lib","CreationTime: 6/6/2026 6:32:24 AM, LastAccessTime: 6/7/2026 2:08:07 PM, LastWriteTime: 6/6/2026 7:26:23 AM, ChangeTime: 6/7/2026 4:20:17 AM, FileAttributes: D, AllocationSize: 4,096, EndOfFile: 4,096","BUFFER OVERFLOW"
"2:08:07.2420526 PM","python.exe","51656","CloseFile","C:\Users\jimpames\Desktop\FESv8-algebraic\migration_toolkit\schema_lib","","SUCCESS"
"2:08:07.2421102 PM","python.exe","51656","CreateFile","C:\Users\jimpames\Desktop\FESv8-algebraic\migration_toolkit\schema_lib","Desired Access: Read Data/List Directory, Synchronize, Disposition: Open, Options: Directory, Synchronous IO Non-Alert, Attributes: n/a, ShareMode: Read, Write, Delete, AllocationSize: n/a, OpenResult: Opened","SUCCESS"
"2:08:07.2421533 PM","python.exe","51656","QueryDirectory","C:\Users\jimpames\Desktop\FESv8-algebraic\migration_toolkit\schema_lib","FileInformationClass: FileBothDirectoryInformation, 1: .., 2: comment_preserving_ini.py, 3: MULTILINE_KNOWN_LIMITATION.md, 4: schema_lib.py, 5: __init__.py, 6: __pycache__","SUCCESS"
"2:08:07.2421746 PM","python.exe","51656","QueryDirectory","C:\Users\jimpames\Desktop\FESv8-algebraic\migration_toolkit\schema_lib","FileInformationClass: FileBothDirectoryInformation","NO MORE FILES"
"2:08:07.2421880 PM","python.exe","51656","CloseFile","C:\Users\jimpames\Desktop\FESv8-algebraic\migration_toolkit\schema_lib","","SUCCESS"
"2:08:07.2451002 PM","python.exe","51656","CreateFile","C:\Users\jimpames\Desktop\FESv8-algebraic\migration_toolkit\schema_lib","Desired Access: Read Attributes, Synchronize, Disposition: Open, Options: Synchronous IO Non-Alert, Attributes: n/a, ShareMode: None, AllocationSize: n/a, OpenResult: Opened","SUCCESS"
"2:08:07.2451264 PM","python.exe","51656","QueryInformationVolume","C:\Users\jimpames\Desktop\FESv8-algebraic\migration_toolkit\schema_lib","VolumeCreationTime: 5/30/2024 3:01:34 PM, VolumeSerialNumber: 66CA-DF9F, SupportsObjects: True, VolumeLabel: Winხ","BUFFER OVERFLOW"
"2:08:07.2451384 PM","python.exe","51656","QueryAllInformationFile","C:\Users\jimpames\Desktop\FESv8-algebraic\migration_toolkit\schema_lib","CreationTime: 6/6/2026 6:32:24 AM, LastAccessTime: 6/7/2026 2:08:07 PM, LastWriteTime: 6/6/2026 7:26:23 AM, ChangeTime: 6/7/2026 4:20:17 AM, FileAttributes: D, AllocationSize: 4,096, EndOfFile: 4,096","BUFFER OVERFLOW"
"2:08:07.2451510 PM","python.exe","51656","CloseFile","C:\Users\jimpames\Desktop\FESv8-algebraic\migration_toolkit\schema_lib","","SUCCESS"
"2:08:07.2482474 PM","python.exe","51656","CreateFile","C:\Users\jimpames\Desktop\FESv8-algebraic\migration_toolkit","Desired Access: Read Attributes, Synchronize, Disposition: Open, Options: Synchronous IO Non-Alert, Attributes: n/a, ShareMode: None, AllocationSize: n/a, OpenResult: Opened","SUCCESS"
"2:08:07.2482729 PM","python.exe","51656","QueryInformationVolume","C:\Users\jimpames\Desktop\FESv8-algebraic\migration_toolkit","VolumeCreationTime: 5/30/2024 3:01:34 PM, VolumeSerialNumber: 66CA-DF9F, SupportsObjects: True, VolumeLabel: Winጹ","BUFFER OVERFLOW"
"2:08:07.2482834 PM","python.exe","51656","QueryAllInformationFile","C:\Users\jimpames\Desktop\FESv8-algebraic\migration_toolkit","CreationTime: 6/6/2026 6:32:22 AM, LastAccessTime: 6/7/2026 2:08:07 PM, LastWriteTime: 6/6/2026 7:26:22 AM, ChangeTime: 6/6/2026 7:26:22 AM, FileAttributes: D, AllocationSize: 8,192, EndOfFile: 8,192","BUFFER OVERFLOW"
"2:08:07.2482942 PM","python.exe","51656","CloseFile","C:\Users\jimpames\Desktop\FESv8-algebraic\migration_toolkit","","SUCCESS"
"2:08:07.2484023 PM","python.exe","51656","CreateFile","C:\Users\jimpames\Desktop\FESv8-algebraic\migration_toolkit\sonicwall_parser","Desired Access: Read Attributes, Synchronize, Disposition: Open, Options: Synchronous IO Non-Alert, Attributes: n/a, ShareMode: None, AllocationSize: n/a, OpenResult: Opened","SUCCESS"
"2:08:07.2484276 PM","python.exe","51656","QueryInformationVolume","C:\Users\jimpames\Desktop\FESv8-algebraic\migration_toolkit\sonicwall_parser","VolumeCreationTime: 5/30/2024 3:01:34 PM, VolumeSerialNumber: 66CA-DF9F, SupportsObjects: True, VolumeLabel: Winጹ","BUFFER OVERFLOW"
"2:08:07.2484405 PM","python.exe","51656","QueryAllInformationFile","C:\Users\jimpames\Desktop\FESv8-algebraic\migration_toolkit\sonicwall_parser","CreationTime: 6/6/2026 6:32:24 AM, LastAccessTime: 6/7/2026 2:08:07 PM, LastWriteTime: 6/6/2026 7:26:23 AM, ChangeTime: 6/6/2026 7:26:23 AM, FileAttributes: D, AllocationSize: 4,096, EndOfFile: 4,096","BUFFER OVERFLOW"
"2:08:07.2484510 PM","python.exe","51656","CloseFile","C:\Users\jimpames\Desktop\FESv8-algebraic\migration_toolkit\sonicwall_parser","","SUCCESS"
"2:08:07.2500181 PM","python.exe","51656","CreateFile","C:\Users\jimpames\Desktop\FESv8-algebraic\migration_toolkit","Desired Access: Read Attributes, Synchronize, Disposition: Open, Options: Synchronous IO Non-Alert, Attributes: n/a, ShareMode: None, AllocationSize: n/a, OpenResult: Opened","SUCCESS"
"2:08:07.2500613 PM","python.exe","51656","QueryInformationVolume","C:\Users\jimpames\Desktop\FESv8-algebraic\migration_toolkit","VolumeCreationTime: 5/30/2024 3:01:34 PM, VolumeSerialNumber: 66CA-DF9F, SupportsObjects: True, VolumeLabel: Winጹ","BUFFER OVERFLOW"
"2:08:07.2500725 PM","python.exe","51656","QueryAllInformationFile","C:\Users\jimpames\Desktop\FESv8-algebraic\migration_toolkit","CreationTime: 6/6/2026 6:32:22 AM, LastAccessTime: 6/7/2026 2:08:07 PM, LastWriteTime: 6/6/2026 7:26:22 AM, ChangeTime: 6/6/2026 7:26:22 AM, FileAttributes: D, AllocationSize: 8,192, EndOfFile: 8,192","BUFFER OVERFLOW"
"2:08:07.2500881 PM","python.exe","51656","CloseFile","C:\Users\jimpames\Desktop\FESv8-algebraic\migration_toolkit","","SUCCESS"
"2:08:07.2501891 PM","python.exe","51656","CreateFile","C:\Users\jimpames\Desktop\FESv8-algebraic\migration_toolkit\sonicwall_parser","Desired Access: Read Attributes, Synchronize, Disposition: Open, Options: Synchronous IO Non-Alert, Attributes: n/a, ShareMode: None, AllocationSize: n/a, OpenResult: Opened","SUCCESS"
"2:08:07.2502065 PM","python.exe","51656","QueryInformationVolume","C:\Users\jimpames\Desktop\FESv8-algebraic\migration_toolkit\sonicwall_parser","VolumeCreationTime: 5/30/2024 3:01:34 PM, VolumeSerialNumber: 66CA-DF9F, SupportsObjects: True, VolumeLabel: Winጹ","BUFFER OVERFLOW"
"2:08:07.2502144 PM","python.exe","51656","QueryAllInformationFile","C:\Users\jimpames\Desktop\FESv8-algebraic\migration_toolkit\sonicwall_parser","CreationTime: 6/6/2026 6:32:24 AM, LastAccessTime: 6/7/2026 2:08:07 PM, LastWriteTime: 6/6/2026 7:26:23 AM, ChangeTime: 6/6/2026 7:26:23 AM, FileAttributes: D, AllocationSize: 4,096, EndOfFile: 4,096","BUFFER OVERFLOW"
"2:08:07.2502238 PM","python.exe","51656","CloseFile","C:\Users\jimpames\Desktop\FESv8-algebraic\migration_toolkit\sonicwall_parser","","SUCCESS"
"2:08:07.2513541 PM","python.exe","51656","CreateFile","C:\Users\jimpames\Desktop\FESv8-algebraic\migration_toolkit","Desired Access: Read Attributes, Synchronize, Disposition: Open, Options: Synchronous IO Non-Alert, Attributes: n/a, ShareMode: None, AllocationSize: n/a, OpenResult: Opened","SUCCESS"
"2:08:07.2513759 PM","python.exe","51656","QueryInformationVolume","C:\Users\jimpames\Desktop\FESv8-algebraic\migration_toolkit","VolumeCreationTime: 5/30/2024 3:01:34 PM, VolumeSerialNumber: 66CA-DF9F, SupportsObjects: True, VolumeLabel: Winხ","BUFFER OVERFLOW"
"2:08:07.2513857 PM","python.exe","51656","QueryAllInformationFile","C:\Users\jimpames\Desktop\FESv8-algebraic\migration_toolkit","CreationTime: 6/6/2026 6:32:22 AM, LastAccessTime: 6/7/2026 2:08:07 PM, LastWriteTime: 6/6/2026 7:26:22 AM, ChangeTime: 6/6/2026 7:26:22 AM, FileAttributes: D, AllocationSize: 8,192, EndOfFile: 8,192","BUFFER OVERFLOW"
"2:08:07.2513969 PM","python.exe","51656","CloseFile","C:\Users\jimpames\Desktop\FESv8-algebraic\migration_toolkit","","SUCCESS"
"2:08:07.2514995 PM","python.exe","51656","CreateFile","C:\Users\jimpames\Desktop\FESv8-algebraic\migration_toolkit\sonicwall_parser","Desired Access: Read Attributes, Synchronize, Disposition: Open, Options: Synchronous IO Non-Alert, Attributes: n/a, ShareMode: None, AllocationSize: n/a, OpenResult: Opened","SUCCESS"
"2:08:07.2515166 PM","python.exe","51656","QueryInformationVolume","C:\Users\jimpames\Desktop\FESv8-algebraic\migration_toolkit\sonicwall_parser","VolumeCreationTime: 5/30/2024 3:01:34 PM, VolumeSerialNumber: 66CA-DF9F, SupportsObjects: True, VolumeLabel: Winጹ","BUFFER OVERFLOW"
"2:08:07.2515303 PM","python.exe","51656","QueryAllInformationFile","C:\Users\jimpames\Desktop\FESv8-algebraic\migration_toolkit\sonicwall_parser","CreationTime: 6/6/2026 6:32:24 AM, LastAccessTime: 6/7/2026 2:08:07 PM, LastWriteTime: 6/6/2026 7:26:23 AM, ChangeTime: 6/6/2026 7:26:23 AM, FileAttributes: D, AllocationSize: 4,096, EndOfFile: 4,096","BUFFER OVERFLOW"
"2:08:07.2515404 PM","python.exe","51656","CloseFile","C:\Users\jimpames\Desktop\FESv8-algebraic\migration_toolkit\sonicwall_parser","","SUCCESS"
"2:08:07.2525745 PM","python.exe","51656","CreateFile","C:\Users\jimpames\Desktop\FESv8-algebraic\migration_toolkit","Desired Access: Read Attributes, Synchronize, Disposition: Open, Options: Synchronous IO Non-Alert, Attributes: n/a, ShareMode: None, AllocationSize: n/a, OpenResult: Opened","SUCCESS"
"2:08:07.2525969 PM","python.exe","51656","QueryInformationVolume","C:\Users\jimpames\Desktop\FESv8-algebraic\migration_toolkit","VolumeCreationTime: 5/30/2024 3:01:34 PM, VolumeSerialNumber: 66CA-DF9F, SupportsObjects: True, VolumeLabel: Winხ","BUFFER OVERFLOW"
"2:08:07.2526074 PM","python.exe","51656","QueryAllInformationFile","C:\Users\jimpames\Desktop\FESv8-algebraic\migration_toolkit","CreationTime: 6/6/2026 6:32:22 AM, LastAccessTime: 6/7/2026 2:08:07 PM, LastWriteTime: 6/6/2026 7:26:22 AM, ChangeTime: 6/6/2026 7:26:22 AM, FileAttributes: D, AllocationSize: 8,192, EndOfFile: 8,192","BUFFER OVERFLOW"
"2:08:07.2526188 PM","python.exe","51656","CloseFile","C:\Users\jimpames\Desktop\FESv8-algebraic\migration_toolkit","","SUCCESS"
"2:08:07.2527287 PM","python.exe","51656","CreateFile","C:\Users\jimpames\Desktop\FESv8-algebraic\migration_toolkit\sonicwall_parser","Desired Access: Read Attributes, Synchronize, Disposition: Open, Options: Synchronous IO Non-Alert, Attributes: n/a, ShareMode: None, AllocationSize: n/a, OpenResult: Opened","SUCCESS"
"2:08:07.2527510 PM","python.exe","51656","QueryInformationVolume","C:\Users\jimpames\Desktop\FESv8-algebraic\migration_toolkit\sonicwall_parser","VolumeCreationTime: 5/30/2024 3:01:34 PM, VolumeSerialNumber: 66CA-DF9F, SupportsObjects: True, VolumeLabel: Winጹ","BUFFER OVERFLOW"
"2:08:07.2527612 PM","python.exe","51656","QueryAllInformationFile","C:\Users\jimpames\Desktop\FESv8-algebraic\migration_toolkit\sonicwall_parser","CreationTime: 6/6/2026 6:32:24 AM, LastAccessTime: 6/7/2026 2:08:07 PM, LastWriteTime: 6/6/2026 7:26:23 AM, ChangeTime: 6/6/2026 7:26:23 AM, FileAttributes: D, AllocationSize: 4,096, EndOfFile: 4,096","BUFFER OVERFLOW"
"2:08:07.2527730 PM","python.exe","51656","CloseFile","C:\Users\jimpames\Desktop\FESv8-algebraic\migration_toolkit\sonicwall_parser","","SUCCESS"
"2:08:07.2539255 PM","python.exe","51656","CreateFile","C:\Users\jimpames\Desktop\FESv8-algebraic\migration_toolkit","Desired Access: Read Attributes, Synchronize, Disposition: Open, Options: Synchronous IO Non-Alert, Attributes: n/a, ShareMode: None, AllocationSize: n/a, OpenResult: Opened","SUCCESS"
"2:08:07.2539480 PM","python.exe","51656","QueryInformationVolume","C:\Users\jimpames\Desktop\FESv8-algebraic\migration_toolkit","VolumeCreationTime: 5/30/2024 3:01:34 PM, VolumeSerialNumber: 66CA-DF9F, SupportsObjects: True, VolumeLabel: Winጹ","BUFFER OVERFLOW"
"2:08:07.2539587 PM","python.exe","51656","QueryAllInformationFile","C:\Users\jimpames\Desktop\FESv8-algebraic\migration_toolkit","CreationTime: 6/6/2026 6:32:22 AM, LastAccessTime: 6/7/2026 2:08:07 PM, LastWriteTime: 6/6/2026 7:26:22 AM, ChangeTime: 6/6/2026 7:26:22 AM, FileAttributes: D, AllocationSize: 8,192, EndOfFile: 8,192","BUFFER OVERFLOW"
"2:08:07.2539715 PM","python.exe","51656","CloseFile","C:\Users\jimpames\Desktop\FESv8-algebraic\migration_toolkit","","SUCCESS"
"2:08:07.2540628 PM","python.exe","51656","CreateFile","C:\Users\jimpames\Desktop\FESv8-algebraic\migration_toolkit\sonicwall_parser","Desired Access: Read Attributes, Synchronize, Disposition: Open, Options: Synchronous IO Non-Alert, Attributes: n/a, ShareMode: None, AllocationSize: n/a, OpenResult: Opened","SUCCESS"
"2:08:07.2540806 PM","python.exe","51656","QueryInformationVolume","C:\Users\jimpames\Desktop\FESv8-algebraic\migration_toolkit\sonicwall_parser","VolumeCreationTime: 5/30/2024 3:01:34 PM, VolumeSerialNumber: 66CA-DF9F, SupportsObjects: True, VolumeLabel: Winጹ","BUFFER OVERFLOW"
"2:08:07.2540908 PM","python.exe","51656","QueryAllInformationFile","C:\Users\jimpames\Desktop\FESv8-algebraic\migration_toolkit\sonicwall_parser","CreationTime: 6/6/2026 6:32:24 AM, LastAccessTime: 6/7/2026 2:08:07 PM, LastWriteTime: 6/6/2026 7:26:23 AM, ChangeTime: 6/6/2026 7:26:23 AM, FileAttributes: D, AllocationSize: 4,096, EndOfFile: 4,096","BUFFER OVERFLOW"
"2:08:07.2541024 PM","python.exe","51656","CloseFile","C:\Users\jimpames\Desktop\FESv8-algebraic\migration_toolkit\sonicwall_parser","","SUCCESS"
"2:08:07.2574857 PM","python.exe","51656","CreateFile","C:\Users\jimpames\Desktop\FESv8-algebraic\migration_toolkit","Desired Access: Read Attributes, Synchronize, Disposition: Open, Options: Synchronous IO Non-Alert, Attributes: n/a, ShareMode: None, AllocationSize: n/a, OpenResult: Opened","SUCCESS"
"2:08:07.2575181 PM","python.exe","51656","QueryInformationVolume","C:\Users\jimpames\Desktop\FESv8-algebraic\migration_toolkit","VolumeCreationTime: 5/30/2024 3:01:34 PM, VolumeSerialNumber: 66CA-DF9F, SupportsObjects: True, VolumeLabel: Winᄭ","BUFFER OVERFLOW"
"2:08:07.2575357 PM","python.exe","51656","QueryAllInformationFile","C:\Users\jimpames\Desktop\FESv8-algebraic\migration_toolkit","CreationTime: 6/6/2026 6:32:22 AM, LastAccessTime: 6/7/2026 2:08:07 PM, LastWriteTime: 6/6/2026 7:26:22 AM, ChangeTime: 6/6/2026 7:26:22 AM, FileAttributes: D, AllocationSize: 8,192, EndOfFile: 8,192","BUFFER OVERFLOW"
"2:08:07.2575540 PM","python.exe","51656","CloseFile","C:\Users\jimpames\Desktop\FESv8-algebraic\migration_toolkit","","SUCCESS"
"2:08:07.2576866 PM","python.exe","51656","CreateFile","C:\Users\jimpames\Desktop\FESv8-algebraic\migration_toolkit\sonicwall_parser","Desired Access: Read Attributes, Synchronize, Disposition: Open, Options: Synchronous IO Non-Alert, Attributes: n/a, ShareMode: None, AllocationSize: n/a, OpenResult: Opened","SUCCESS"
"2:08:07.2577066 PM","python.exe","51656","QueryInformationVolume","C:\Users\jimpames\Desktop\FESv8-algebraic\migration_toolkit\sonicwall_parser","VolumeCreationTime: 5/30/2024 3:01:34 PM, VolumeSerialNumber: 66CA-DF9F, SupportsObjects: True, VolumeLabel: Winხ","BUFFER OVERFLOW"
"2:08:07.2577190 PM","python.exe","51656","QueryAllInformationFile","C:\Users\jimpames\Desktop\FESv8-algebraic\migration_toolkit\sonicwall_parser","CreationTime: 6/6/2026 6:32:24 AM, LastAccessTime: 6/7/2026 2:08:07 PM, LastWriteTime: 6/6/2026 7:26:23 AM, ChangeTime: 6/6/2026 7:26:23 AM, FileAttributes: D, AllocationSize: 4,096, EndOfFile: 4,096","BUFFER OVERFLOW"
"2:08:07.2577343 PM","python.exe","51656","CloseFile","C:\Users\jimpames\Desktop\FESv8-algebraic\migration_toolkit\sonicwall_parser","","SUCCESS"
"2:08:07.2595173 PM","python.exe","51656","CreateFile","C:\Users\jimpames\Desktop\FESv8-algebraic\migration_toolkit","Desired Access: Read Attributes, Synchronize, Disposition: Open, Options: Synchronous IO Non-Alert, Attributes: n/a, ShareMode: None, AllocationSize: n/a, OpenResult: Opened","SUCCESS"
"2:08:07.2595501 PM","python.exe","51656","QueryInformationVolume","C:\Users\jimpames\Desktop\FESv8-algebraic\migration_toolkit","VolumeCreationTime: 5/30/2024 3:01:34 PM, VolumeSerialNumber: 66CA-DF9F, SupportsObjects: True, VolumeLabel: Winᄴ","BUFFER OVERFLOW"
"2:08:07.2595668 PM","python.exe","51656","QueryAllInformationFile","C:\Users\jimpames\Desktop\FESv8-algebraic\migration_toolkit","CreationTime: 6/6/2026 6:32:22 AM, LastAccessTime: 6/7/2026 2:08:07 PM, LastWriteTime: 6/6/2026 7:26:22 AM, ChangeTime: 6/6/2026 7:26:22 AM, FileAttributes: D, AllocationSize: 8,192, EndOfFile: 8,192","BUFFER OVERFLOW"
"2:08:07.2595841 PM","python.exe","51656","CloseFile","C:\Users\jimpames\Desktop\FESv8-algebraic\migration_toolkit","","SUCCESS"
"2:08:07.2597188 PM","python.exe","51656","CreateFile","C:\Users\jimpames\Desktop\FESv8-algebraic\migration_toolkit\sonicwall_parser","Desired Access: Read Attributes, Synchronize, Disposition: Open, Options: Synchronous IO Non-Alert, Attributes: n/a, ShareMode: None, AllocationSize: n/a, OpenResult: Opened","SUCCESS"
"2:08:07.2597496 PM","python.exe","51656","QueryInformationVolume","C:\Users\jimpames\Desktop\FESv8-algebraic\migration_toolkit\sonicwall_parser","VolumeCreationTime: 5/30/2024 3:01:34 PM, VolumeSerialNumber: 66CA-DF9F, SupportsObjects: True, VolumeLabel: Winᄴ","BUFFER OVERFLOW"
"2:08:07.2597671 PM","python.exe","51656","QueryAllInformationFile","C:\Users\jimpames\Desktop\FESv8-algebraic\migration_toolkit\sonicwall_parser","CreationTime: 6/6/2026 6:32:24 AM, LastAccessTime: 6/7/2026 2:08:07 PM, LastWriteTime: 6/6/2026 7:26:23 AM, ChangeTime: 6/6/2026 7:26:23 AM, FileAttributes: D, AllocationSize: 4,096, EndOfFile: 4,096","BUFFER OVERFLOW"
"2:08:07.2597847 PM","python.exe","51656","CloseFile","C:\Users\jimpames\Desktop\FESv8-algebraic\migration_toolkit\sonicwall_parser","","SUCCESS"
"2:08:07.4118478 PM","python.exe","51656","CloseFile","C:\Users\jimpames\Desktop\FESv8-algebraic\migration_toolkit","","SUCCESS"
"2:08:07.4145240 PM","python.exe","23716","CloseFile","C:\Users\jimpames\Desktop\FESv8-algebraic\migration_toolkit","","SUCCESS"
"2:08:07.4161329 PM","python.exe","35508","CreateFile","C:\Users\jimpames\Desktop\FESv8-algebraic\migration_toolkit\enricher","Desired Access: Read Attributes, Disposition: Open, Options: Open Reparse Point, Attributes: n/a, ShareMode: Read, Write, Delete, AllocationSize: n/a, OpenResult: Opened","SUCCESS"
"2:08:07.4161507 PM","python.exe","35508","QueryBasicInformationFile","C:\Users\jimpames\Desktop\FESv8-algebraic\migration_toolkit\enricher","CreationTime: 6/6/2026 6:32:23 AM, LastAccessTime: 6/7/2026 2:08:07 PM, LastWriteTime: 6/6/2026 7:26:22 AM, ChangeTime: 6/6/2026 7:26:22 AM, FileAttributes: D","SUCCESS"
"2:08:07.4161603 PM","python.exe","35508","CloseFile","C:\Users\jimpames\Desktop\FESv8-algebraic\migration_toolkit\enricher","","SUCCESS"
"2:08:07.4231468 PM","python.exe","16516","CreateFile","C:\Users\jimpames\Desktop\FESv8-algebraic\migration_toolkit\enricher","Desired Access: Execute/Traverse, Synchronize, Disposition: Open, Options: Directory, Synchronous IO Non-Alert, Attributes: n/a, ShareMode: Read, Write, AllocationSize: n/a, OpenResult: Opened","SUCCESS"
"2:08:07.4353134 PM","python.exe","47300","CreateFile","C:\Users\jimpames\Desktop\FESv8-algebraic\migration_toolkit\enricher","Desired Access: Execute/Traverse, Synchronize, Disposition: Open, Options: Directory, Synchronous IO Non-Alert, Attributes: n/a, ShareMode: Read, Write, AllocationSize: n/a, OpenResult: Opened","SUCCESS"
"2:08:07.4850526 PM","python.exe","47300","CreateFile","C:\Users\jimpames\Desktop\FESv8-algebraic\migration_toolkit\enricher","Desired Access: Read Attributes, Synchronize, Disposition: Open, Options: Synchronous IO Non-Alert, Attributes: n/a, ShareMode: None, AllocationSize: n/a, OpenResult: Opened","SUCCESS"
"2:08:07.4850980 PM","python.exe","47300","QueryInformationVolume","C:\Users\jimpames\Desktop\FESv8-algebraic\migration_toolkit\enricher","VolumeCreationTime: 5/30/2024 3:01:34 PM, VolumeSerialNumber: 66CA-DF9F, SupportsObjects: True, VolumeLabel: Winጻ","BUFFER OVERFLOW"
"2:08:07.4851111 PM","python.exe","47300","QueryAllInformationFile","C:\Users\jimpames\Desktop\FESv8-algebraic\migration_toolkit\enricher","CreationTime: 6/6/2026 6:32:23 AM, LastAccessTime: 6/7/2026 2:08:07 PM, LastWriteTime: 6/6/2026 7:26:22 AM, ChangeTime: 6/6/2026 7:26:22 AM, FileAttributes: D, AllocationSize: 4,096, EndOfFile: 4,096","BUFFER OVERFLOW"
"2:08:07.4851252 PM","python.exe","47300","CloseFile","C:\Users\jimpames\Desktop\FESv8-algebraic\migration_toolkit\enricher","","SUCCESS"
"2:08:07.4852324 PM","python.exe","47300","CreateFile","C:\Users\jimpames\Desktop\FESv8-algebraic\migration_toolkit\enricher","Desired Access: Read Attributes, Synchronize, Disposition: Open, Options: Synchronous IO Non-Alert, Attributes: n/a, ShareMode: None, AllocationSize: n/a, OpenResult: Opened","SUCCESS"
"2:08:07.4852584 PM","python.exe","47300","QueryInformationVolume","C:\Users\jimpames\Desktop\FESv8-algebraic\migration_toolkit\enricher","VolumeCreationTime: 5/30/2024 3:01:34 PM, VolumeSerialNumber: 66CA-DF9F, SupportsObjects: True, VolumeLabel: Winጻ","BUFFER OVERFLOW"
"2:08:07.4852690 PM","python.exe","47300","QueryAllInformationFile","C:\Users\jimpames\Desktop\FESv8-algebraic\migration_toolkit\enricher","CreationTime: 6/6/2026 6:32:23 AM, LastAccessTime: 6/7/2026 2:08:07 PM, LastWriteTime: 6/6/2026 7:26:22 AM, ChangeTime: 6/6/2026 7:26:22 AM, FileAttributes: D, AllocationSize: 4,096, EndOfFile: 4,096","BUFFER OVERFLOW"
"2:08:07.4852785 PM","python.exe","47300","CloseFile","C:\Users\jimpames\Desktop\FESv8-algebraic\migration_toolkit\enricher","","SUCCESS"
"2:08:07.4853555 PM","python.exe","47300","CreateFile","C:\Users\jimpames\Desktop\FESv8-algebraic\migration_toolkit\enricher","Desired Access: Read Attributes, Synchronize, Disposition: Open, Options: Synchronous IO Non-Alert, Attributes: n/a, ShareMode: None, AllocationSize: n/a, OpenResult: Opened","SUCCESS"
"2:08:07.4853685 PM","python.exe","47300","QueryInformationVolume","C:\Users\jimpames\Desktop\FESv8-algebraic\migration_toolkit\enricher","VolumeCreationTime: 5/30/2024 3:01:34 PM, VolumeSerialNumber: 66CA-DF9F, SupportsObjects: True, VolumeLabel: Winጻ","BUFFER OVERFLOW"
"2:08:07.4853762 PM","python.exe","47300","QueryAllInformationFile","C:\Users\jimpames\Desktop\FESv8-algebraic\migration_toolkit\enricher","CreationTime: 6/6/2026 6:32:23 AM, LastAccessTime: 6/7/2026 2:08:07 PM, LastWriteTime: 6/6/2026 7:26:22 AM, ChangeTime: 6/6/2026 7:26:22 AM, FileAttributes: D, AllocationSize: 4,096, EndOfFile: 4,096","BUFFER OVERFLOW"
"2:08:07.4853871 PM","python.exe","47300","CloseFile","C:\Users\jimpames\Desktop\FESv8-algebraic\migration_toolkit\enricher","","SUCCESS"
"2:08:07.4854546 PM","python.exe","47300","CreateFile","C:\Users\jimpames\Desktop\FESv8-algebraic\migration_toolkit\enricher","Desired Access: Read Data/List Directory, Synchronize, Disposition: Open, Options: Directory, Synchronous IO Non-Alert, Attributes: n/a, ShareMode: Read, Write, Delete, AllocationSize: n/a, OpenResult: Opened","SUCCESS"
"2:08:07.4855010 PM","python.exe","47300","QueryDirectory","C:\Users\jimpames\Desktop\FESv8-algebraic\migration_toolkit\enricher","FileInformationClass: FileBothDirectoryInformation, 1: .., 2: enricher.py, 3: enrich_config.ini, 4: enrich_config.schema.ini, 5: enrich_schema.ini, 6: output","SUCCESS"
"2:08:07.4855221 PM","python.exe","47300","QueryDirectory","C:\Users\jimpames\Desktop\FESv8-algebraic\migration_toolkit\enricher","FileInformationClass: FileBothDirectoryInformation","NO MORE FILES"
"2:08:07.4855308 PM","python.exe","47300","CloseFile","C:\Users\jimpames\Desktop\FESv8-algebraic\migration_toolkit\enricher","","SUCCESS"
"2:08:07.4868047 PM","python.exe","47300","CreateFile","C:\Users\jimpames\Desktop\FESv8-algebraic\migration_toolkit\enricher","Desired Access: Read Attributes, Synchronize, Disposition: Open, Options: Synchronous IO Non-Alert, Attributes: n/a, ShareMode: None, AllocationSize: n/a, OpenResult: Opened","SUCCESS"
"2:08:07.4868227 PM","python.exe","47300","QueryInformationVolume","C:\Users\jimpames\Desktop\FESv8-algebraic\migration_toolkit\enricher","VolumeCreationTime: 5/30/2024 3:01:34 PM, VolumeSerialNumber: 66CA-DF9F, SupportsObjects: True, VolumeLabel: Winጻ","BUFFER OVERFLOW"
"2:08:07.4868350 PM","python.exe","47300","QueryAllInformationFile","C:\Users\jimpames\Desktop\FESv8-algebraic\migration_toolkit\enricher","CreationTime: 6/6/2026 6:32:23 AM, LastAccessTime: 6/7/2026 2:08:07 PM, LastWriteTime: 6/6/2026 7:26:22 AM, ChangeTime: 6/6/2026 7:26:22 AM, FileAttributes: D, AllocationSize: 4,096, EndOfFile: 4,096","BUFFER OVERFLOW"
"2:08:07.4868473 PM","python.exe","47300","CloseFile","C:\Users\jimpames\Desktop\FESv8-algebraic\migration_toolkit\enricher","","SUCCESS"
"2:08:07.4883153 PM","python.exe","47300","CreateFile","C:\Users\jimpames\Desktop\FESv8-algebraic\migration_toolkit\enricher","Desired Access: Read Attributes, Synchronize, Disposition: Open, Options: Synchronous IO Non-Alert, Attributes: n/a, ShareMode: None, AllocationSize: n/a, OpenResult: Opened","SUCCESS"
"2:08:07.4883728 PM","python.exe","47300","QueryInformationVolume","C:\Users\jimpames\Desktop\FESv8-algebraic\migration_toolkit\enricher","VolumeCreationTime: 5/30/2024 3:01:34 PM, VolumeSerialNumber: 66CA-DF9F, SupportsObjects: True, VolumeLabel: Winጻ","BUFFER OVERFLOW"
"2:08:07.4883900 PM","python.exe","47300","QueryAllInformationFile","C:\Users\jimpames\Desktop\FESv8-algebraic\migration_toolkit\enricher","CreationTime: 6/6/2026 6:32:23 AM, LastAccessTime: 6/7/2026 2:08:07 PM, LastWriteTime: 6/6/2026 7:26:22 AM, ChangeTime: 6/6/2026 7:26:22 AM, FileAttributes: D, AllocationSize: 4,096, EndOfFile: 4,096","BUFFER OVERFLOW"
"2:08:07.4884088 PM","python.exe","47300","CloseFile","C:\Users\jimpames\Desktop\FESv8-algebraic\migration_toolkit\enricher","","SUCCESS"
"2:08:07.4897894 PM","python.exe","47300","CreateFile","C:\Users\jimpames\Desktop\FESv8-algebraic\migration_toolkit\enricher","Desired Access: Read Attributes, Synchronize, Disposition: Open, Options: Synchronous IO Non-Alert, Attributes: n/a, ShareMode: None, AllocationSize: n/a, OpenResult: Opened","SUCCESS"
"2:08:07.4898116 PM","python.exe","47300","QueryInformationVolume","C:\Users\jimpames\Desktop\FESv8-algebraic\migration_toolkit\enricher","VolumeCreationTime: 5/30/2024 3:01:34 PM, VolumeSerialNumber: 66CA-DF9F, SupportsObjects: True, VolumeLabel: Winጻ","BUFFER OVERFLOW"
"2:08:07.4898216 PM","python.exe","47300","QueryAllInformationFile","C:\Users\jimpames\Desktop\FESv8-algebraic\migration_toolkit\enricher","CreationTime: 6/6/2026 6:32:23 AM, LastAccessTime: 6/7/2026 2:08:07 PM, LastWriteTime: 6/6/2026 7:26:22 AM, ChangeTime: 6/6/2026 7:26:22 AM, FileAttributes: D, AllocationSize: 4,096, EndOfFile: 4,096","BUFFER OVERFLOW"
"2:08:07.4898326 PM","python.exe","47300","CloseFile","C:\Users\jimpames\Desktop\FESv8-algebraic\migration_toolkit\enricher","","SUCCESS"
"2:08:07.4910979 PM","python.exe","47300","CreateFile","C:\Users\jimpames\Desktop\FESv8-algebraic\migration_toolkit\enricher","Desired Access: Read Attributes, Synchronize, Disposition: Open, Options: Synchronous IO Non-Alert, Attributes: n/a, ShareMode: None, AllocationSize: n/a, OpenResult: Opened","SUCCESS"
"2:08:07.4911287 PM","python.exe","47300","QueryInformationVolume","C:\Users\jimpames\Desktop\FESv8-algebraic\migration_toolkit\enricher","VolumeCreationTime: 5/30/2024 3:01:34 PM, VolumeSerialNumber: 66CA-DF9F, SupportsObjects: True, VolumeLabel: Winጻ","BUFFER OVERFLOW"
"2:08:07.4911417 PM","python.exe","47300","QueryAllInformationFile","C:\Users\jimpames\Desktop\FESv8-algebraic\migration_toolkit\enricher","CreationTime: 6/6/2026 6:32:23 AM, LastAccessTime: 6/7/2026 2:08:07 PM, LastWriteTime: 6/6/2026 7:26:22 AM, ChangeTime: 6/6/2026 7:26:22 AM, FileAttributes: D, AllocationSize: 4,096, EndOfFile: 4,096","BUFFER OVERFLOW"
"2:08:07.4911552 PM","python.exe","47300","CloseFile","C:\Users\jimpames\Desktop\FESv8-algebraic\migration_toolkit\enricher","","SUCCESS"
"2:08:07.4927606 PM","python.exe","47300","CreateFile","C:\Users\jimpames\Desktop\FESv8-algebraic\migration_toolkit\enricher","Desired Access: Read Attributes, Synchronize, Disposition: Open, Options: Synchronous IO Non-Alert, Attributes: n/a, ShareMode: None, AllocationSize: n/a, OpenResult: Opened","SUCCESS"
"2:08:07.4927835 PM","python.exe","47300","QueryInformationVolume","C:\Users\jimpames\Desktop\FESv8-algebraic\migration_toolkit\enricher","VolumeCreationTime: 5/30/2024 3:01:34 PM, VolumeSerialNumber: 66CA-DF9F, SupportsObjects: True, VolumeLabel: Winጻ","BUFFER OVERFLOW"
"2:08:07.4927946 PM","python.exe","47300","QueryAllInformationFile","C:\Users\jimpames\Desktop\FESv8-algebraic\migration_toolkit\enricher","CreationTime: 6/6/2026 6:32:23 AM, LastAccessTime: 6/7/2026 2:08:07 PM, LastWriteTime: 6/6/2026 7:26:22 AM, ChangeTime: 6/6/2026 7:26:22 AM, FileAttributes: D, AllocationSize: 4,096, EndOfFile: 4,096","BUFFER OVERFLOW"
"2:08:07.4928061 PM","python.exe","47300","CloseFile","C:\Users\jimpames\Desktop\FESv8-algebraic\migration_toolkit\enricher","","SUCCESS"
"2:08:07.4942198 PM","python.exe","47300","CreateFile","C:\Users\jimpames\Desktop\FESv8-algebraic\migration_toolkit\enricher","Desired Access: Read Attributes, Synchronize, Disposition: Open, Options: Synchronous IO Non-Alert, Attributes: n/a, ShareMode: None, AllocationSize: n/a, OpenResult: Opened","SUCCESS"
"2:08:07.4942420 PM","python.exe","47300","QueryInformationVolume","C:\Users\jimpames\Desktop\FESv8-algebraic\migration_toolkit\enricher","VolumeCreationTime: 5/30/2024 3:01:34 PM, VolumeSerialNumber: 66CA-DF9F, SupportsObjects: True, VolumeLabel: Win","BUFFER OVERFLOW"
"2:08:07.4942528 PM","python.exe","47300","QueryAllInformationFile","C:\Users\jimpames\Desktop\FESv8-algebraic\migration_toolkit\enricher","CreationTime: 6/6/2026 6:32:23 AM, LastAccessTime: 6/7/2026 2:08:07 PM, LastWriteTime: 6/6/2026 7:26:22 AM, ChangeTime: 6/6/2026 7:26:22 AM, FileAttributes: D, AllocationSize: 4,096, EndOfFile: 4,096","BUFFER OVERFLOW"
"2:08:07.4942648 PM","python.exe","47300","CloseFile","C:\Users\jimpames\Desktop\FESv8-algebraic\migration_toolkit\enricher","","SUCCESS"
"2:08:07.4956062 PM","python.exe","47300","CreateFile","C:\Users\jimpames\Desktop\FESv8-algebraic\migration_toolkit\enricher","Desired Access: Read Attributes, Synchronize, Disposition: Open, Options: Synchronous IO Non-Alert, Attributes: n/a, ShareMode: None, AllocationSize: n/a, OpenResult: Opened","SUCCESS"
"2:08:07.4956291 PM","python.exe","47300","QueryInformationVolume","C:\Users\jimpames\Desktop\FESv8-algebraic\migration_toolkit\enricher","VolumeCreationTime: 5/30/2024 3:01:34 PM, VolumeSerialNumber: 66CA-DF9F, SupportsObjects: True, VolumeLabel: Winხ","BUFFER OVERFLOW"
"2:08:07.4956411 PM","python.exe","47300","QueryAllInformationFile","C:\Users\jimpames\Desktop\FESv8-algebraic\migration_toolkit\enricher","CreationTime: 6/6/2026 6:32:23 AM, LastAccessTime: 6/7/2026 2:08:07 PM, LastWriteTime: 6/6/2026 7:26:22 AM, ChangeTime: 6/6/2026 7:26:22 AM, FileAttributes: D, AllocationSize: 4,096, EndOfFile: 4,096","BUFFER OVERFLOW"
"2:08:07.4956547 PM","python.exe","47300","CloseFile","C:\Users\jimpames\Desktop\FESv8-algebraic\migration_toolkit\enricher","","SUCCESS"
"2:08:07.4970410 PM","python.exe","47300","CreateFile","C:\Users\jimpames\Desktop\FESv8-algebraic\migration_toolkit\enricher","Desired Access: Read Attributes, Synchronize, Disposition: Open, Options: Synchronous IO Non-Alert, Attributes: n/a, ShareMode: None, AllocationSize: n/a, OpenResult: Opened","SUCCESS"
"2:08:07.4970697 PM","python.exe","47300","QueryInformationVolume","C:\Users\jimpames\Desktop\FESv8-algebraic\migration_toolkit\enricher","VolumeCreationTime: 5/30/2024 3:01:34 PM, VolumeSerialNumber: 66CA-DF9F, SupportsObjects: True, VolumeLabel: Winጻ","BUFFER OVERFLOW"
"2:08:07.4970846 PM","python.exe","47300","QueryAllInformationFile","C:\Users\jimpames\Desktop\FESv8-algebraic\migration_toolkit\enricher","CreationTime: 6/6/2026 6:32:23 AM, LastAccessTime: 6/7/2026 2:08:07 PM, LastWriteTime: 6/6/2026 7:26:22 AM, ChangeTime: 6/6/2026 7:26:22 AM, FileAttributes: D, AllocationSize: 4,096, EndOfFile: 4,096","BUFFER OVERFLOW"
"2:08:07.4971010 PM","python.exe","47300","CloseFile","C:\Users\jimpames\Desktop\FESv8-algebraic\migration_toolkit\enricher","","SUCCESS"
"2:08:07.4985173 PM","python.exe","47300","CreateFile","C:\Users\jimpames\Desktop\FESv8-algebraic\migration_toolkit\enricher","Desired Access: Read Attributes, Synchronize, Disposition: Open, Options: Synchronous IO Non-Alert, Attributes: n/a, ShareMode: None, AllocationSize: n/a, OpenResult: Opened","SUCCESS"
"2:08:07.4985416 PM","python.exe","47300","QueryInformationVolume","C:\Users\jimpames\Desktop\FESv8-algebraic\migration_toolkit\enricher","VolumeCreationTime: 5/30/2024 3:01:34 PM, VolumeSerialNumber: 66CA-DF9F, SupportsObjects: True, VolumeLabel: Winጻ","BUFFER OVERFLOW"
"2:08:07.4985540 PM","python.exe","47300","QueryAllInformationFile","C:\Users\jimpames\Desktop\FESv8-algebraic\migration_toolkit\enricher","CreationTime: 6/6/2026 6:32:23 AM, LastAccessTime: 6/7/2026 2:08:07 PM, LastWriteTime: 6/6/2026 7:26:22 AM, ChangeTime: 6/6/2026 7:26:22 AM, FileAttributes: D, AllocationSize: 4,096, EndOfFile: 4,096","BUFFER OVERFLOW"
"2:08:07.4985671 PM","python.exe","47300","CloseFile","C:\Users\jimpames\Desktop\FESv8-algebraic\migration_toolkit\enricher","","SUCCESS"
"2:08:07.5001356 PM","python.exe","47300","CreateFile","C:\Users\jimpames\Desktop\FESv8-algebraic\migration_toolkit\enricher","Desired Access: Read Attributes, Synchronize, Disposition: Open, Options: Synchronous IO Non-Alert, Attributes: n/a, ShareMode: None, AllocationSize: n/a, OpenResult: Opened","SUCCESS"
"2:08:07.5001627 PM","python.exe","47300","QueryInformationVolume","C:\Users\jimpames\Desktop\FESv8-algebraic\migration_toolkit\enricher","VolumeCreationTime: 5/30/2024 3:01:34 PM, VolumeSerialNumber: 66CA-DF9F, SupportsObjects: True, VolumeLabel: Winხ","BUFFER OVERFLOW"
"2:08:07.5001767 PM","python.exe","47300","QueryAllInformationFile","C:\Users\jimpames\Desktop\FESv8-algebraic\migration_toolkit\enricher","CreationTime: 6/6/2026 6:32:23 AM, LastAccessTime: 6/7/2026 2:08:07 PM, LastWriteTime: 6/6/2026 7:26:22 AM, ChangeTime: 6/6/2026 7:26:22 AM, FileAttributes: D, AllocationSize: 4,096, EndOfFile: 4,096","BUFFER OVERFLOW"
"2:08:07.5001906 PM","python.exe","47300","CloseFile","C:\Users\jimpames\Desktop\FESv8-algebraic\migration_toolkit\enricher","","SUCCESS"
"2:08:07.5015892 PM","python.exe","47300","CreateFile","C:\Users\jimpames\Desktop\FESv8-algebraic\migration_toolkit\enricher","Desired Access: Read Attributes, Synchronize, Disposition: Open, Options: Synchronous IO Non-Alert, Attributes: n/a, ShareMode: None, AllocationSize: n/a, OpenResult: Opened","SUCCESS"
"2:08:07.5016128 PM","python.exe","47300","QueryInformationVolume","C:\Users\jimpames\Desktop\FESv8-algebraic\migration_toolkit\enricher","VolumeCreationTime: 5/30/2024 3:01:34 PM, VolumeSerialNumber: 66CA-DF9F, SupportsObjects: True, VolumeLabel: Winጻ","BUFFER OVERFLOW"
"2:08:07.5016256 PM","python.exe","47300","QueryAllInformationFile","C:\Users\jimpames\Desktop\FESv8-algebraic\migration_toolkit\enricher","CreationTime: 6/6/2026 6:32:23 AM, LastAccessTime: 6/7/2026 2:08:07 PM, LastWriteTime: 6/6/2026 7:26:22 AM, ChangeTime: 6/6/2026 7:26:22 AM, FileAttributes: D, AllocationSize: 4,096, EndOfFile: 4,096","BUFFER OVERFLOW"
"2:08:07.5016392 PM","python.exe","47300","CloseFile","C:\Users\jimpames\Desktop\FESv8-algebraic\migration_toolkit\enricher","","SUCCESS"
"2:08:07.5030993 PM","python.exe","47300","CreateFile","C:\Users\jimpames\Desktop\FESv8-algebraic\migration_toolkit\enricher","Desired Access: Read Attributes, Synchronize, Disposition: Open, Options: Synchronous IO Non-Alert, Attributes: n/a, ShareMode: None, AllocationSize: n/a, OpenResult: Opened","SUCCESS"
"2:08:07.5031253 PM","python.exe","47300","QueryInformationVolume","C:\Users\jimpames\Desktop\FESv8-algebraic\migration_toolkit\enricher","VolumeCreationTime: 5/30/2024 3:01:34 PM, VolumeSerialNumber: 66CA-DF9F, SupportsObjects: True, VolumeLabel: Winጻ","BUFFER OVERFLOW"
"2:08:07.5031431 PM","python.exe","47300","QueryAllInformationFile","C:\Users\jimpames\Desktop\FESv8-algebraic\migration_toolkit\enricher","CreationTime: 6/6/2026 6:32:23 AM, LastAccessTime: 6/7/2026 2:08:07 PM, LastWriteTime: 6/6/2026 7:26:22 AM, ChangeTime: 6/6/2026 7:26:22 AM, FileAttributes: D, AllocationSize: 4,096, EndOfFile: 4,096","BUFFER OVERFLOW"
"2:08:07.5031650 PM","python.exe","47300","CloseFile","C:\Users\jimpames\Desktop\FESv8-algebraic\migration_toolkit\enricher","","SUCCESS"
"2:08:07.5054202 PM","python.exe","47300","CreateFile","C:\Users\jimpames\Desktop\FESv8-algebraic\migration_toolkit\enricher","Desired Access: Read Attributes, Synchronize, Disposition: Open, Options: Synchronous IO Non-Alert, Attributes: n/a, ShareMode: None, AllocationSize: n/a, OpenResult: Opened","SUCCESS"
"2:08:07.5054486 PM","python.exe","47300","QueryInformationVolume","C:\Users\jimpames\Desktop\FESv8-algebraic\migration_toolkit\enricher","VolumeCreationTime: 5/30/2024 3:01:34 PM, VolumeSerialNumber: 66CA-DF9F, SupportsObjects: True, VolumeLabel: Winხ","BUFFER OVERFLOW"
"2:08:07.5054609 PM","python.exe","47300","QueryAllInformationFile","C:\Users\jimpames\Desktop\FESv8-algebraic\migration_toolkit\enricher","CreationTime: 6/6/2026 6:32:23 AM, LastAccessTime: 6/7/2026 2:08:07 PM, LastWriteTime: 6/6/2026 7:26:22 AM, ChangeTime: 6/6/2026 7:26:22 AM, FileAttributes: D, AllocationSize: 4,096, EndOfFile: 4,096","BUFFER OVERFLOW"
"2:08:07.5054763 PM","python.exe","47300","CloseFile","C:\Users\jimpames\Desktop\FESv8-algebraic\migration_toolkit\enricher","","SUCCESS"
"2:08:07.5068563 PM","python.exe","47300","CreateFile","C:\Users\jimpames\Desktop\FESv8-algebraic\migration_toolkit\enricher","Desired Access: Read Attributes, Synchronize, Disposition: Open, Options: Synchronous IO Non-Alert, Attributes: n/a, ShareMode: None, AllocationSize: n/a, OpenResult: Opened","SUCCESS"
"2:08:07.5068778 PM","python.exe","47300","QueryInformationVolume","C:\Users\jimpames\Desktop\FESv8-algebraic\migration_toolkit\enricher","VolumeCreationTime: 5/30/2024 3:01:34 PM, VolumeSerialNumber: 66CA-DF9F, SupportsObjects: True, VolumeLabel: Winხ","BUFFER OVERFLOW"
"2:08:07.5068900 PM","python.exe","47300","QueryAllInformationFile","C:\Users\jimpames\Desktop\FESv8-algebraic\migration_toolkit\enricher","CreationTime: 6/6/2026 6:32:23 AM, LastAccessTime: 6/7/2026 2:08:07 PM, LastWriteTime: 6/6/2026 7:26:22 AM, ChangeTime: 6/6/2026 7:26:22 AM, FileAttributes: D, AllocationSize: 4,096, EndOfFile: 4,096","BUFFER OVERFLOW"
"2:08:07.5069029 PM","python.exe","47300","CloseFile","C:\Users\jimpames\Desktop\FESv8-algebraic\migration_toolkit\enricher","","SUCCESS"
"2:08:07.5093242 PM","python.exe","47300","CreateFile","C:\Users\jimpames\Desktop\FESv8-algebraic\migration_toolkit\enricher","Desired Access: Read Attributes, Synchronize, Disposition: Open, Options: Synchronous IO Non-Alert, Attributes: n/a, ShareMode: None, AllocationSize: n/a, OpenResult: Opened","SUCCESS"
"2:08:07.5093522 PM","python.exe","47300","QueryInformationVolume","C:\Users\jimpames\Desktop\FESv8-algebraic\migration_toolkit\enricher","VolumeCreationTime: 5/30/2024 3:01:34 PM, VolumeSerialNumber: 66CA-DF9F, SupportsObjects: True, VolumeLabel: Winጻ","BUFFER OVERFLOW"
"2:08:07.5093655 PM","python.exe","47300","QueryAllInformationFile","C:\Users\jimpames\Desktop\FESv8-algebraic\migration_toolkit\enricher","CreationTime: 6/6/2026 6:32:23 AM, LastAccessTime: 6/7/2026 2:08:07 PM, LastWriteTime: 6/6/2026 7:26:22 AM, ChangeTime: 6/6/2026 7:26:22 AM, FileAttributes: D, AllocationSize: 4,096, EndOfFile: 4,096","BUFFER OVERFLOW"
"2:08:07.5093787 PM","python.exe","47300","CloseFile","C:\Users\jimpames\Desktop\FESv8-algebraic\migration_toolkit\enricher","","SUCCESS"
"2:08:07.5120638 PM","python.exe","47300","CreateFile","C:\Users\jimpames\Desktop\FESv8-algebraic\migration_toolkit\enricher","Desired Access: Read Attributes, Synchronize, Disposition: Open, Options: Synchronous IO Non-Alert, Attributes: n/a, ShareMode: None, AllocationSize: n/a, OpenResult: Opened","SUCCESS"
"2:08:07.5120841 PM","python.exe","47300","QueryInformationVolume","C:\Users\jimpames\Desktop\FESv8-algebraic\migration_toolkit\enricher","VolumeCreationTime: 5/30/2024 3:01:34 PM, VolumeSerialNumber: 66CA-DF9F, SupportsObjects: True, VolumeLabel: Winጻ","BUFFER OVERFLOW"
"2:08:07.5120954 PM","python.exe","47300","QueryAllInformationFile","C:\Users\jimpames\Desktop\FESv8-algebraic\migration_toolkit\enricher","CreationTime: 6/6/2026 6:32:23 AM, LastAccessTime: 6/7/2026 2:08:07 PM, LastWriteTime: 6/6/2026 7:26:22 AM, ChangeTime: 6/6/2026 7:26:22 AM, FileAttributes: D, AllocationSize: 4,096, EndOfFile: 4,096","BUFFER OVERFLOW"
"2:08:07.5121095 PM","python.exe","47300","CloseFile","C:\Users\jimpames\Desktop\FESv8-algebraic\migration_toolkit\enricher","","SUCCESS"
"2:08:07.5144129 PM","python.exe","47300","CreateFile","C:\Users\jimpames\Desktop\FESv8-algebraic\migration_toolkit\enricher","Desired Access: Read Attributes, Synchronize, Disposition: Open, Options: Synchronous IO Non-Alert, Attributes: n/a, ShareMode: None, AllocationSize: n/a, OpenResult: Opened","SUCCESS"
"2:08:07.5144357 PM","python.exe","47300","QueryInformationVolume","C:\Users\jimpames\Desktop\FESv8-algebraic\migration_toolkit\enricher","VolumeCreationTime: 5/30/2024 3:01:34 PM, VolumeSerialNumber: 66CA-DF9F, SupportsObjects: True, VolumeLabel: Winጻ","BUFFER OVERFLOW"
"2:08:07.5144455 PM","python.exe","47300","QueryAllInformationFile","C:\Users\jimpames\Desktop\FESv8-algebraic\migration_toolkit\enricher","CreationTime: 6/6/2026 6:32:23 AM, LastAccessTime: 6/7/2026 2:08:07 PM, LastWriteTime: 6/6/2026 7:26:22 AM, ChangeTime: 6/6/2026 7:26:22 AM, FileAttributes: D, AllocationSize: 4,096, EndOfFile: 4,096","BUFFER OVERFLOW"
"2:08:07.5144553 PM","python.exe","47300","CloseFile","C:\Users\jimpames\Desktop\FESv8-algebraic\migration_toolkit\enricher","","SUCCESS"
"2:08:07.5160249 PM","python.exe","47300","CreateFile","C:\Users\jimpames\Desktop\FESv8-algebraic\migration_toolkit\enricher","Desired Access: Read Attributes, Synchronize, Disposition: Open, Options: Synchronous IO Non-Alert, Attributes: n/a, ShareMode: None, AllocationSize: n/a, OpenResult: Opened","SUCCESS"
"2:08:07.5160450 PM","python.exe","47300","QueryInformationVolume","C:\Users\jimpames\Desktop\FESv8-algebraic\migration_toolkit\enricher","VolumeCreationTime: 5/30/2024 3:01:34 PM, VolumeSerialNumber: 66CA-DF9F, SupportsObjects: True, VolumeLabel: Winጻ","BUFFER OVERFLOW"
"2:08:07.5160534 PM","python.exe","47300","QueryAllInformationFile","C:\Users\jimpames\Desktop\FESv8-algebraic\migration_toolkit\enricher","CreationTime: 6/6/2026 6:32:23 AM, LastAccessTime: 6/7/2026 2:08:07 PM, LastWriteTime: 6/6/2026 7:26:22 AM, ChangeTime: 6/6/2026 7:26:22 AM, FileAttributes: D, AllocationSize: 4,096, EndOfFile: 4,096","BUFFER OVERFLOW"
"2:08:07.5160630 PM","python.exe","47300","CloseFile","C:\Users\jimpames\Desktop\FESv8-algebraic\migration_toolkit\enricher","","SUCCESS"
"2:08:07.5214245 PM","python.exe","47300","CreateFile","C:\Users\jimpames\Desktop\FESv8-algebraic\migration_toolkit\enricher","Desired Access: Read Attributes, Synchronize, Disposition: Open, Options: Synchronous IO Non-Alert, Attributes: n/a, ShareMode: None, AllocationSize: n/a, OpenResult: Opened","SUCCESS"
"2:08:07.5214484 PM","python.exe","47300","QueryInformationVolume","C:\Users\jimpames\Desktop\FESv8-algebraic\migration_toolkit\enricher","VolumeCreationTime: 5/30/2024 3:01:34 PM, VolumeSerialNumber: 66CA-DF9F, SupportsObjects: True, VolumeLabel: Winხ","BUFFER OVERFLOW"
"2:08:07.5214568 PM","python.exe","47300","QueryAllInformationFile","C:\Users\jimpames\Desktop\FESv8-algebraic\migration_toolkit\enricher","CreationTime: 6/6/2026 6:32:23 AM, LastAccessTime: 6/7/2026 2:08:07 PM, LastWriteTime: 6/6/2026 7:26:22 AM, ChangeTime: 6/6/2026 7:26:22 AM, FileAttributes: D, AllocationSize: 4,096, EndOfFile: 4,096","BUFFER OVERFLOW"
"2:08:07.5214660 PM","python.exe","47300","CloseFile","C:\Users\jimpames\Desktop\FESv8-algebraic\migration_toolkit\enricher","","SUCCESS"
"2:08:07.5225780 PM","python.exe","47300","CreateFile","C:\Users\jimpames\Desktop\FESv8-algebraic\migration_toolkit\enricher","Desired Access: Read Attributes, Synchronize, Disposition: Open, Options: Synchronous IO Non-Alert, Attributes: n/a, ShareMode: None, AllocationSize: n/a, OpenResult: Opened","SUCCESS"
"2:08:07.5225994 PM","python.exe","47300","QueryInformationVolume","C:\Users\jimpames\Desktop\FESv8-algebraic\migration_toolkit\enricher","VolumeCreationTime: 5/30/2024 3:01:34 PM, VolumeSerialNumber: 66CA-DF9F, SupportsObjects: True, VolumeLabel: Winጻ","BUFFER OVERFLOW"
"2:08:07.5226087 PM","python.exe","47300","QueryAllInformationFile","C:\Users\jimpames\Desktop\FESv8-algebraic\migration_toolkit\enricher","CreationTime: 6/6/2026 6:32:23 AM, LastAccessTime: 6/7/2026 2:08:07 PM, LastWriteTime: 6/6/2026 7:26:22 AM, ChangeTime: 6/6/2026 7:26:22 AM, FileAttributes: D, AllocationSize: 4,096, EndOfFile: 4,096","BUFFER OVERFLOW"
"2:08:07.5226188 PM","python.exe","47300","CloseFile","C:\Users\jimpames\Desktop\FESv8-algebraic\migration_toolkit\enricher","","SUCCESS"
"2:08:07.5239561 PM","python.exe","47300","CreateFile","C:\Users\jimpames\Desktop\FESv8-algebraic\migration_toolkit\enricher","Desired Access: Read Attributes, Synchronize, Disposition: Open, Options: Synchronous IO Non-Alert, Attributes: n/a, ShareMode: None, AllocationSize: n/a, OpenResult: Opened","SUCCESS"
"2:08:07.5239956 PM","python.exe","47300","QueryInformationVolume","C:\Users\jimpames\Desktop\FESv8-algebraic\migration_toolkit\enricher","VolumeCreationTime: 5/30/2024 3:01:34 PM, VolumeSerialNumber: 66CA-DF9F, SupportsObjects: True, VolumeLabel: Winხ","BUFFER OVERFLOW"
"2:08:07.5240115 PM","python.exe","47300","QueryAllInformationFile","C:\Users\jimpames\Desktop\FESv8-algebraic\migration_toolkit\enricher","CreationTime: 6/6/2026 6:32:23 AM, LastAccessTime: 6/7/2026 2:08:07 PM, LastWriteTime: 6/6/2026 7:26:22 AM, ChangeTime: 6/6/2026 7:26:22 AM, FileAttributes: D, AllocationSize: 4,096, EndOfFile: 4,096","BUFFER OVERFLOW"
"2:08:07.5240306 PM","python.exe","47300","CloseFile","C:\Users\jimpames\Desktop\FESv8-algebraic\migration_toolkit\enricher","","SUCCESS"
"2:08:07.5254384 PM","python.exe","47300","CreateFile","C:\Users\jimpames\Desktop\FESv8-algebraic\migration_toolkit\enricher","Desired Access: Read Attributes, Synchronize, Disposition: Open, Options: Synchronous IO Non-Alert, Attributes: n/a, ShareMode: None, AllocationSize: n/a, OpenResult: Opened","SUCCESS"
"2:08:07.5254592 PM","python.exe","47300","QueryInformationVolume","C:\Users\jimpames\Desktop\FESv8-algebraic\migration_toolkit\enricher","VolumeCreationTime: 5/30/2024 3:01:34 PM, VolumeSerialNumber: 66CA-DF9F, SupportsObjects: True, VolumeLabel: Winხ","BUFFER OVERFLOW"
"2:08:07.5254702 PM","python.exe","47300","QueryAllInformationFile","C:\Users\jimpames\Desktop\FESv8-algebraic\migration_toolkit\enricher","CreationTime: 6/6/2026 6:32:23 AM, LastAccessTime: 6/7/2026 2:08:07 PM, LastWriteTime: 6/6/2026 7:26:22 AM, ChangeTime: 6/6/2026 7:26:22 AM, FileAttributes: D, AllocationSize: 4,096, EndOfFile: 4,096","BUFFER OVERFLOW"
"2:08:07.5254822 PM","python.exe","47300","CloseFile","C:\Users\jimpames\Desktop\FESv8-algebraic\migration_toolkit\enricher","","SUCCESS"
"2:08:07.5268982 PM","python.exe","47300","CreateFile","C:\Users\jimpames\Desktop\FESv8-algebraic\migration_toolkit\enricher","Desired Access: Read Attributes, Synchronize, Disposition: Open, Options: Synchronous IO Non-Alert, Attributes: n/a, ShareMode: None, AllocationSize: n/a, OpenResult: Opened","SUCCESS"
"2:08:07.5269262 PM","python.exe","47300","QueryInformationVolume","C:\Users\jimpames\Desktop\FESv8-algebraic\migration_toolkit\enricher","VolumeCreationTime: 5/30/2024 3:01:34 PM, VolumeSerialNumber: 66CA-DF9F, SupportsObjects: True, VolumeLabel: Winხ","BUFFER OVERFLOW"
"2:08:07.5269398 PM","python.exe","47300","QueryAllInformationFile","C:\Users\jimpames\Desktop\FESv8-algebraic\migration_toolkit\enricher","CreationTime: 6/6/2026 6:32:23 AM, LastAccessTime: 6/7/2026 2:08:07 PM, LastWriteTime: 6/6/2026 7:26:22 AM, ChangeTime: 6/6/2026 7:26:22 AM, FileAttributes: D, AllocationSize: 4,096, EndOfFile: 4,096","BUFFER OVERFLOW"
"2:08:07.5269534 PM","python.exe","47300","CloseFile","C:\Users\jimpames\Desktop\FESv8-algebraic\migration_toolkit\enricher","","SUCCESS"
"2:08:07.5279019 PM","python.exe","47300","CreateFile","C:\Users\jimpames\Desktop\FESv8-algebraic\migration_toolkit\enricher","Desired Access: Read Attributes, Synchronize, Disposition: Open, Options: Synchronous IO Non-Alert, Attributes: n/a, ShareMode: None, AllocationSize: n/a, OpenResult: Opened","SUCCESS"
"2:08:07.5279161 PM","python.exe","47300","QueryInformationVolume","C:\Users\jimpames\Desktop\FESv8-algebraic\migration_toolkit\enricher","VolumeCreationTime: 5/30/2024 3:01:34 PM, VolumeSerialNumber: 66CA-DF9F, SupportsObjects: True, VolumeLabel: Winጻ","BUFFER OVERFLOW"
"2:08:07.5279239 PM","python.exe","47300","QueryAllInformationFile","C:\Users\jimpames\Desktop\FESv8-algebraic\migration_toolkit\enricher","CreationTime: 6/6/2026 6:32:23 AM, LastAccessTime: 6/7/2026 2:08:07 PM, LastWriteTime: 6/6/2026 7:26:22 AM, ChangeTime: 6/6/2026 7:26:22 AM, FileAttributes: D, AllocationSize: 4,096, EndOfFile: 4,096","BUFFER OVERFLOW"
"2:08:07.5279347 PM","python.exe","47300","CloseFile","C:\Users\jimpames\Desktop\FESv8-algebraic\migration_toolkit\enricher","","SUCCESS"
"2:08:07.5297016 PM","python.exe","47300","CreateFile","C:\Users\jimpames\Desktop\FESv8-algebraic\migration_toolkit\enricher","Desired Access: Read Attributes, Synchronize, Disposition: Open, Options: Synchronous IO Non-Alert, Attributes: n/a, ShareMode: None, AllocationSize: n/a, OpenResult: Opened","SUCCESS"
"2:08:07.5297313 PM","python.exe","47300","QueryInformationVolume","C:\Users\jimpames\Desktop\FESv8-algebraic\migration_toolkit\enricher","VolumeCreationTime: 5/30/2024 3:01:34 PM, VolumeSerialNumber: 66CA-DF9F, SupportsObjects: True, VolumeLabel: Winጻ","BUFFER OVERFLOW"
"2:08:07.5297491 PM","python.exe","47300","QueryAllInformationFile","C:\Users\jimpames\Desktop\FESv8-algebraic\migration_toolkit\enricher","CreationTime: 6/6/2026 6:32:23 AM, LastAccessTime: 6/7/2026 2:08:07 PM, LastWriteTime: 6/6/2026 7:26:22 AM, ChangeTime: 6/6/2026 7:26:22 AM, FileAttributes: D, AllocationSize: 4,096, EndOfFile: 4,096","BUFFER OVERFLOW"
"2:08:07.5297683 PM","python.exe","47300","CloseFile","C:\Users\jimpames\Desktop\FESv8-algebraic\migration_toolkit\enricher","","SUCCESS"
"2:08:07.5320427 PM","python.exe","47300","CreateFile","C:\Users\jimpames\Desktop\FESv8-algebraic\migration_toolkit\enricher","Desired Access: Read Attributes, Synchronize, Disposition: Open, Options: Synchronous IO Non-Alert, Attributes: n/a, ShareMode: None, AllocationSize: n/a, OpenResult: Opened","SUCCESS"
"2:08:07.5320699 PM","python.exe","47300","QueryInformationVolume","C:\Users\jimpames\Desktop\FESv8-algebraic\migration_toolkit\enricher","VolumeCreationTime: 5/30/2024 3:01:34 PM, VolumeSerialNumber: 66CA-DF9F, SupportsObjects: True, VolumeLabel: Winხ","BUFFER OVERFLOW"
"2:08:07.5320831 PM","python.exe","47300","QueryAllInformationFile","C:\Users\jimpames\Desktop\FESv8-algebraic\migration_toolkit\enricher","CreationTime: 6/6/2026 6:32:23 AM, LastAccessTime: 6/7/2026 2:08:07 PM, LastWriteTime: 6/6/2026 7:26:22 AM, ChangeTime: 6/6/2026 7:26:22 AM, FileAttributes: D, AllocationSize: 4,096, EndOfFile: 4,096","BUFFER OVERFLOW"
"2:08:07.5320965 PM","python.exe","47300","CloseFile","C:\Users\jimpames\Desktop\FESv8-algebraic\migration_toolkit\enricher","","SUCCESS"
"2:08:07.5337974 PM","python.exe","47300","CreateFile","C:\Users\jimpames\Desktop\FESv8-algebraic\migration_toolkit\enricher","Desired Access: Read Attributes, Synchronize, Disposition: Open, Options: Synchronous IO Non-Alert, Attributes: n/a, ShareMode: None, AllocationSize: n/a, OpenResult: Opened","SUCCESS"
"2:08:07.5338303 PM","python.exe","47300","QueryInformationVolume","C:\Users\jimpames\Desktop\FESv8-algebraic\migration_toolkit\enricher","VolumeCreationTime: 5/30/2024 3:01:34 PM, VolumeSerialNumber: 66CA-DF9F, SupportsObjects: True, VolumeLabel: Winጻ","BUFFER OVERFLOW"
"2:08:07.5338456 PM","python.exe","47300","QueryAllInformationFile","C:\Users\jimpames\Desktop\FESv8-algebraic\migration_toolkit\enricher","CreationTime: 6/6/2026 6:32:23 AM, LastAccessTime: 6/7/2026 2:08:07 PM, LastWriteTime: 6/6/2026 7:26:22 AM, ChangeTime: 6/6/2026 7:26:22 AM, FileAttributes: D, AllocationSize: 4,096, EndOfFile: 4,096","BUFFER OVERFLOW"
"2:08:07.5338616 PM","python.exe","47300","CloseFile","C:\Users\jimpames\Desktop\FESv8-algebraic\migration_toolkit\enricher","","SUCCESS"
"2:08:07.5352116 PM","python.exe","47300","CreateFile","C:\Users\jimpames\Desktop\FESv8-algebraic\migration_toolkit\enricher","Desired Access: Read Attributes, Synchronize, Disposition: Open, Options: Synchronous IO Non-Alert, Attributes: n/a, ShareMode: None, AllocationSize: n/a, OpenResult: Opened","SUCCESS"
"2:08:07.5352465 PM","python.exe","47300","QueryInformationVolume","C:\Users\jimpames\Desktop\FESv8-algebraic\migration_toolkit\enricher","VolumeCreationTime: 5/30/2024 3:01:34 PM, VolumeSerialNumber: 66CA-DF9F, SupportsObjects: True, VolumeLabel: Winხ","BUFFER OVERFLOW"
"2:08:07.5352657 PM","python.exe","47300","QueryAllInformationFile","C:\Users\jimpames\Desktop\FESv8-algebraic\migration_toolkit\enricher","CreationTime: 6/6/2026 6:32:23 AM, LastAccessTime: 6/7/2026 2:08:07 PM, LastWriteTime: 6/6/2026 7:26:22 AM, ChangeTime: 6/6/2026 7:26:22 AM, FileAttributes: D, AllocationSize: 4,096, EndOfFile: 4,096","BUFFER OVERFLOW"
"2:08:07.5352861 PM","python.exe","47300","CloseFile","C:\Users\jimpames\Desktop\FESv8-algebraic\migration_toolkit\enricher","","SUCCESS"
"2:08:07.5374070 PM","python.exe","47300","CreateFile","C:\Users\jimpames\Desktop\FESv8-algebraic\migration_toolkit\enricher","Desired Access: Read Attributes, Synchronize, Disposition: Open, Options: Synchronous IO Non-Alert, Attributes: n/a, ShareMode: None, AllocationSize: n/a, OpenResult: Opened","SUCCESS"
"2:08:07.5374412 PM","python.exe","47300","QueryInformationVolume","C:\Users\jimpames\Desktop\FESv8-algebraic\migration_toolkit\enricher","VolumeCreationTime: 5/30/2024 3:01:34 PM, VolumeSerialNumber: 66CA-DF9F, SupportsObjects: True, VolumeLabel: Winხ","BUFFER OVERFLOW"
"2:08:07.5374605 PM","python.exe","47300","QueryAllInformationFile","C:\Users\jimpames\Desktop\FESv8-algebraic\migration_toolkit\enricher","CreationTime: 6/6/2026 6:32:23 AM, LastAccessTime: 6/7/2026 2:08:07 PM, LastWriteTime: 6/6/2026 7:26:22 AM, ChangeTime: 6/6/2026 7:26:22 AM, FileAttributes: D, AllocationSize: 4,096, EndOfFile: 4,096","BUFFER OVERFLOW"
"2:08:07.5374881 PM","python.exe","47300","CloseFile","C:\Users\jimpames\Desktop\FESv8-algebraic\migration_toolkit\enricher","","SUCCESS"
"2:08:07.5408159 PM","python.exe","47300","CreateFile","C:\Users\jimpames\Desktop\FESv8-algebraic\migration_toolkit\enricher","Desired Access: Read Attributes, Synchronize, Disposition: Open, Options: Synchronous IO Non-Alert, Attributes: n/a, ShareMode: None, AllocationSize: n/a, OpenResult: Opened","SUCCESS"
"2:08:07.5408407 PM","python.exe","47300","QueryInformationVolume","C:\Users\jimpames\Desktop\FESv8-algebraic\migration_toolkit\enricher","VolumeCreationTime: 5/30/2024 3:01:34 PM, VolumeSerialNumber: 66CA-DF9F, SupportsObjects: True, VolumeLabel: Winხ","BUFFER OVERFLOW"
"2:08:07.5408548 PM","python.exe","47300","QueryAllInformationFile","C:\Users\jimpames\Desktop\FESv8-algebraic\migration_toolkit\enricher","CreationTime: 6/6/2026 6:32:23 AM, LastAccessTime: 6/7/2026 2:08:07 PM, LastWriteTime: 6/6/2026 7:26:22 AM, ChangeTime: 6/6/2026 7:26:22 AM, FileAttributes: D, AllocationSize: 4,096, EndOfFile: 4,096","BUFFER OVERFLOW"
"2:08:07.5408703 PM","python.exe","47300","CloseFile","C:\Users\jimpames\Desktop\FESv8-algebraic\migration_toolkit\enricher","","SUCCESS"
"2:08:07.5422338 PM","python.exe","47300","CreateFile","C:\Users\jimpames\Desktop\FESv8-algebraic\migration_toolkit\enricher","Desired Access: Read Attributes, Synchronize, Disposition: Open, Options: Synchronous IO Non-Alert, Attributes: n/a, ShareMode: None, AllocationSize: n/a, OpenResult: Opened","SUCCESS"
"2:08:07.5422641 PM","python.exe","47300","QueryInformationVolume","C:\Users\jimpames\Desktop\FESv8-algebraic\migration_toolkit\enricher","VolumeCreationTime: 5/30/2024 3:01:34 PM, VolumeSerialNumber: 66CA-DF9F, SupportsObjects: True, VolumeLabel: Winხ","BUFFER OVERFLOW"
"2:08:07.5422955 PM","python.exe","47300","QueryAllInformationFile","C:\Users\jimpames\Desktop\FESv8-algebraic\migration_toolkit\enricher","CreationTime: 6/6/2026 6:32:23 AM, LastAccessTime: 6/7/2026 2:08:07 PM, LastWriteTime: 6/6/2026 7:26:22 AM, ChangeTime: 6/6/2026 7:26:22 AM, FileAttributes: D, AllocationSize: 4,096, EndOfFile: 4,096","BUFFER OVERFLOW"
"2:08:07.5423149 PM","python.exe","47300","CloseFile","C:\Users\jimpames\Desktop\FESv8-algebraic\migration_toolkit\enricher","","SUCCESS"
"2:08:07.5436759 PM","python.exe","47300","CreateFile","C:\Users\jimpames\Desktop\FESv8-algebraic\migration_toolkit\enricher","Desired Access: Read Attributes, Synchronize, Disposition: Open, Options: Synchronous IO Non-Alert, Attributes: n/a, ShareMode: None, AllocationSize: n/a, OpenResult: Opened","SUCCESS"
"2:08:07.5437089 PM","python.exe","47300","QueryInformationVolume","C:\Users\jimpames\Desktop\FESv8-algebraic\migration_toolkit\enricher","VolumeCreationTime: 5/30/2024 3:01:34 PM, VolumeSerialNumber: 66CA-DF9F, SupportsObjects: True, VolumeLabel: Winხ","BUFFER OVERFLOW"
"2:08:07.5437270 PM","python.exe","47300","QueryAllInformationFile","C:\Users\jimpames\Desktop\FESv8-algebraic\migration_toolkit\enricher","CreationTime: 6/6/2026 6:32:23 AM, LastAccessTime: 6/7/2026 2:08:07 PM, LastWriteTime: 6/6/2026 7:26:22 AM, ChangeTime: 6/6/2026 7:26:22 AM, FileAttributes: D, AllocationSize: 4,096, EndOfFile: 4,096","BUFFER OVERFLOW"
"2:08:07.5437703 PM","python.exe","47300","CloseFile","C:\Users\jimpames\Desktop\FESv8-algebraic\migration_toolkit\enricher","","SUCCESS"
"2:08:07.5475814 PM","python.exe","47300","CreateFile","C:\Users\jimpames\Desktop\FESv8-algebraic\migration_toolkit\enricher","Desired Access: Read Attributes, Synchronize, Disposition: Open, Options: Synchronous IO Non-Alert, Attributes: n/a, ShareMode: None, AllocationSize: n/a, OpenResult: Opened","SUCCESS"
"2:08:07.5476069 PM","python.exe","47300","QueryInformationVolume","C:\Users\jimpames\Desktop\FESv8-algebraic\migration_toolkit\enricher","VolumeCreationTime: 5/30/2024 3:01:34 PM, VolumeSerialNumber: 66CA-DF9F, SupportsObjects: True, VolumeLabel: Winጻ","BUFFER OVERFLOW"
"2:08:07.5476169 PM","python.exe","47300","QueryAllInformationFile","C:\Users\jimpames\Desktop\FESv8-algebraic\migration_toolkit\enricher","CreationTime: 6/6/2026 6:32:23 AM, LastAccessTime: 6/7/2026 2:08:07 PM, LastWriteTime: 6/6/2026 7:26:22 AM, ChangeTime: 6/6/2026 7:26:22 AM, FileAttributes: D, AllocationSize: 4,096, EndOfFile: 4,096","BUFFER OVERFLOW"
"2:08:07.5476346 PM","python.exe","47300","CloseFile","C:\Users\jimpames\Desktop\FESv8-algebraic\migration_toolkit\enricher","","SUCCESS"
"2:08:07.5491067 PM","python.exe","47300","CreateFile","C:\Users\jimpames\Desktop\FESv8-algebraic\migration_toolkit\enricher","Desired Access: Read Attributes, Synchronize, Disposition: Open, Options: Synchronous IO Non-Alert, Attributes: n/a, ShareMode: None, AllocationSize: n/a, OpenResult: Opened","SUCCESS"
"2:08:07.5491270 PM","python.exe","47300","QueryInformationVolume","C:\Users\jimpames\Desktop\FESv8-algebraic\migration_toolkit\enricher","VolumeCreationTime: 5/30/2024 3:01:34 PM, VolumeSerialNumber: 66CA-DF9F, SupportsObjects: True, VolumeLabel: Winጻ","BUFFER OVERFLOW"
"2:08:07.5491367 PM","python.exe","47300","QueryAllInformationFile","C:\Users\jimpames\Desktop\FESv8-algebraic\migration_toolkit\enricher","CreationTime: 6/6/2026 6:32:23 AM, LastAccessTime: 6/7/2026 2:08:07 PM, LastWriteTime: 6/6/2026 7:26:22 AM, ChangeTime: 6/6/2026 7:26:22 AM, FileAttributes: D, AllocationSize: 4,096, EndOfFile: 4,096","BUFFER OVERFLOW"
"2:08:07.5491482 PM","python.exe","47300","CloseFile","C:\Users\jimpames\Desktop\FESv8-algebraic\migration_toolkit\enricher","","SUCCESS"
"2:08:07.5503387 PM","python.exe","47300","CreateFile","C:\Users\jimpames\Desktop\FESv8-algebraic\migration_toolkit\enricher","Desired Access: Read Attributes, Synchronize, Disposition: Open, Options: Synchronous IO Non-Alert, Attributes: n/a, ShareMode: None, AllocationSize: n/a, OpenResult: Opened","SUCCESS"
"2:08:07.5503642 PM","python.exe","47300","QueryInformationVolume","C:\Users\jimpames\Desktop\FESv8-algebraic\migration_toolkit\enricher","VolumeCreationTime: 5/30/2024 3:01:34 PM, VolumeSerialNumber: 66CA-DF9F, SupportsObjects: True, VolumeLabel: Winხ","BUFFER OVERFLOW"
"2:08:07.5503770 PM","python.exe","47300","QueryAllInformationFile","C:\Users\jimpames\Desktop\FESv8-algebraic\migration_toolkit\enricher","CreationTime: 6/6/2026 6:32:23 AM, LastAccessTime: 6/7/2026 2:08:07 PM, LastWriteTime: 6/6/2026 7:26:22 AM, ChangeTime: 6/6/2026 7:26:22 AM, FileAttributes: D, AllocationSize: 4,096, EndOfFile: 4,096","BUFFER OVERFLOW"
"2:08:07.5503908 PM","python.exe","47300","CloseFile","C:\Users\jimpames\Desktop\FESv8-algebraic\migration_toolkit\enricher","","SUCCESS"
"2:08:07.5520285 PM","python.exe","47300","CreateFile","C:\Users\jimpames\Desktop\FESv8-algebraic\migration_toolkit\enricher","Desired Access: Read Attributes, Synchronize, Disposition: Open, Options: Synchronous IO Non-Alert, Attributes: n/a, ShareMode: None, AllocationSize: n/a, OpenResult: Opened","SUCCESS"
"2:08:07.5520518 PM","python.exe","47300","QueryInformationVolume","C:\Users\jimpames\Desktop\FESv8-algebraic\migration_toolkit\enricher","VolumeCreationTime: 5/30/2024 3:01:34 PM, VolumeSerialNumber: 66CA-DF9F, SupportsObjects: True, VolumeLabel: Winጻ","BUFFER OVERFLOW"
"2:08:07.5520654 PM","python.exe","47300","QueryAllInformationFile","C:\Users\jimpames\Desktop\FESv8-algebraic\migration_toolkit\enricher","CreationTime: 6/6/2026 6:32:23 AM, LastAccessTime: 6/7/2026 2:08:07 PM, LastWriteTime: 6/6/2026 7:26:22 AM, ChangeTime: 6/6/2026 7:26:22 AM, FileAttributes: D, AllocationSize: 4,096, EndOfFile: 4,096","BUFFER OVERFLOW"
"2:08:07.5520813 PM","python.exe","47300","CloseFile","C:\Users\jimpames\Desktop\FESv8-algebraic\migration_toolkit\enricher","","SUCCESS"
"2:08:07.5561827 PM","python.exe","47300","CreateFile","C:\Users\jimpames\Desktop\FESv8-algebraic\migration_toolkit\enricher","Desired Access: Read Attributes, Synchronize, Disposition: Open, Options: Synchronous IO Non-Alert, Attributes: n/a, ShareMode: None, AllocationSize: n/a, OpenResult: Opened","SUCCESS"
"2:08:07.5562099 PM","python.exe","47300","QueryInformationVolume","C:\Users\jimpames\Desktop\FESv8-algebraic\migration_toolkit\enricher","VolumeCreationTime: 5/30/2024 3:01:34 PM, VolumeSerialNumber: 66CA-DF9F, SupportsObjects: True, VolumeLabel: Winጻ","BUFFER OVERFLOW"
"2:08:07.5562209 PM","python.exe","47300","QueryAllInformationFile","C:\Users\jimpames\Desktop\FESv8-algebraic\migration_toolkit\enricher","CreationTime: 6/6/2026 6:32:23 AM, LastAccessTime: 6/7/2026 2:08:07 PM, LastWriteTime: 6/6/2026 7:26:22 AM, ChangeTime: 6/6/2026 7:26:22 AM, FileAttributes: D, AllocationSize: 4,096, EndOfFile: 4,096","BUFFER OVERFLOW"
"2:08:07.5562332 PM","python.exe","47300","CloseFile","C:\Users\jimpames\Desktop\FESv8-algebraic\migration_toolkit\enricher","","SUCCESS"
"2:08:07.5593514 PM","python.exe","47300","CreateFile","C:\Users\jimpames\Desktop\FESv8-algebraic\migration_toolkit","Desired Access: Read Attributes, Synchronize, Disposition: Open, Options: Synchronous IO Non-Alert, Attributes: n/a, ShareMode: None, AllocationSize: n/a, OpenResult: Opened","SUCCESS"
"2:08:07.5593743 PM","python.exe","47300","QueryInformationVolume","C:\Users\jimpames\Desktop\FESv8-algebraic\migration_toolkit","VolumeCreationTime: 5/30/2024 3:01:34 PM, VolumeSerialNumber: 66CA-DF9F, SupportsObjects: True, VolumeLabel: Winጻ","BUFFER OVERFLOW"
"2:08:07.5593860 PM","python.exe","47300","QueryAllInformationFile","C:\Users\jimpames\Desktop\FESv8-algebraic\migration_toolkit","CreationTime: 6/6/2026 6:32:22 AM, LastAccessTime: 6/7/2026 2:08:07 PM, LastWriteTime: 6/6/2026 7:26:22 AM, ChangeTime: 6/6/2026 7:26:22 AM, FileAttributes: D, AllocationSize: 8,192, EndOfFile: 8,192","BUFFER OVERFLOW"
"2:08:07.5593992 PM","python.exe","47300","CloseFile","C:\Users\jimpames\Desktop\FESv8-algebraic\migration_toolkit","","SUCCESS"
"2:08:07.5594839 PM","python.exe","47300","CreateFile","C:\Users\jimpames\Desktop\FESv8-algebraic\migration_toolkit","Desired Access: Read Attributes, Synchronize, Disposition: Open, Options: Synchronous IO Non-Alert, Attributes: n/a, ShareMode: None, AllocationSize: n/a, OpenResult: Opened","SUCCESS"
"2:08:07.5594994 PM","python.exe","47300","QueryInformationVolume","C:\Users\jimpames\Desktop\FESv8-algebraic\migration_toolkit","VolumeCreationTime: 5/30/2024 3:01:34 PM, VolumeSerialNumber: 66CA-DF9F, SupportsObjects: True, VolumeLabel: Winጻ","BUFFER OVERFLOW"
"2:08:07.5595068 PM","python.exe","47300","QueryAllInformationFile","C:\Users\jimpames\Desktop\FESv8-algebraic\migration_toolkit","CreationTime: 6/6/2026 6:32:22 AM, LastAccessTime: 6/7/2026 2:08:07 PM, LastWriteTime: 6/6/2026 7:26:22 AM, ChangeTime: 6/6/2026 7:26:22 AM, FileAttributes: D, AllocationSize: 8,192, EndOfFile: 8,192","BUFFER OVERFLOW"
"2:08:07.5595149 PM","python.exe","47300","CloseFile","C:\Users\jimpames\Desktop\FESv8-algebraic\migration_toolkit","","SUCCESS"
"2:08:07.5595792 PM","python.exe","47300","CreateFile","C:\Users\jimpames\Desktop\FESv8-algebraic\migration_toolkit","Desired Access: Read Attributes, Synchronize, Disposition: Open, Options: Synchronous IO Non-Alert, Attributes: n/a, ShareMode: None, AllocationSize: n/a, OpenResult: Opened","SUCCESS"
"2:08:07.5595905 PM","python.exe","47300","QueryInformationVolume","C:\Users\jimpames\Desktop\FESv8-algebraic\migration_toolkit","VolumeCreationTime: 5/30/2024 3:01:34 PM, VolumeSerialNumber: 66CA-DF9F, SupportsObjects: True, VolumeLabel: Winხ","BUFFER OVERFLOW"
"2:08:07.5595971 PM","python.exe","47300","QueryAllInformationFile","C:\Users\jimpames\Desktop\FESv8-algebraic\migration_toolkit","CreationTime: 6/6/2026 6:32:22 AM, LastAccessTime: 6/7/2026 2:08:07 PM, LastWriteTime: 6/6/2026 7:26:22 AM, ChangeTime: 6/6/2026 7:26:22 AM, FileAttributes: D, AllocationSize: 8,192, EndOfFile: 8,192","BUFFER OVERFLOW"
"2:08:07.5596043 PM","python.exe","47300","CloseFile","C:\Users\jimpames\Desktop\FESv8-algebraic\migration_toolkit","","SUCCESS"
"2:08:07.5596570 PM","python.exe","47300","CreateFile","C:\Users\jimpames\Desktop\FESv8-algebraic\migration_toolkit","Desired Access: Read Data/List Directory, Synchronize, Disposition: Open, Options: Directory, Synchronous IO Non-Alert, Attributes: n/a, ShareMode: Read, Write, Delete, AllocationSize: n/a, OpenResult: Opened","SUCCESS"
"2:08:07.5596993 PM","python.exe","47300","QueryDirectory","C:\Users\jimpames\Desktop\FESv8-algebraic\migration_toolkit","FileInformationClass: FileBothDirectoryInformation, 1: .., 2: .gitignore, 3: concept_map, 4: diff_emit_vs_jpa.json, 5: diff_emit_vs_jpa.txt, 6: diff_engine.py","SUCCESS"
"2:08:07.5597261 PM","python.exe","47300","QueryDirectory","C:\Users\jimpames\Desktop\FESv8-algebraic\migration_toolkit","FileInformationClass: FileBothDirectoryInformation","NO MORE FILES"
"2:08:07.5597345 PM","python.exe","47300","CloseFile","C:\Users\jimpames\Desktop\FESv8-algebraic\migration_toolkit","","SUCCESS"
"2:08:07.5607987 PM","python.exe","47300","CreateFile","C:\Users\jimpames\Desktop\FESv8-algebraic\migration_toolkit\schema_lib","Desired Access: Read Attributes, Synchronize, Disposition: Open, Options: Synchronous IO Non-Alert, Attributes: n/a, ShareMode: None, AllocationSize: n/a, OpenResult: Opened","SUCCESS"
"2:08:07.5608217 PM","python.exe","47300","QueryInformationVolume","C:\Users\jimpames\Desktop\FESv8-algebraic\migration_toolkit\schema_lib","VolumeCreationTime: 5/30/2024 3:01:34 PM, VolumeSerialNumber: 66CA-DF9F, SupportsObjects: True, VolumeLabel: Winጻ","BUFFER OVERFLOW"
"2:08:07.5608313 PM","python.exe","47300","QueryAllInformationFile","C:\Users\jimpames\Desktop\FESv8-algebraic\migration_toolkit\schema_lib","CreationTime: 6/6/2026 6:32:24 AM, LastAccessTime: 6/7/2026 2:08:07 PM, LastWriteTime: 6/6/2026 7:26:23 AM, ChangeTime: 6/7/2026 4:20:17 AM, FileAttributes: D, AllocationSize: 4,096, EndOfFile: 4,096","BUFFER OVERFLOW"
"2:08:07.5608425 PM","python.exe","47300","CloseFile","C:\Users\jimpames\Desktop\FESv8-algebraic\migration_toolkit\schema_lib","","SUCCESS"
"2:08:07.5609084 PM","python.exe","47300","CreateFile","C:\Users\jimpames\Desktop\FESv8-algebraic\migration_toolkit\schema_lib","Desired Access: Read Attributes, Synchronize, Disposition: Open, Options: Synchronous IO Non-Alert, Attributes: n/a, ShareMode: None, AllocationSize: n/a, OpenResult: Opened","SUCCESS"
"2:08:07.5609229 PM","python.exe","47300","QueryInformationVolume","C:\Users\jimpames\Desktop\FESv8-algebraic\migration_toolkit\schema_lib","VolumeCreationTime: 5/30/2024 3:01:34 PM, VolumeSerialNumber: 66CA-DF9F, SupportsObjects: True, VolumeLabel: Winხ","BUFFER OVERFLOW"
"2:08:07.5609319 PM","python.exe","47300","QueryAllInformationFile","C:\Users\jimpames\Desktop\FESv8-algebraic\migration_toolkit\schema_lib","CreationTime: 6/6/2026 6:32:24 AM, LastAccessTime: 6/7/2026 2:08:07 PM, LastWriteTime: 6/6/2026 7:26:23 AM, ChangeTime: 6/7/2026 4:20:17 AM, FileAttributes: D, AllocationSize: 4,096, EndOfFile: 4,096","BUFFER OVERFLOW"
"2:08:07.5609504 PM","python.exe","47300","CloseFile","C:\Users\jimpames\Desktop\FESv8-algebraic\migration_toolkit\schema_lib","","SUCCESS"
"2:08:07.5610159 PM","python.exe","47300","CreateFile","C:\Users\jimpames\Desktop\FESv8-algebraic\migration_toolkit\schema_lib","Desired Access: Read Attributes, Synchronize, Disposition: Open, Options: Synchronous IO Non-Alert, Attributes: n/a, ShareMode: None, AllocationSize: n/a, OpenResult: Opened","SUCCESS"
"2:08:07.5610290 PM","python.exe","47300","QueryInformationVolume","C:\Users\jimpames\Desktop\FESv8-algebraic\migration_toolkit\schema_lib","VolumeCreationTime: 5/30/2024 3:01:34 PM, VolumeSerialNumber: 66CA-DF9F, SupportsObjects: True, VolumeLabel: Winጻ","BUFFER OVERFLOW"
"2:08:07.5610371 PM","python.exe","47300","QueryAllInformationFile","C:\Users\jimpames\Desktop\FESv8-algebraic\migration_toolkit\schema_lib","CreationTime: 6/6/2026 6:32:24 AM, LastAccessTime: 6/7/2026 2:08:07 PM, LastWriteTime: 6/6/2026 7:26:23 AM, ChangeTime: 6/7/2026 4:20:17 AM, FileAttributes: D, AllocationSize: 4,096, EndOfFile: 4,096","BUFFER OVERFLOW"
"2:08:07.5610459 PM","python.exe","47300","CloseFile","C:\Users\jimpames\Desktop\FESv8-algebraic\migration_toolkit\schema_lib","","SUCCESS"
"2:08:07.5611191 PM","python.exe","47300","CreateFile","C:\Users\jimpames\Desktop\FESv8-algebraic\migration_toolkit\schema_lib","Desired Access: Read Data/List Directory, Synchronize, Disposition: Open, Options: Directory, Synchronous IO Non-Alert, Attributes: n/a, ShareMode: Read, Write, Delete, AllocationSize: n/a, OpenResult: Opened","SUCCESS"
"2:08:07.5611749 PM","python.exe","47300","QueryDirectory","C:\Users\jimpames\Desktop\FESv8-algebraic\migration_toolkit\schema_lib","FileInformationClass: FileBothDirectoryInformation, 1: .., 2: comment_preserving_ini.py, 3: MULTILINE_KNOWN_LIMITATION.md, 4: schema_lib.py, 5: __init__.py, 6: __pycache__","SUCCESS"
"2:08:07.5611977 PM","python.exe","47300","QueryDirectory","C:\Users\jimpames\Desktop\FESv8-algebraic\migration_toolkit\schema_lib","FileInformationClass: FileBothDirectoryInformation","NO MORE FILES"
"2:08:07.5612070 PM","python.exe","47300","CloseFile","C:\Users\jimpames\Desktop\FESv8-algebraic\migration_toolkit\schema_lib","","SUCCESS"
"2:08:07.5642220 PM","python.exe","47300","CreateFile","C:\Users\jimpames\Desktop\FESv8-algebraic\migration_toolkit\schema_lib","Desired Access: Read Attributes, Synchronize, Disposition: Open, Options: Synchronous IO Non-Alert, Attributes: n/a, ShareMode: None, AllocationSize: n/a, OpenResult: Opened","SUCCESS"
"2:08:07.5642611 PM","python.exe","47300","QueryInformationVolume","C:\Users\jimpames\Desktop\FESv8-algebraic\migration_toolkit\schema_lib","VolumeCreationTime: 5/30/2024 3:01:34 PM, VolumeSerialNumber: 66CA-DF9F, SupportsObjects: True, VolumeLabel: Winጻ","BUFFER OVERFLOW"
"2:08:07.5642738 PM","python.exe","47300","QueryAllInformationFile","C:\Users\jimpames\Desktop\FESv8-algebraic\migration_toolkit\schema_lib","CreationTime: 6/6/2026 6:32:24 AM, LastAccessTime: 6/7/2026 2:08:07 PM, LastWriteTime: 6/6/2026 7:26:23 AM, ChangeTime: 6/7/2026 4:20:17 AM, FileAttributes: D, AllocationSize: 4,096, EndOfFile: 4,096","BUFFER OVERFLOW"
"2:08:07.5642862 PM","python.exe","47300","CloseFile","C:\Users\jimpames\Desktop\FESv8-algebraic\migration_toolkit\schema_lib","","SUCCESS"
"2:08:07.5675867 PM","python.exe","47300","CreateFile","C:\Users\jimpames\Desktop\FESv8-algebraic\migration_toolkit","Desired Access: Read Attributes, Synchronize, Disposition: Open, Options: Synchronous IO Non-Alert, Attributes: n/a, ShareMode: None, AllocationSize: n/a, OpenResult: Opened","SUCCESS"
"2:08:07.5676159 PM","python.exe","47300","QueryInformationVolume","C:\Users\jimpames\Desktop\FESv8-algebraic\migration_toolkit","VolumeCreationTime: 5/30/2024 3:01:34 PM, VolumeSerialNumber: 66CA-DF9F, SupportsObjects: True, VolumeLabel: Winხ","BUFFER OVERFLOW"
"2:08:07.5676274 PM","python.exe","47300","QueryAllInformationFile","C:\Users\jimpames\Desktop\FESv8-algebraic\migration_toolkit","CreationTime: 6/6/2026 6:32:22 AM, LastAccessTime: 6/7/2026 2:08:07 PM, LastWriteTime: 6/6/2026 7:26:22 AM, ChangeTime: 6/6/2026 7:26:22 AM, FileAttributes: D, AllocationSize: 8,192, EndOfFile: 8,192","BUFFER OVERFLOW"
"2:08:07.5676396 PM","python.exe","47300","CloseFile","C:\Users\jimpames\Desktop\FESv8-algebraic\migration_toolkit","","SUCCESS"
"2:08:07.5677491 PM","python.exe","47300","CreateFile","C:\Users\jimpames\Desktop\FESv8-algebraic\migration_toolkit\enricher","Desired Access: Read Attributes, Synchronize, Disposition: Open, Options: Synchronous IO Non-Alert, Attributes: n/a, ShareMode: None, AllocationSize: n/a, OpenResult: Opened","SUCCESS"
"2:08:07.5677690 PM","python.exe","47300","QueryInformationVolume","C:\Users\jimpames\Desktop\FESv8-algebraic\migration_toolkit\enricher","VolumeCreationTime: 5/30/2024 3:01:34 PM, VolumeSerialNumber: 66CA-DF9F, SupportsObjects: True, VolumeLabel: Winጻ","BUFFER OVERFLOW"
"2:08:07.5677776 PM","python.exe","47300","QueryAllInformationFile","C:\Users\jimpames\Desktop\FESv8-algebraic\migration_toolkit\enricher","CreationTime: 6/6/2026 6:32:23 AM, LastAccessTime: 6/7/2026 2:08:07 PM, LastWriteTime: 6/6/2026 7:26:22 AM, ChangeTime: 6/6/2026 7:26:22 AM, FileAttributes: D, AllocationSize: 4,096, EndOfFile: 4,096","BUFFER OVERFLOW"
"2:08:07.5677944 PM","python.exe","47300","CloseFile","C:\Users\jimpames\Desktop\FESv8-algebraic\migration_toolkit\enricher","","SUCCESS"
"2:08:07.5698923 PM","python.exe","47300","CreateFile","C:\Users\jimpames\Desktop\FESv8-algebraic\migration_toolkit","Desired Access: Read Attributes, Synchronize, Disposition: Open, Options: Synchronous IO Non-Alert, Attributes: n/a, ShareMode: None, AllocationSize: n/a, OpenResult: Opened","SUCCESS"
"2:08:07.5699203 PM","python.exe","47300","QueryInformationVolume","C:\Users\jimpames\Desktop\FESv8-algebraic\migration_toolkit","VolumeCreationTime: 5/30/2024 3:01:34 PM, VolumeSerialNumber: 66CA-DF9F, SupportsObjects: True, VolumeLabel: Winጻ","BUFFER OVERFLOW"
"2:08:07.5699341 PM","python.exe","47300","QueryAllInformationFile","C:\Users\jimpames\Desktop\FESv8-algebraic\migration_toolkit","CreationTime: 6/6/2026 6:32:22 AM, LastAccessTime: 6/7/2026 2:08:07 PM, LastWriteTime: 6/6/2026 7:26:22 AM, ChangeTime: 6/6/2026 7:26:22 AM, FileAttributes: D, AllocationSize: 8,192, EndOfFile: 8,192","BUFFER OVERFLOW"
"2:08:07.5699491 PM","python.exe","47300","CloseFile","C:\Users\jimpames\Desktop\FESv8-algebraic\migration_toolkit","","SUCCESS"
"2:08:07.5700482 PM","python.exe","47300","CreateFile","C:\Users\jimpames\Desktop\FESv8-algebraic\migration_toolkit\enricher","Desired Access: Read Attributes, Synchronize, Disposition: Open, Options: Synchronous IO Non-Alert, Attributes: n/a, ShareMode: None, AllocationSize: n/a, OpenResult: Opened","SUCCESS"
"2:08:07.5700667 PM","python.exe","47300","QueryInformationVolume","C:\Users\jimpames\Desktop\FESv8-algebraic\migration_toolkit\enricher","VolumeCreationTime: 5/30/2024 3:01:34 PM, VolumeSerialNumber: 66CA-DF9F, SupportsObjects: True, VolumeLabel: Win","BUFFER OVERFLOW"
"2:08:07.5700753 PM","python.exe","47300","QueryAllInformationFile","C:\Users\jimpames\Desktop\FESv8-algebraic\migration_toolkit\enricher","CreationTime: 6/6/2026 6:32:23 AM, LastAccessTime: 6/7/2026 2:08:07 PM, LastWriteTime: 6/6/2026 7:26:22 AM, ChangeTime: 6/6/2026 7:26:22 AM, FileAttributes: D, AllocationSize: 4,096, EndOfFile: 4,096","BUFFER OVERFLOW"
"2:08:07.5700851 PM","python.exe","47300","CloseFile","C:\Users\jimpames\Desktop\FESv8-algebraic\migration_toolkit\enricher","","SUCCESS"
"2:08:07.5715136 PM","python.exe","47300","CreateFile","C:\Users\jimpames\Desktop\FESv8-algebraic\migration_toolkit","Desired Access: Read Attributes, Synchronize, Disposition: Open, Options: Synchronous IO Non-Alert, Attributes: n/a, ShareMode: None, AllocationSize: n/a, OpenResult: Opened","SUCCESS"
"2:08:07.5715357 PM","python.exe","47300","QueryInformationVolume","C:\Users\jimpames\Desktop\FESv8-algebraic\migration_toolkit","VolumeCreationTime: 5/30/2024 3:01:34 PM, VolumeSerialNumber: 66CA-DF9F, SupportsObjects: True, VolumeLabel: Winጻ","BUFFER OVERFLOW"
"2:08:07.5715452 PM","python.exe","47300","QueryAllInformationFile","C:\Users\jimpames\Desktop\FESv8-algebraic\migration_toolkit","CreationTime: 6/6/2026 6:32:22 AM, LastAccessTime: 6/7/2026 2:08:07 PM, LastWriteTime: 6/6/2026 7:26:22 AM, ChangeTime: 6/6/2026 7:26:22 AM, FileAttributes: D, AllocationSize: 8,192, EndOfFile: 8,192","BUFFER OVERFLOW"
"2:08:07.5715563 PM","python.exe","47300","CloseFile","C:\Users\jimpames\Desktop\FESv8-algebraic\migration_toolkit","","SUCCESS"
"2:08:07.5716465 PM","python.exe","47300","CreateFile","C:\Users\jimpames\Desktop\FESv8-algebraic\migration_toolkit\enricher","Desired Access: Read Attributes, Synchronize, Disposition: Open, Options: Synchronous IO Non-Alert, Attributes: n/a, ShareMode: None, AllocationSize: n/a, OpenResult: Opened","SUCCESS"
"2:08:07.5716636 PM","python.exe","47300","QueryInformationVolume","C:\Users\jimpames\Desktop\FESv8-algebraic\migration_toolkit\enricher","VolumeCreationTime: 5/30/2024 3:01:34 PM, VolumeSerialNumber: 66CA-DF9F, SupportsObjects: True, VolumeLabel: Winጻ","BUFFER OVERFLOW"
"2:08:07.5716726 PM","python.exe","47300","QueryAllInformationFile","C:\Users\jimpames\Desktop\FESv8-algebraic\migration_toolkit\enricher","CreationTime: 6/6/2026 6:32:23 AM, LastAccessTime: 6/7/2026 2:08:07 PM, LastWriteTime: 6/6/2026 7:26:22 AM, ChangeTime: 6/6/2026 7:26:22 AM, FileAttributes: D, AllocationSize: 4,096, EndOfFile: 4,096","BUFFER OVERFLOW"
"2:08:07.5716831 PM","python.exe","47300","CloseFile","C:\Users\jimpames\Desktop\FESv8-algebraic\migration_toolkit\enricher","","SUCCESS"
"2:08:07.5730317 PM","python.exe","47300","CreateFile","C:\Users\jimpames\Desktop\FESv8-algebraic\migration_toolkit","Desired Access: Read Attributes, Synchronize, Disposition: Open, Options: Synchronous IO Non-Alert, Attributes: n/a, ShareMode: None, AllocationSize: n/a, OpenResult: Opened","SUCCESS"
"2:08:07.5730609 PM","python.exe","47300","QueryInformationVolume","C:\Users\jimpames\Desktop\FESv8-algebraic\migration_toolkit","VolumeCreationTime: 5/30/2024 3:01:34 PM, VolumeSerialNumber: 66CA-DF9F, SupportsObjects: True, VolumeLabel: Winხ","BUFFER OVERFLOW"
"2:08:07.5730771 PM","python.exe","47300","QueryAllInformationFile","C:\Users\jimpames\Desktop\FESv8-algebraic\migration_toolkit","CreationTime: 6/6/2026 6:32:22 AM, LastAccessTime: 6/7/2026 2:08:07 PM, LastWriteTime: 6/6/2026 7:26:22 AM, ChangeTime: 6/6/2026 7:26:22 AM, FileAttributes: D, AllocationSize: 8,192, EndOfFile: 8,192","BUFFER OVERFLOW"
"2:08:07.5730965 PM","python.exe","47300","CloseFile","C:\Users\jimpames\Desktop\FESv8-algebraic\migration_toolkit","","SUCCESS"
"2:08:07.5732238 PM","python.exe","47300","CreateFile","C:\Users\jimpames\Desktop\FESv8-algebraic\migration_toolkit\enricher","Desired Access: Read Attributes, Synchronize, Disposition: Open, Options: Synchronous IO Non-Alert, Attributes: n/a, ShareMode: None, AllocationSize: n/a, OpenResult: Opened","SUCCESS"
"2:08:07.5732509 PM","python.exe","47300","QueryInformationVolume","C:\Users\jimpames\Desktop\FESv8-algebraic\migration_toolkit\enricher","VolumeCreationTime: 5/30/2024 3:01:34 PM, VolumeSerialNumber: 66CA-DF9F, SupportsObjects: True, VolumeLabel: Winხ","BUFFER OVERFLOW"
"2:08:07.5732618 PM","python.exe","47300","QueryAllInformationFile","C:\Users\jimpames\Desktop\FESv8-algebraic\migration_toolkit\enricher","CreationTime: 6/6/2026 6:32:23 AM, LastAccessTime: 6/7/2026 2:08:07 PM, LastWriteTime: 6/6/2026 7:26:22 AM, ChangeTime: 6/6/2026 7:26:22 AM, FileAttributes: D, AllocationSize: 4,096, EndOfFile: 4,096","BUFFER OVERFLOW"
"2:08:07.5732747 PM","python.exe","47300","CloseFile","C:\Users\jimpames\Desktop\FESv8-algebraic\migration_toolkit\enricher","","SUCCESS"
"2:08:07.5745073 PM","python.exe","47300","CreateFile","C:\Users\jimpames\Desktop\FESv8-algebraic\migration_toolkit","Desired Access: Read Attributes, Synchronize, Disposition: Open, Options: Synchronous IO Non-Alert, Attributes: n/a, ShareMode: None, AllocationSize: n/a, OpenResult: Opened","SUCCESS"
"2:08:07.5745316 PM","python.exe","47300","QueryInformationVolume","C:\Users\jimpames\Desktop\FESv8-algebraic\migration_toolkit","VolumeCreationTime: 5/30/2024 3:01:34 PM, VolumeSerialNumber: 66CA-DF9F, SupportsObjects: True, VolumeLabel: Winጻ","BUFFER OVERFLOW"
"2:08:07.5745429 PM","python.exe","47300","QueryAllInformationFile","C:\Users\jimpames\Desktop\FESv8-algebraic\migration_toolkit","CreationTime: 6/6/2026 6:32:22 AM, LastAccessTime: 6/7/2026 2:08:07 PM, LastWriteTime: 6/6/2026 7:26:22 AM, ChangeTime: 6/6/2026 7:26:22 AM, FileAttributes: D, AllocationSize: 8,192, EndOfFile: 8,192","BUFFER OVERFLOW"
"2:08:07.5745553 PM","python.exe","47300","CloseFile","C:\Users\jimpames\Desktop\FESv8-algebraic\migration_toolkit","","SUCCESS"
"2:08:07.5746499 PM","python.exe","47300","CreateFile","C:\Users\jimpames\Desktop\FESv8-algebraic\migration_toolkit\enricher","Desired Access: Read Attributes, Synchronize, Disposition: Open, Options: Synchronous IO Non-Alert, Attributes: n/a, ShareMode: None, AllocationSize: n/a, OpenResult: Opened","SUCCESS"
"2:08:07.5746731 PM","python.exe","47300","QueryInformationVolume","C:\Users\jimpames\Desktop\FESv8-algebraic\migration_toolkit\enricher","VolumeCreationTime: 5/30/2024 3:01:34 PM, VolumeSerialNumber: 66CA-DF9F, SupportsObjects: True, VolumeLabel: Winხ","BUFFER OVERFLOW"
"2:08:07.5746880 PM","python.exe","47300","QueryAllInformationFile","C:\Users\jimpames\Desktop\FESv8-algebraic\migration_toolkit\enricher","CreationTime: 6/6/2026 6:32:23 AM, LastAccessTime: 6/7/2026 2:08:07 PM, LastWriteTime: 6/6/2026 7:26:22 AM, ChangeTime: 6/6/2026 7:26:22 AM, FileAttributes: D, AllocationSize: 4,096, EndOfFile: 4,096","BUFFER OVERFLOW"
"2:08:07.5747040 PM","python.exe","47300","CloseFile","C:\Users\jimpames\Desktop\FESv8-algebraic\migration_toolkit\enricher","","SUCCESS"
"2:08:07.5781640 PM","python.exe","47300","CreateFile","C:\Users\jimpames\Desktop\FESv8-algebraic\migration_toolkit","Desired Access: Read Attributes, Synchronize, Disposition: Open, Options: Synchronous IO Non-Alert, Attributes: n/a, ShareMode: None, AllocationSize: n/a, OpenResult: Opened","SUCCESS"
"2:08:07.5781963 PM","python.exe","47300","QueryInformationVolume","C:\Users\jimpames\Desktop\FESv8-algebraic\migration_toolkit","VolumeCreationTime: 5/30/2024 3:01:34 PM, VolumeSerialNumber: 66CA-DF9F, SupportsObjects: True, VolumeLabel: Winხ","BUFFER OVERFLOW"
"2:08:07.5782137 PM","python.exe","47300","QueryAllInformationFile","C:\Users\jimpames\Desktop\FESv8-algebraic\migration_toolkit","CreationTime: 6/6/2026 6:32:22 AM, LastAccessTime: 6/7/2026 2:08:07 PM, LastWriteTime: 6/6/2026 7:26:22 AM, ChangeTime: 6/6/2026 7:26:22 AM, FileAttributes: D, AllocationSize: 8,192, EndOfFile: 8,192","BUFFER OVERFLOW"
"2:08:07.5782318 PM","python.exe","47300","CloseFile","C:\Users\jimpames\Desktop\FESv8-algebraic\migration_toolkit","","SUCCESS"
"2:08:07.5783654 PM","python.exe","47300","CreateFile","C:\Users\jimpames\Desktop\FESv8-algebraic\migration_toolkit\enricher","Desired Access: Read Attributes, Synchronize, Disposition: Open, Options: Synchronous IO Non-Alert, Attributes: n/a, ShareMode: None, AllocationSize: n/a, OpenResult: Opened","SUCCESS"
"2:08:07.5783912 PM","python.exe","47300","QueryInformationVolume","C:\Users\jimpames\Desktop\FESv8-algebraic\migration_toolkit\enricher","VolumeCreationTime: 5/30/2024 3:01:34 PM, VolumeSerialNumber: 66CA-DF9F, SupportsObjects: True, VolumeLabel: Winጻ","BUFFER OVERFLOW"
"2:08:07.5784060 PM","python.exe","47300","QueryAllInformationFile","C:\Users\jimpames\Desktop\FESv8-algebraic\migration_toolkit\enricher","CreationTime: 6/6/2026 6:32:23 AM, LastAccessTime: 6/7/2026 2:08:07 PM, LastWriteTime: 6/6/2026 7:26:22 AM, ChangeTime: 6/6/2026 7:26:22 AM, FileAttributes: D, AllocationSize: 4,096, EndOfFile: 4,096","BUFFER OVERFLOW"
"2:08:07.5784178 PM","python.exe","47300","CloseFile","C:\Users\jimpames\Desktop\FESv8-algebraic\migration_toolkit\enricher","","SUCCESS"
"2:08:07.5799609 PM","python.exe","47300","CreateFile","C:\Users\jimpames\Desktop\FESv8-algebraic\migration_toolkit","Desired Access: Read Attributes, Synchronize, Disposition: Open, Options: Synchronous IO Non-Alert, Attributes: n/a, ShareMode: None, AllocationSize: n/a, OpenResult: Opened","SUCCESS"
"2:08:07.5799850 PM","python.exe","47300","QueryInformationVolume","C:\Users\jimpames\Desktop\FESv8-algebraic\migration_toolkit","VolumeCreationTime: 5/30/2024 3:01:34 PM, VolumeSerialNumber: 66CA-DF9F, SupportsObjects: True, VolumeLabel: Winጻ","BUFFER OVERFLOW"
"2:08:07.5799980 PM","python.exe","47300","QueryAllInformationFile","C:\Users\jimpames\Desktop\FESv8-algebraic\migration_toolkit","CreationTime: 6/6/2026 6:32:22 AM, LastAccessTime: 6/7/2026 2:08:07 PM, LastWriteTime: 6/6/2026 7:26:22 AM, ChangeTime: 6/6/2026 7:26:22 AM, FileAttributes: D, AllocationSize: 8,192, EndOfFile: 8,192","BUFFER OVERFLOW"
"2:08:07.5800112 PM","python.exe","47300","CloseFile","C:\Users\jimpames\Desktop\FESv8-algebraic\migration_toolkit","","SUCCESS"
"2:08:07.5801181 PM","python.exe","47300","CreateFile","C:\Users\jimpames\Desktop\FESv8-algebraic\migration_toolkit\enricher","Desired Access: Read Attributes, Synchronize, Disposition: Open, Options: Synchronous IO Non-Alert, Attributes: n/a, ShareMode: None, AllocationSize: n/a, OpenResult: Opened","SUCCESS"
"2:08:07.5801439 PM","python.exe","47300","QueryInformationVolume","C:\Users\jimpames\Desktop\FESv8-algebraic\migration_toolkit\enricher","VolumeCreationTime: 5/30/2024 3:01:34 PM, VolumeSerialNumber: 66CA-DF9F, SupportsObjects: True, VolumeLabel: Winხ","BUFFER OVERFLOW"
"2:08:07.5801610 PM","python.exe","47300","QueryAllInformationFile","C:\Users\jimpames\Desktop\FESv8-algebraic\migration_toolkit\enricher","CreationTime: 6/6/2026 6:32:23 AM, LastAccessTime: 6/7/2026 2:08:07 PM, LastWriteTime: 6/6/2026 7:26:22 AM, ChangeTime: 6/6/2026 7:26:22 AM, FileAttributes: D, AllocationSize: 4,096, EndOfFile: 4,096","BUFFER OVERFLOW"
"2:08:07.5801860 PM","python.exe","47300","CloseFile","C:\Users\jimpames\Desktop\FESv8-algebraic\migration_toolkit\enricher","","SUCCESS"
"2:08:07.6237949 PM","SearchProtocolHost.exe","23224","CreateFile","C:\Users\jimpames\Desktop\FESv8-algebraic\migration_toolkit\sonicwall_parser","Desired Access: Read Attributes, Synchronize, Disposition: Open, Options: Synchronous IO Non-Alert, Non-Directory File, Attributes: n/a, ShareMode: Read, Write, AllocationSize: n/a","IS DIRECTORY"
"2:08:07.6238547 PM","SearchProtocolHost.exe","23224","CreateFile","C:\Users\jimpames\Desktop\FESv8-algebraic\migration_toolkit\sonicwall_parser","Desired Access: Read Attributes, Synchronize, Disposition: Open, Options: Synchronous IO Non-Alert, Open Reparse Point, Attributes: N, ShareMode: Read, Write, AllocationSize: n/a, OpenResult: Opened","SUCCESS"
"2:08:07.6238668 PM","SearchProtocolHost.exe","23224","FileSystemControl","C:\Users\jimpames\Desktop\FESv8-algebraic\migration_toolkit\sonicwall_parser","Control: FSCTL_GET_REPARSE_POINT","NOT REPARSE POINT"
"2:08:07.6238735 PM","SearchProtocolHost.exe","23224","CloseFile","C:\Users\jimpames\Desktop\FESv8-algebraic\migration_toolkit\sonicwall_parser","","SUCCESS"
"2:08:07.6239328 PM","SearchProtocolHost.exe","23224","CreateFile","C:\Users\jimpames\Desktop\FESv8-algebraic\migration_toolkit\sonicwall_parser","Desired Access: Read Attributes, Synchronize, Disposition: Open, Options: Synchronous IO Non-Alert, Attributes: n/a, ShareMode: Read, Write, AllocationSize: n/a, OpenResult: Opened","SUCCESS"
"2:08:07.6239446 PM","SearchProtocolHost.exe","23224","CloseFile","C:\Users\jimpames\Desktop\FESv8-algebraic\migration_toolkit\sonicwall_parser","","SUCCESS"
"2:08:07.6239911 PM","SearchProtocolHost.exe","23224","CreateFile","C:\Users\jimpames\Desktop\FESv8-algebraic\migration_toolkit\sonicwall_parser","Desired Access: Read Attributes, Synchronize, Disposition: Open, Options: Synchronous IO Alert, Attributes: n/a, ShareMode: Read, Write, AllocationSize: n/a, OpenResult: Opened","SUCCESS"
"2:08:07.6240220 PM","SearchProtocolHost.exe","23224","DeviceIoControl","C:\Users\jimpames\Desktop\FESv8-algebraic\migration_toolkit\sonicwall_parser","Control: IOCTL_MOUNTDEV_QUERY_DEVICE_NAME","INVALID PARAMETER"
"2:08:07.6240292 PM","SearchProtocolHost.exe","23224","CloseFile","C:\Users\jimpames\Desktop\FESv8-algebraic\migration_toolkit\sonicwall_parser","","SUCCESS"
"2:08:07.6240982 PM","SearchProtocolHost.exe","23224","CreateFile","C:\Users\jimpames\Desktop\FESv8-algebraic\migration_toolkit\sonicwall_parser","Desired Access: Read Attributes, Synchronize, Disposition: Open, Options: Synchronous IO Non-Alert, Open Reparse Point, Attributes: N, ShareMode: Read, Write, AllocationSize: n/a, OpenResult: Opened","SUCCESS"
"2:08:07.6241294 PM","SearchProtocolHost.exe","23224","FileSystemControl","C:\Users\jimpames\Desktop\FESv8-algebraic\migration_toolkit\sonicwall_parser","Control: FSCTL_GET_REPARSE_POINT","NOT REPARSE POINT"
"2:08:07.6241395 PM","SearchProtocolHost.exe","23224","CloseFile","C:\Users\jimpames\Desktop\FESv8-algebraic\migration_toolkit\sonicwall_parser","","SUCCESS"
"2:08:07.6242254 PM","SearchProtocolHost.exe","23224","CreateFile","C:\Users\jimpames\Desktop\FESv8-algebraic\migration_toolkit","Desired Access: Read Attributes, Synchronize, Disposition: Open, Options: Synchronous IO Non-Alert, Non-Directory File, Attributes: n/a, ShareMode: Read, Write, AllocationSize: n/a","IS DIRECTORY"
"2:08:07.6242812 PM","SearchProtocolHost.exe","23224","CreateFile","C:\Users\jimpames\Desktop\FESv8-algebraic\migration_toolkit","Desired Access: Read Attributes, Synchronize, Disposition: Open, Options: Synchronous IO Non-Alert, Open Reparse Point, Attributes: N, ShareMode: Read, Write, AllocationSize: n/a, OpenResult: Opened","SUCCESS"
"2:08:07.6242938 PM","SearchProtocolHost.exe","23224","FileSystemControl","C:\Users\jimpames\Desktop\FESv8-algebraic\migration_toolkit","Control: FSCTL_GET_REPARSE_POINT","NOT REPARSE POINT"
"2:08:07.6243004 PM","SearchProtocolHost.exe","23224","CloseFile","C:\Users\jimpames\Desktop\FESv8-algebraic\migration_toolkit","","SUCCESS"
"2:08:07.6243438 PM","SearchProtocolHost.exe","23224","CreateFile","C:\Users\jimpames\Desktop\FESv8-algebraic\migration_toolkit","Desired Access: Read Attributes, Synchronize, Disposition: Open, Options: Synchronous IO Non-Alert, Attributes: n/a, ShareMode: Read, Write, AllocationSize: n/a, OpenResult: Opened","SUCCESS"
"2:08:07.6243531 PM","SearchProtocolHost.exe","23224","CloseFile","C:\Users\jimpames\Desktop\FESv8-algebraic\migration_toolkit","","SUCCESS"
"2:08:07.6244069 PM","SearchProtocolHost.exe","23224","CreateFile","C:\Users\jimpames\Desktop\FESv8-algebraic\migration_toolkit","Desired Access: Read Attributes, Synchronize, Disposition: Open, Options: Synchronous IO Alert, Attributes: n/a, ShareMode: Read, Write, AllocationSize: n/a, OpenResult: Opened","SUCCESS"
"2:08:07.6244355 PM","SearchProtocolHost.exe","23224","DeviceIoControl","C:\Users\jimpames\Desktop\FESv8-algebraic\migration_toolkit","Control: IOCTL_MOUNTDEV_QUERY_DEVICE_NAME","INVALID PARAMETER"
"2:08:07.6244452 PM","SearchProtocolHost.exe","23224","CloseFile","C:\Users\jimpames\Desktop\FESv8-algebraic\migration_toolkit","","SUCCESS"
"2:08:07.6245106 PM","SearchProtocolHost.exe","23224","CreateFile","C:\Users\jimpames\Desktop\FESv8-algebraic\migration_toolkit","Desired Access: Read Attributes, Synchronize, Disposition: Open, Options: Synchronous IO Non-Alert, Open Reparse Point, Attributes: N, ShareMode: Read, Write, AllocationSize: n/a, OpenResult: Opened","SUCCESS"
"2:08:07.6245222 PM","SearchProtocolHost.exe","23224","FileSystemControl","C:\Users\jimpames\Desktop\FESv8-algebraic\migration_toolkit","Control: FSCTL_GET_REPARSE_POINT","NOT REPARSE POINT"
"2:08:07.6245291 PM","SearchProtocolHost.exe","23224","CloseFile","C:\Users\jimpames\Desktop\FESv8-algebraic\migration_toolkit","","SUCCESS"
"2:08:07.7003451 PM","python.exe","47300","CloseFile","C:\Users\jimpames\Desktop\FESv8-algebraic\migration_toolkit\enricher","","SUCCESS"
"2:08:07.7031334 PM","python.exe","16516","CloseFile","C:\Users\jimpames\Desktop\FESv8-algebraic\migration_toolkit\enricher","","SUCCESS"
"2:08:07.7049032 PM","python.exe","35508","CreateFile","C:\Users\jimpames\Desktop\FESv8-algebraic\migration_toolkit","Desired Access: Read Attributes, Disposition: Open, Options: Open Reparse Point, Attributes: n/a, ShareMode: Read, Write, Delete, AllocationSize: n/a, OpenResult: Opened","SUCCESS"
"2:08:07.7049249 PM","python.exe","35508","QueryBasicInformationFile","C:\Users\jimpames\Desktop\FESv8-algebraic\migration_toolkit","CreationTime: 6/6/2026 6:32:22 AM, LastAccessTime: 6/7/2026 2:08:07 PM, LastWriteTime: 6/6/2026 7:26:22 AM, ChangeTime: 6/6/2026 7:26:22 AM, FileAttributes: D","SUCCESS"
"2:08:07.7049336 PM","python.exe","35508","CloseFile","C:\Users\jimpames\Desktop\FESv8-algebraic\migration_toolkit","","SUCCESS"
"2:08:07.7140544 PM","python.exe","76332","CreateFile","C:\Users\jimpames\Desktop\FESv8-algebraic\migration_toolkit","Desired Access: Execute/Traverse, Synchronize, Disposition: Open, Options: Directory, Synchronous IO Non-Alert, Attributes: n/a, ShareMode: Read, Write, AllocationSize: n/a, OpenResult: Opened","SUCCESS"
"2:08:07.7291824 PM","python.exe","81472","CreateFile","C:\Users\jimpames\Desktop\FESv8-algebraic\migration_toolkit","Desired Access: Execute/Traverse, Synchronize, Disposition: Open, Options: Directory, Synchronous IO Non-Alert, Attributes: n/a, ShareMode: Read, Write, AllocationSize: n/a, OpenResult: Opened","SUCCESS"
"2:08:07.7816266 PM","python.exe","81472","CreateFile","C:\Users\jimpames\Desktop\FESv8-algebraic\migration_toolkit\skeleton_engine","Desired Access: Read Attributes, Synchronize, Disposition: Open, Options: Synchronous IO Non-Alert, Attributes: n/a, ShareMode: None, AllocationSize: n/a, OpenResult: Opened","SUCCESS"
"2:08:07.7816535 PM","python.exe","81472","QueryInformationVolume","C:\Users\jimpames\Desktop\FESv8-algebraic\migration_toolkit\skeleton_engine","VolumeCreationTime: 5/30/2024 3:01:34 PM, VolumeSerialNumber: 66CA-DF9F, SupportsObjects: True, VolumeLabel: Winጴ","BUFFER OVERFLOW"
"2:08:07.7816631 PM","python.exe","81472","QueryAllInformationFile","C:\Users\jimpames\Desktop\FESv8-algebraic\migration_toolkit\skeleton_engine","CreationTime: 6/6/2026 6:32:24 AM, LastAccessTime: 6/7/2026 2:08:07 PM, LastWriteTime: 6/6/2026 7:26:23 AM, ChangeTime: 6/6/2026 7:26:23 AM, FileAttributes: D, AllocationSize: 8,192, EndOfFile: 8,192","BUFFER OVERFLOW"
"2:08:07.7816744 PM","python.exe","81472","CloseFile","C:\Users\jimpames\Desktop\FESv8-algebraic\migration_toolkit\skeleton_engine","","SUCCESS"
"2:08:07.7817548 PM","python.exe","81472","CreateFile","C:\Users\jimpames\Desktop\FESv8-algebraic\migration_toolkit\skeleton_engine","Desired Access: Read Attributes, Synchronize, Disposition: Open, Options: Synchronous IO Non-Alert, Attributes: n/a, ShareMode: None, AllocationSize: n/a, OpenResult: Opened","SUCCESS"
"2:08:07.7817706 PM","python.exe","81472","QueryInformationVolume","C:\Users\jimpames\Desktop\FESv8-algebraic\migration_toolkit\skeleton_engine","VolumeCreationTime: 5/30/2024 3:01:34 PM, VolumeSerialNumber: 66CA-DF9F, SupportsObjects: True, VolumeLabel: Winጽ","BUFFER OVERFLOW"
"2:08:07.7817787 PM","python.exe","81472","QueryAllInformationFile","C:\Users\jimpames\Desktop\FESv8-algebraic\migration_toolkit\skeleton_engine","CreationTime: 6/6/2026 6:32:24 AM, LastAccessTime: 6/7/2026 2:08:07 PM, LastWriteTime: 6/6/2026 7:26:23 AM, ChangeTime: 6/6/2026 7:26:23 AM, FileAttributes: D, AllocationSize: 8,192, EndOfFile: 8,192","BUFFER OVERFLOW"
"2:08:07.7817876 PM","python.exe","81472","CloseFile","C:\Users\jimpames\Desktop\FESv8-algebraic\migration_toolkit\skeleton_engine","","SUCCESS"
"2:08:07.7818737 PM","python.exe","81472","CreateFile","C:\Users\jimpames\Desktop\FESv8-algebraic\migration_toolkit\skeleton_engine","Desired Access: Read Attributes, Synchronize, Disposition: Open, Options: Synchronous IO Non-Alert, Attributes: n/a, ShareMode: None, AllocationSize: n/a, OpenResult: Opened","SUCCESS"
"2:08:07.7818871 PM","python.exe","81472","QueryInformationVolume","C:\Users\jimpames\Desktop\FESv8-algebraic\migration_toolkit\skeleton_engine","VolumeCreationTime: 5/30/2024 3:01:34 PM, VolumeSerialNumber: 66CA-DF9F, SupportsObjects: True, VolumeLabel: Winხ","BUFFER OVERFLOW"
"2:08:07.7818943 PM","python.exe","81472","QueryAllInformationFile","C:\Users\jimpames\Desktop\FESv8-algebraic\migration_toolkit\skeleton_engine","CreationTime: 6/6/2026 6:32:24 AM, LastAccessTime: 6/7/2026 2:08:07 PM, LastWriteTime: 6/6/2026 7:26:23 AM, ChangeTime: 6/6/2026 7:26:23 AM, FileAttributes: D, AllocationSize: 8,192, EndOfFile: 8,192","BUFFER OVERFLOW"
"2:08:07.7819024 PM","python.exe","81472","CloseFile","C:\Users\jimpames\Desktop\FESv8-algebraic\migration_toolkit\skeleton_engine","","SUCCESS"
"2:08:07.7819622 PM","python.exe","81472","CreateFile","C:\Users\jimpames\Desktop\FESv8-algebraic\migration_toolkit\skeleton_engine","Desired Access: Read Data/List Directory, Synchronize, Disposition: Open, Options: Directory, Synchronous IO Non-Alert, Attributes: n/a, ShareMode: Read, Write, Delete, AllocationSize: n/a, OpenResult: Opened","SUCCESS"
"2:08:07.7820217 PM","python.exe","81472","QueryDirectory","C:\Users\jimpames\Desktop\FESv8-algebraic\migration_toolkit\skeleton_engine","FileInformationClass: FileBothDirectoryInformation, 1: .., 2: build_pipeline.py, 3: customer_fidelity_validator.py, 4: immutables_classifier.py, 5: immutables_validator.py, 6: jpa_scrubber.py","SUCCESS"
"2:08:07.7820507 PM","python.exe","81472","QueryDirectory","C:\Users\jimpames\Desktop\FESv8-algebraic\migration_toolkit\skeleton_engine","FileInformationClass: FileBothDirectoryInformation","NO MORE FILES"
"2:08:07.7820599 PM","python.exe","81472","CloseFile","C:\Users\jimpames\Desktop\FESv8-algebraic\migration_toolkit\skeleton_engine","","SUCCESS"
"2:08:07.7834261 PM","python.exe","81472","CreateFile","C:\Users\jimpames\Desktop\FESv8-algebraic\migration_toolkit\skeleton_engine","Desired Access: Read Attributes, Synchronize, Disposition: Open, Options: Synchronous IO Non-Alert, Attributes: n/a, ShareMode: None, AllocationSize: n/a, OpenResult: Opened","SUCCESS"
"2:08:07.7834495 PM","python.exe","81472","QueryInformationVolume","C:\Users\jimpames\Desktop\FESv8-algebraic\migration_toolkit\skeleton_engine","VolumeCreationTime: 5/30/2024 3:01:34 PM, VolumeSerialNumber: 66CA-DF9F, SupportsObjects: True, VolumeLabel: Winጽ","BUFFER OVERFLOW"
"2:08:07.7834579 PM","python.exe","81472","QueryAllInformationFile","C:\Users\jimpames\Desktop\FESv8-algebraic\migration_toolkit\skeleton_engine","CreationTime: 6/6/2026 6:32:24 AM, LastAccessTime: 6/7/2026 2:08:07 PM, LastWriteTime: 6/6/2026 7:26:23 AM, ChangeTime: 6/6/2026 7:26:23 AM, FileAttributes: D, AllocationSize: 8,192, EndOfFile: 8,192","BUFFER OVERFLOW"
"2:08:07.7834677 PM","python.exe","81472","CloseFile","C:\Users\jimpames\Desktop\FESv8-algebraic\migration_toolkit\skeleton_engine","","SUCCESS"
"2:08:07.7850760 PM","python.exe","81472","CreateFile","C:\Users\jimpames\Desktop\FESv8-algebraic\migration_toolkit\skeleton_engine","Desired Access: Read Attributes, Synchronize, Disposition: Open, Options: Synchronous IO Non-Alert, Attributes: n/a, ShareMode: None, AllocationSize: n/a, OpenResult: Opened","SUCCESS"
"2:08:07.7851112 PM","python.exe","81472","QueryInformationVolume","C:\Users\jimpames\Desktop\FESv8-algebraic\migration_toolkit\skeleton_engine","VolumeCreationTime: 5/30/2024 3:01:34 PM, VolumeSerialNumber: 66CA-DF9F, SupportsObjects: True, VolumeLabel: Winክ","BUFFER OVERFLOW"
"2:08:07.7851425 PM","python.exe","81472","QueryAllInformationFile","C:\Users\jimpames\Desktop\FESv8-algebraic\migration_toolkit\skeleton_engine","CreationTime: 6/6/2026 6:32:24 AM, LastAccessTime: 6/7/2026 2:08:07 PM, LastWriteTime: 6/6/2026 7:26:23 AM, ChangeTime: 6/6/2026 7:26:23 AM, FileAttributes: D, AllocationSize: 8,192, EndOfFile: 8,192","BUFFER OVERFLOW"
"2:08:07.7851773 PM","python.exe","81472","CloseFile","C:\Users\jimpames\Desktop\FESv8-algebraic\migration_toolkit\skeleton_engine","","SUCCESS"
"2:08:07.7867813 PM","python.exe","81472","CreateFile","C:\Users\jimpames\Desktop\FESv8-algebraic\migration_toolkit\skeleton_engine","Desired Access: Read Attributes, Synchronize, Disposition: Open, Options: Synchronous IO Non-Alert, Attributes: n/a, ShareMode: None, AllocationSize: n/a, OpenResult: Opened","SUCCESS"
"2:08:07.7868139 PM","python.exe","81472","QueryInformationVolume","C:\Users\jimpames\Desktop\FESv8-algebraic\migration_toolkit\skeleton_engine","VolumeCreationTime: 5/30/2024 3:01:34 PM, VolumeSerialNumber: 66CA-DF9F, SupportsObjects: True, VolumeLabel: Winხ","BUFFER OVERFLOW"
"2:08:07.7868304 PM","python.exe","81472","QueryAllInformationFile","C:\Users\jimpames\Desktop\FESv8-algebraic\migration_toolkit\skeleton_engine","CreationTime: 6/6/2026 6:32:24 AM, LastAccessTime: 6/7/2026 2:08:07 PM, LastWriteTime: 6/6/2026 7:26:23 AM, ChangeTime: 6/6/2026 7:26:23 AM, FileAttributes: D, AllocationSize: 8,192, EndOfFile: 8,192","BUFFER OVERFLOW"
"2:08:07.7868488 PM","python.exe","81472","CloseFile","C:\Users\jimpames\Desktop\FESv8-algebraic\migration_toolkit\skeleton_engine","","SUCCESS"
"2:08:07.7886383 PM","python.exe","81472","CreateFile","C:\Users\jimpames\Desktop\FESv8-algebraic\migration_toolkit\skeleton_engine","Desired Access: Read Attributes, Synchronize, Disposition: Open, Options: Synchronous IO Non-Alert, Attributes: n/a, ShareMode: None, AllocationSize: n/a, OpenResult: Opened","SUCCESS"
"2:08:07.7886776 PM","python.exe","81472","QueryInformationVolume","C:\Users\jimpames\Desktop\FESv8-algebraic\migration_toolkit\skeleton_engine","VolumeCreationTime: 5/30/2024 3:01:34 PM, VolumeSerialNumber: 66CA-DF9F, SupportsObjects: True, VolumeLabel: Winጴ","BUFFER OVERFLOW"
"2:08:07.7886973 PM","python.exe","81472","QueryAllInformationFile","C:\Users\jimpames\Desktop\FESv8-algebraic\migration_toolkit\skeleton_engine","CreationTime: 6/6/2026 6:32:24 AM, LastAccessTime: 6/7/2026 2:08:07 PM, LastWriteTime: 6/6/2026 7:26:23 AM, ChangeTime: 6/6/2026 7:26:23 AM, FileAttributes: D, AllocationSize: 8,192, EndOfFile: 8,192","BUFFER OVERFLOW"
"2:08:07.7887172 PM","python.exe","81472","CloseFile","C:\Users\jimpames\Desktop\FESv8-algebraic\migration_toolkit\skeleton_engine","","SUCCESS"
"2:08:07.7907820 PM","python.exe","81472","CreateFile","C:\Users\jimpames\Desktop\FESv8-algebraic\migration_toolkit\skeleton_engine","Desired Access: Read Attributes, Synchronize, Disposition: Open, Options: Synchronous IO Non-Alert, Attributes: n/a, ShareMode: None, AllocationSize: n/a, OpenResult: Opened","SUCCESS"
"2:08:07.7908136 PM","python.exe","81472","QueryInformationVolume","C:\Users\jimpames\Desktop\FESv8-algebraic\migration_toolkit\skeleton_engine","VolumeCreationTime: 5/30/2024 3:01:34 PM, VolumeSerialNumber: 66CA-DF9F, SupportsObjects: True, VolumeLabel: Winȥ","BUFFER OVERFLOW"
"2:08:07.7908272 PM","python.exe","81472","QueryAllInformationFile","C:\Users\jimpames\Desktop\FESv8-algebraic\migration_toolkit\skeleton_engine","CreationTime: 6/6/2026 6:32:24 AM, LastAccessTime: 6/7/2026 2:08:07 PM, LastWriteTime: 6/6/2026 7:26:23 AM, ChangeTime: 6/6/2026 7:26:23 AM, FileAttributes: D, AllocationSize: 8,192, EndOfFile: 8,192","BUFFER OVERFLOW"
"2:08:07.7908413 PM","python.exe","81472","CloseFile","C:\Users\jimpames\Desktop\FESv8-algebraic\migration_toolkit\skeleton_engine","","SUCCESS"
"2:08:07.7930617 PM","python.exe","81472","CreateFile","C:\Users\jimpames\Desktop\FESv8-algebraic\migration_toolkit\skeleton_engine","Desired Access: Read Attributes, Synchronize, Disposition: Open, Options: Synchronous IO Non-Alert, Attributes: n/a, ShareMode: None, AllocationSize: n/a, OpenResult: Opened","SUCCESS"
"2:08:07.7931117 PM","python.exe","81472","QueryInformationVolume","C:\Users\jimpames\Desktop\FESv8-algebraic\migration_toolkit\skeleton_engine","VolumeCreationTime: 5/30/2024 3:01:34 PM, VolumeSerialNumber: 66CA-DF9F, SupportsObjects: True, VolumeLabel: Winጴ","BUFFER OVERFLOW"
"2:08:07.7931308 PM","python.exe","81472","QueryAllInformationFile","C:\Users\jimpames\Desktop\FESv8-algebraic\migration_toolkit\skeleton_engine","CreationTime: 6/6/2026 6:32:24 AM, LastAccessTime: 6/7/2026 2:08:07 PM, LastWriteTime: 6/6/2026 7:26:23 AM, ChangeTime: 6/6/2026 7:26:23 AM, FileAttributes: D, AllocationSize: 8,192, EndOfFile: 8,192","BUFFER OVERFLOW"
"2:08:07.7931471 PM","python.exe","81472","CloseFile","C:\Users\jimpames\Desktop\FESv8-algebraic\migration_toolkit\skeleton_engine","","SUCCESS"
"2:08:07.7947245 PM","python.exe","81472","CreateFile","C:\Users\jimpames\Desktop\FESv8-algebraic\migration_toolkit\skeleton_engine","Desired Access: Read Attributes, Synchronize, Disposition: Open, Options: Synchronous IO Non-Alert, Attributes: n/a, ShareMode: None, AllocationSize: n/a, OpenResult: Opened","SUCCESS"
"2:08:07.7947537 PM","python.exe","81472","QueryInformationVolume","C:\Users\jimpames\Desktop\FESv8-algebraic\migration_toolkit\skeleton_engine","VolumeCreationTime: 5/30/2024 3:01:34 PM, VolumeSerialNumber: 66CA-DF9F, SupportsObjects: True, VolumeLabel: Win","BUFFER OVERFLOW"
"2:08:07.7947681 PM","python.exe","81472","QueryAllInformationFile","C:\Users\jimpames\Desktop\FESv8-algebraic\migration_toolkit\skeleton_engine","CreationTime: 6/6/2026 6:32:24 AM, LastAccessTime: 6/7/2026 2:08:07 PM, LastWriteTime: 6/6/2026 7:26:23 AM, ChangeTime: 6/6/2026 7:26:23 AM, FileAttributes: D, AllocationSize: 8,192, EndOfFile: 8,192","BUFFER OVERFLOW"
"2:08:07.7947835 PM","python.exe","81472","CloseFile","C:\Users\jimpames\Desktop\FESv8-algebraic\migration_toolkit\skeleton_engine","","SUCCESS"
"2:08:07.7966120 PM","python.exe","81472","CreateFile","C:\Users\jimpames\Desktop\FESv8-algebraic\migration_toolkit\skeleton_engine","Desired Access: Read Attributes, Synchronize, Disposition: Open, Options: Synchronous IO Non-Alert, Attributes: n/a, ShareMode: None, AllocationSize: n/a, OpenResult: Opened","SUCCESS"
"2:08:07.7966448 PM","python.exe","81472","QueryInformationVolume","C:\Users\jimpames\Desktop\FESv8-algebraic\migration_toolkit\skeleton_engine","VolumeCreationTime: 5/30/2024 3:01:34 PM, VolumeSerialNumber: 66CA-DF9F, SupportsObjects: True, VolumeLabel: Winጽ","BUFFER OVERFLOW"
"2:08:07.7966581 PM","python.exe","81472","QueryAllInformationFile","C:\Users\jimpames\Desktop\FESv8-algebraic\migration_toolkit\skeleton_engine","CreationTime: 6/6/2026 6:32:24 AM, LastAccessTime: 6/7/2026 2:08:07 PM, LastWriteTime: 6/6/2026 7:26:23 AM, ChangeTime: 6/6/2026 7:26:23 AM, FileAttributes: D, AllocationSize: 8,192, EndOfFile: 8,192","BUFFER OVERFLOW"
"2:08:07.7966725 PM","python.exe","81472","CloseFile","C:\Users\jimpames\Desktop\FESv8-algebraic\migration_toolkit\skeleton_engine","","SUCCESS"
"2:08:07.7984697 PM","python.exe","81472","CreateFile","C:\Users\jimpames\Desktop\FESv8-algebraic\migration_toolkit\skeleton_engine","Desired Access: Read Attributes, Synchronize, Disposition: Open, Options: Synchronous IO Non-Alert, Attributes: n/a, ShareMode: None, AllocationSize: n/a, OpenResult: Opened","SUCCESS"
"2:08:07.7985094 PM","python.exe","81472","QueryInformationVolume","C:\Users\jimpames\Desktop\FESv8-algebraic\migration_toolkit\skeleton_engine","VolumeCreationTime: 5/30/2024 3:01:34 PM, VolumeSerialNumber: 66CA-DF9F, SupportsObjects: True, VolumeLabel: Winጽ","BUFFER OVERFLOW"
"2:08:07.7985239 PM","python.exe","81472","QueryAllInformationFile","C:\Users\jimpames\Desktop\FESv8-algebraic\migration_toolkit\skeleton_engine","CreationTime: 6/6/2026 6:32:24 AM, LastAccessTime: 6/7/2026 2:08:07 PM, LastWriteTime: 6/6/2026 7:26:23 AM, ChangeTime: 6/6/2026 7:26:23 AM, FileAttributes: D, AllocationSize: 8,192, EndOfFile: 8,192","BUFFER OVERFLOW"
"2:08:07.7985386 PM","python.exe","81472","CloseFile","C:\Users\jimpames\Desktop\FESv8-algebraic\migration_toolkit\skeleton_engine","","SUCCESS"
"2:08:07.8007700 PM","python.exe","81472","CreateFile","C:\Users\jimpames\Desktop\FESv8-algebraic\migration_toolkit\skeleton_engine","Desired Access: Read Attributes, Synchronize, Disposition: Open, Options: Synchronous IO Non-Alert, Attributes: n/a, ShareMode: None, AllocationSize: n/a, OpenResult: Opened","SUCCESS"
"2:08:07.8008229 PM","python.exe","81472","QueryInformationVolume","C:\Users\jimpames\Desktop\FESv8-algebraic\migration_toolkit\skeleton_engine","VolumeCreationTime: 5/30/2024 3:01:34 PM, VolumeSerialNumber: 66CA-DF9F, SupportsObjects: True, VolumeLabel: Winხ","BUFFER OVERFLOW"
"2:08:07.8008496 PM","python.exe","81472","QueryAllInformationFile","C:\Users\jimpames\Desktop\FESv8-algebraic\migration_toolkit\skeleton_engine","CreationTime: 6/6/2026 6:32:24 AM, LastAccessTime: 6/7/2026 2:08:07 PM, LastWriteTime: 6/6/2026 7:26:23 AM, ChangeTime: 6/6/2026 7:26:23 AM, FileAttributes: D, AllocationSize: 8,192, EndOfFile: 8,192","BUFFER OVERFLOW"
"2:08:07.8008759 PM","python.exe","81472","CloseFile","C:\Users\jimpames\Desktop\FESv8-algebraic\migration_toolkit\skeleton_engine","","SUCCESS"
"2:08:07.8024237 PM","python.exe","81472","CreateFile","C:\Users\jimpames\Desktop\FESv8-algebraic\migration_toolkit\skeleton_engine","Desired Access: Read Attributes, Synchronize, Disposition: Open, Options: Synchronous IO Non-Alert, Attributes: n/a, ShareMode: None, AllocationSize: n/a, OpenResult: Opened","SUCCESS"
"2:08:07.8024509 PM","python.exe","81472","QueryInformationVolume","C:\Users\jimpames\Desktop\FESv8-algebraic\migration_toolkit\skeleton_engine","VolumeCreationTime: 5/30/2024 3:01:34 PM, VolumeSerialNumber: 66CA-DF9F, SupportsObjects: True, VolumeLabel: Winጽ","BUFFER OVERFLOW"
"2:08:07.8024642 PM","python.exe","81472","QueryAllInformationFile","C:\Users\jimpames\Desktop\FESv8-algebraic\migration_toolkit\skeleton_engine","CreationTime: 6/6/2026 6:32:24 AM, LastAccessTime: 6/7/2026 2:08:07 PM, LastWriteTime: 6/6/2026 7:26:23 AM, ChangeTime: 6/6/2026 7:26:23 AM, FileAttributes: D, AllocationSize: 8,192, EndOfFile: 8,192","BUFFER OVERFLOW"
"2:08:07.8024792 PM","python.exe","81472","CloseFile","C:\Users\jimpames\Desktop\FESv8-algebraic\migration_toolkit\skeleton_engine","","SUCCESS"
"2:08:07.8044921 PM","python.exe","81472","CreateFile","C:\Users\jimpames\Desktop\FESv8-algebraic\migration_toolkit\skeleton_engine","Desired Access: Read Attributes, Synchronize, Disposition: Open, Options: Synchronous IO Non-Alert, Attributes: n/a, ShareMode: None, AllocationSize: n/a, OpenResult: Opened","SUCCESS"
"2:08:07.8045226 PM","python.exe","81472","QueryInformationVolume","C:\Users\jimpames\Desktop\FESv8-algebraic\migration_toolkit\skeleton_engine","VolumeCreationTime: 5/30/2024 3:01:34 PM, VolumeSerialNumber: 66CA-DF9F, SupportsObjects: True, VolumeLabel: Winხ","BUFFER OVERFLOW"
"2:08:07.8045371 PM","python.exe","81472","QueryAllInformationFile","C:\Users\jimpames\Desktop\FESv8-algebraic\migration_toolkit\skeleton_engine","CreationTime: 6/6/2026 6:32:24 AM, LastAccessTime: 6/7/2026 2:08:07 PM, LastWriteTime: 6/6/2026 7:26:23 AM, ChangeTime: 6/6/2026 7:26:23 AM, FileAttributes: D, AllocationSize: 8,192, EndOfFile: 8,192","BUFFER OVERFLOW"
"2:08:07.8045525 PM","python.exe","81472","CloseFile","C:\Users\jimpames\Desktop\FESv8-algebraic\migration_toolkit\skeleton_engine","","SUCCESS"
"2:08:07.8070458 PM","python.exe","81472","CreateFile","C:\Users\jimpames\Desktop\FESv8-algebraic\migration_toolkit\skeleton_engine","Desired Access: Read Attributes, Synchronize, Disposition: Open, Options: Synchronous IO Non-Alert, Attributes: n/a, ShareMode: None, AllocationSize: n/a, OpenResult: Opened","SUCCESS"
"2:08:07.8070759 PM","python.exe","81472","QueryInformationVolume","C:\Users\jimpames\Desktop\FESv8-algebraic\migration_toolkit\skeleton_engine","VolumeCreationTime: 5/30/2024 3:01:34 PM, VolumeSerialNumber: 66CA-DF9F, SupportsObjects: True, VolumeLabel: Winጽ","BUFFER OVERFLOW"
"2:08:07.8070887 PM","python.exe","81472","QueryAllInformationFile","C:\Users\jimpames\Desktop\FESv8-algebraic\migration_toolkit\skeleton_engine","CreationTime: 6/6/2026 6:32:24 AM, LastAccessTime: 6/7/2026 2:08:07 PM, LastWriteTime: 6/6/2026 7:26:23 AM, ChangeTime: 6/6/2026 7:26:23 AM, FileAttributes: D, AllocationSize: 8,192, EndOfFile: 8,192","BUFFER OVERFLOW"
"2:08:07.8071021 PM","python.exe","81472","CloseFile","C:\Users\jimpames\Desktop\FESv8-algebraic\migration_toolkit\skeleton_engine","","SUCCESS"
"2:08:07.8087596 PM","python.exe","81472","CreateFile","C:\Users\jimpames\Desktop\FESv8-algebraic\migration_toolkit\skeleton_engine","Desired Access: Read Attributes, Synchronize, Disposition: Open, Options: Synchronous IO Non-Alert, Attributes: n/a, ShareMode: None, AllocationSize: n/a, OpenResult: Opened","SUCCESS"
"2:08:07.8087889 PM","python.exe","81472","QueryInformationVolume","C:\Users\jimpames\Desktop\FESv8-algebraic\migration_toolkit\skeleton_engine","VolumeCreationTime: 5/30/2024 3:01:34 PM, VolumeSerialNumber: 66CA-DF9F, SupportsObjects: True, VolumeLabel: Winክ","BUFFER OVERFLOW"
"2:08:07.8088038 PM","python.exe","81472","QueryAllInformationFile","C:\Users\jimpames\Desktop\FESv8-algebraic\migration_toolkit\skeleton_engine","CreationTime: 6/6/2026 6:32:24 AM, LastAccessTime: 6/7/2026 2:08:07 PM, LastWriteTime: 6/6/2026 7:26:23 AM, ChangeTime: 6/6/2026 7:26:23 AM, FileAttributes: D, AllocationSize: 8,192, EndOfFile: 8,192","BUFFER OVERFLOW"
"2:08:07.8088188 PM","python.exe","81472","CloseFile","C:\Users\jimpames\Desktop\FESv8-algebraic\migration_toolkit\skeleton_engine","","SUCCESS"
"2:08:07.8114935 PM","python.exe","81472","CreateFile","C:\Users\jimpames\Desktop\FESv8-algebraic\migration_toolkit\skeleton_engine","Desired Access: Read Attributes, Synchronize, Disposition: Open, Options: Synchronous IO Non-Alert, Attributes: n/a, ShareMode: None, AllocationSize: n/a, OpenResult: Opened","SUCCESS"
"2:08:07.8115269 PM","python.exe","81472","QueryInformationVolume","C:\Users\jimpames\Desktop\FESv8-algebraic\migration_toolkit\skeleton_engine","VolumeCreationTime: 5/30/2024 3:01:34 PM, VolumeSerialNumber: 66CA-DF9F, SupportsObjects: True, VolumeLabel: Winხ","BUFFER OVERFLOW"
"2:08:07.8115391 PM","python.exe","81472","QueryAllInformationFile","C:\Users\jimpames\Desktop\FESv8-algebraic\migration_toolkit\skeleton_engine","CreationTime: 6/6/2026 6:32:24 AM, LastAccessTime: 6/7/2026 2:08:07 PM, LastWriteTime: 6/6/2026 7:26:23 AM, ChangeTime: 6/6/2026 7:26:23 AM, FileAttributes: D, AllocationSize: 8,192, EndOfFile: 8,192","BUFFER OVERFLOW"
"2:08:07.8115519 PM","python.exe","81472","CloseFile","C:\Users\jimpames\Desktop\FESv8-algebraic\migration_toolkit\skeleton_engine","","SUCCESS"
"2:08:07.8196100 PM","python.exe","81472","CreateFile","C:\Users\jimpames\Desktop\FESv8-algebraic\migration_toolkit\skeleton_engine","Desired Access: Read Attributes, Synchronize, Disposition: Open, Options: Synchronous IO Non-Alert, Attributes: n/a, ShareMode: None, AllocationSize: n/a, OpenResult: Opened","SUCCESS"
"2:08:07.8196359 PM","python.exe","81472","QueryInformationVolume","C:\Users\jimpames\Desktop\FESv8-algebraic\migration_toolkit\skeleton_engine","VolumeCreationTime: 5/30/2024 3:01:34 PM, VolumeSerialNumber: 66CA-DF9F, SupportsObjects: True, VolumeLabel: Winጽ","BUFFER OVERFLOW"
"2:08:07.8196456 PM","python.exe","81472","QueryAllInformationFile","C:\Users\jimpames\Desktop\FESv8-algebraic\migration_toolkit\skeleton_engine","CreationTime: 6/6/2026 6:32:24 AM, LastAccessTime: 6/7/2026 2:08:07 PM, LastWriteTime: 6/6/2026 7:26:23 AM, ChangeTime: 6/6/2026 7:26:23 AM, FileAttributes: D, AllocationSize: 8,192, EndOfFile: 8,192","BUFFER OVERFLOW"
"2:08:07.8196560 PM","python.exe","81472","CloseFile","C:\Users\jimpames\Desktop\FESv8-algebraic\migration_toolkit\skeleton_engine","","SUCCESS"
"2:08:07.8210727 PM","python.exe","81472","CreateFile","C:\Users\jimpames\Desktop\FESv8-algebraic\migration_toolkit\skeleton_engine","Desired Access: Read Attributes, Synchronize, Disposition: Open, Options: Synchronous IO Non-Alert, Attributes: n/a, ShareMode: None, AllocationSize: n/a, OpenResult: Opened","SUCCESS"
"2:08:07.8211064 PM","python.exe","81472","QueryInformationVolume","C:\Users\jimpames\Desktop\FESv8-algebraic\migration_toolkit\skeleton_engine","VolumeCreationTime: 5/30/2024 3:01:34 PM, VolumeSerialNumber: 66CA-DF9F, SupportsObjects: True, VolumeLabel: Winጽ","BUFFER OVERFLOW"
"2:08:07.8211176 PM","python.exe","81472","QueryAllInformationFile","C:\Users\jimpames\Desktop\FESv8-algebraic\migration_toolkit\skeleton_engine","CreationTime: 6/6/2026 6:32:24 AM, LastAccessTime: 6/7/2026 2:08:07 PM, LastWriteTime: 6/6/2026 7:26:23 AM, ChangeTime: 6/6/2026 7:26:23 AM, FileAttributes: D, AllocationSize: 8,192, EndOfFile: 8,192","BUFFER OVERFLOW"
"2:08:07.8211299 PM","python.exe","81472","CloseFile","C:\Users\jimpames\Desktop\FESv8-algebraic\migration_toolkit\skeleton_engine","","SUCCESS"
"2:08:07.8227436 PM","python.exe","81472","CreateFile","C:\Users\jimpames\Desktop\FESv8-algebraic\migration_toolkit\skeleton_engine","Desired Access: Read Attributes, Synchronize, Disposition: Open, Options: Synchronous IO Non-Alert, Attributes: n/a, ShareMode: None, AllocationSize: n/a, OpenResult: Opened","SUCCESS"
"2:08:07.8227791 PM","python.exe","81472","QueryInformationVolume","C:\Users\jimpames\Desktop\FESv8-algebraic\migration_toolkit\skeleton_engine","VolumeCreationTime: 5/30/2024 3:01:34 PM, VolumeSerialNumber: 66CA-DF9F, SupportsObjects: True, VolumeLabel: Winክ","BUFFER OVERFLOW"
"2:08:07.8227966 PM","python.exe","81472","QueryAllInformationFile","C:\Users\jimpames\Desktop\FESv8-algebraic\migration_toolkit\skeleton_engine","CreationTime: 6/6/2026 6:32:24 AM, LastAccessTime: 6/7/2026 2:08:07 PM, LastWriteTime: 6/6/2026 7:26:23 AM, ChangeTime: 6/6/2026 7:26:23 AM, FileAttributes: D, AllocationSize: 8,192, EndOfFile: 8,192","BUFFER OVERFLOW"
"2:08:07.8228109 PM","python.exe","81472","CloseFile","C:\Users\jimpames\Desktop\FESv8-algebraic\migration_toolkit\skeleton_engine","","SUCCESS"
"2:08:07.8244977 PM","python.exe","81472","CreateFile","C:\Users\jimpames\Desktop\FESv8-algebraic\migration_toolkit\skeleton_engine","Desired Access: Read Attributes, Synchronize, Disposition: Open, Options: Synchronous IO Non-Alert, Attributes: n/a, ShareMode: None, AllocationSize: n/a, OpenResult: Opened","SUCCESS"
"2:08:07.8245230 PM","python.exe","81472","QueryInformationVolume","C:\Users\jimpames\Desktop\FESv8-algebraic\migration_toolkit\skeleton_engine","VolumeCreationTime: 5/30/2024 3:01:34 PM, VolumeSerialNumber: 66CA-DF9F, SupportsObjects: True, VolumeLabel: Winጽ","BUFFER OVERFLOW"
"2:08:07.8245324 PM","python.exe","81472","QueryAllInformationFile","C:\Users\jimpames\Desktop\FESv8-algebraic\migration_toolkit\skeleton_engine","CreationTime: 6/6/2026 6:32:24 AM, LastAccessTime: 6/7/2026 2:08:07 PM, LastWriteTime: 6/6/2026 7:26:23 AM, ChangeTime: 6/6/2026 7:26:23 AM, FileAttributes: D, AllocationSize: 8,192, EndOfFile: 8,192","BUFFER OVERFLOW"
"2:08:07.8245432 PM","python.exe","81472","CloseFile","C:\Users\jimpames\Desktop\FESv8-algebraic\migration_toolkit\skeleton_engine","","SUCCESS"
"2:08:07.8265079 PM","python.exe","81472","CreateFile","C:\Users\jimpames\Desktop\FESv8-algebraic\migration_toolkit\skeleton_engine","Desired Access: Read Attributes, Synchronize, Disposition: Open, Options: Synchronous IO Non-Alert, Attributes: n/a, ShareMode: None, AllocationSize: n/a, OpenResult: Opened","SUCCESS"
"2:08:07.8265466 PM","python.exe","81472","QueryInformationVolume","C:\Users\jimpames\Desktop\FESv8-algebraic\migration_toolkit\skeleton_engine","VolumeCreationTime: 5/30/2024 3:01:34 PM, VolumeSerialNumber: 66CA-DF9F, SupportsObjects: True, VolumeLabel: Winጽ","BUFFER OVERFLOW"
"2:08:07.8265754 PM","python.exe","81472","QueryAllInformationFile","C:\Users\jimpames\Desktop\FESv8-algebraic\migration_toolkit\skeleton_engine","CreationTime: 6/6/2026 6:32:24 AM, LastAccessTime: 6/7/2026 2:08:07 PM, LastWriteTime: 6/6/2026 7:26:23 AM, ChangeTime: 6/6/2026 7:26:23 AM, FileAttributes: D, AllocationSize: 8,192, EndOfFile: 8,192","BUFFER OVERFLOW"
"2:08:07.8265951 PM","python.exe","81472","CloseFile","C:\Users\jimpames\Desktop\FESv8-algebraic\migration_toolkit\skeleton_engine","","SUCCESS"
"2:08:07.8317125 PM","python.exe","81472","CreateFile","C:\Users\jimpames\Desktop\FESv8-algebraic\migration_toolkit\skeleton_engine","Desired Access: Read Attributes, Synchronize, Disposition: Open, Options: Synchronous IO Non-Alert, Attributes: n/a, ShareMode: None, AllocationSize: n/a, OpenResult: Opened","SUCCESS"
"2:08:07.8317425 PM","python.exe","81472","QueryInformationVolume","C:\Users\jimpames\Desktop\FESv8-algebraic\migration_toolkit\skeleton_engine","VolumeCreationTime: 5/30/2024 3:01:34 PM, VolumeSerialNumber: 66CA-DF9F, SupportsObjects: True, VolumeLabel: Winጴ","BUFFER OVERFLOW"
"2:08:07.8317556 PM","python.exe","81472","QueryAllInformationFile","C:\Users\jimpames\Desktop\FESv8-algebraic\migration_toolkit\skeleton_engine","CreationTime: 6/6/2026 6:32:24 AM, LastAccessTime: 6/7/2026 2:08:07 PM, LastWriteTime: 6/6/2026 7:26:23 AM, ChangeTime: 6/6/2026 7:26:23 AM, FileAttributes: D, AllocationSize: 8,192, EndOfFile: 8,192","BUFFER OVERFLOW"
"2:08:07.8317686 PM","python.exe","81472","CloseFile","C:\Users\jimpames\Desktop\FESv8-algebraic\migration_toolkit\skeleton_engine","","SUCCESS"
"2:08:07.8392144 PM","python.exe","81472","CreateFile","C:\Users\jimpames\Desktop\FESv8-algebraic\migration_toolkit\skeleton_engine","Desired Access: Read Attributes, Synchronize, Disposition: Open, Options: Synchronous IO Non-Alert, Attributes: n/a, ShareMode: None, AllocationSize: n/a, OpenResult: Opened","SUCCESS"
"2:08:07.8392472 PM","python.exe","81472","QueryInformationVolume","C:\Users\jimpames\Desktop\FESv8-algebraic\migration_toolkit\skeleton_engine","VolumeCreationTime: 5/30/2024 3:01:34 PM, VolumeSerialNumber: 66CA-DF9F, SupportsObjects: True, VolumeLabel: Winხ","BUFFER OVERFLOW"
"2:08:07.8392602 PM","python.exe","81472","QueryAllInformationFile","C:\Users\jimpames\Desktop\FESv8-algebraic\migration_toolkit\skeleton_engine","CreationTime: 6/6/2026 6:32:24 AM, LastAccessTime: 6/7/2026 2:08:07 PM, LastWriteTime: 6/6/2026 7:26:23 AM, ChangeTime: 6/6/2026 7:26:23 AM, FileAttributes: D, AllocationSize: 8,192, EndOfFile: 8,192","BUFFER OVERFLOW"
"2:08:07.8392749 PM","python.exe","81472","CloseFile","C:\Users\jimpames\Desktop\FESv8-algebraic\migration_toolkit\skeleton_engine","","SUCCESS"
"2:08:07.8433651 PM","python.exe","81472","CreateFile","C:\Users\jimpames\Desktop\FESv8-algebraic\migration_toolkit\skeleton_engine","Desired Access: Read Attributes, Synchronize, Disposition: Open, Options: Synchronous IO Non-Alert, Attributes: n/a, ShareMode: None, AllocationSize: n/a, OpenResult: Opened","SUCCESS"
"2:08:07.8433941 PM","python.exe","81472","QueryInformationVolume","C:\Users\jimpames\Desktop\FESv8-algebraic\migration_toolkit\skeleton_engine","VolumeCreationTime: 5/30/2024 3:01:34 PM, VolumeSerialNumber: 66CA-DF9F, SupportsObjects: True, VolumeLabel: Winხ","BUFFER OVERFLOW"
"2:08:07.8434053 PM","python.exe","81472","QueryAllInformationFile","C:\Users\jimpames\Desktop\FESv8-algebraic\migration_toolkit\skeleton_engine","CreationTime: 6/6/2026 6:32:24 AM, LastAccessTime: 6/7/2026 2:08:07 PM, LastWriteTime: 6/6/2026 7:26:23 AM, ChangeTime: 6/6/2026 7:26:23 AM, FileAttributes: D, AllocationSize: 8,192, EndOfFile: 8,192","BUFFER OVERFLOW"
"2:08:07.8434174 PM","python.exe","81472","CloseFile","C:\Users\jimpames\Desktop\FESv8-algebraic\migration_toolkit\skeleton_engine","","SUCCESS"
"2:08:07.8469680 PM","python.exe","81472","CreateFile","C:\Users\jimpames\Desktop\FESv8-algebraic\migration_toolkit\skeleton_engine","Desired Access: Read Attributes, Synchronize, Disposition: Open, Options: Synchronous IO Non-Alert, Attributes: n/a, ShareMode: None, AllocationSize: n/a, OpenResult: Opened","SUCCESS"
"2:08:07.8470005 PM","python.exe","81472","QueryInformationVolume","C:\Users\jimpames\Desktop\FESv8-algebraic\migration_toolkit\skeleton_engine","VolumeCreationTime: 5/30/2024 3:01:34 PM, VolumeSerialNumber: 66CA-DF9F, SupportsObjects: True, VolumeLabel: Winጽ","BUFFER OVERFLOW"
"2:08:07.8470152 PM","python.exe","81472","QueryAllInformationFile","C:\Users\jimpames\Desktop\FESv8-algebraic\migration_toolkit\skeleton_engine","CreationTime: 6/6/2026 6:32:24 AM, LastAccessTime: 6/7/2026 2:08:07 PM, LastWriteTime: 6/6/2026 7:26:23 AM, ChangeTime: 6/6/2026 7:26:23 AM, FileAttributes: D, AllocationSize: 8,192, EndOfFile: 8,192","BUFFER OVERFLOW"
"2:08:07.8470317 PM","python.exe","81472","CloseFile","C:\Users\jimpames\Desktop\FESv8-algebraic\migration_toolkit\skeleton_engine","","SUCCESS"
"2:08:07.8488914 PM","python.exe","81472","CreateFile","C:\Users\jimpames\Desktop\FESv8-algebraic\migration_toolkit\skeleton_engine","Desired Access: Read Attributes, Synchronize, Disposition: Open, Options: Synchronous IO Non-Alert, Attributes: n/a, ShareMode: None, AllocationSize: n/a, OpenResult: Opened","SUCCESS"
"2:08:07.8489243 PM","python.exe","81472","QueryInformationVolume","C:\Users\jimpames\Desktop\FESv8-algebraic\migration_toolkit\skeleton_engine","VolumeCreationTime: 5/30/2024 3:01:34 PM, VolumeSerialNumber: 66CA-DF9F, SupportsObjects: True, VolumeLabel: Winክ","BUFFER OVERFLOW"
"2:08:07.8489427 PM","python.exe","81472","QueryAllInformationFile","C:\Users\jimpames\Desktop\FESv8-algebraic\migration_toolkit\skeleton_engine","CreationTime: 6/6/2026 6:32:24 AM, LastAccessTime: 6/7/2026 2:08:07 PM, LastWriteTime: 6/6/2026 7:26:23 AM, ChangeTime: 6/6/2026 7:26:23 AM, FileAttributes: D, AllocationSize: 8,192, EndOfFile: 8,192","BUFFER OVERFLOW"
"2:08:07.8489629 PM","python.exe","81472","CloseFile","C:\Users\jimpames\Desktop\FESv8-algebraic\migration_toolkit\skeleton_engine","","SUCCESS"
"2:08:07.8506181 PM","python.exe","81472","CreateFile","C:\Users\jimpames\Desktop\FESv8-algebraic\migration_toolkit\skeleton_engine","Desired Access: Read Attributes, Synchronize, Disposition: Open, Options: Synchronous IO Non-Alert, Attributes: n/a, ShareMode: None, AllocationSize: n/a, OpenResult: Opened","SUCCESS"
"2:08:07.8506490 PM","python.exe","81472","QueryInformationVolume","C:\Users\jimpames\Desktop\FESv8-algebraic\migration_toolkit\skeleton_engine","VolumeCreationTime: 5/30/2024 3:01:34 PM, VolumeSerialNumber: 66CA-DF9F, SupportsObjects: True, VolumeLabel: Winጽ","BUFFER OVERFLOW"
"2:08:07.8506634 PM","python.exe","81472","QueryAllInformationFile","C:\Users\jimpames\Desktop\FESv8-algebraic\migration_toolkit\skeleton_engine","CreationTime: 6/6/2026 6:32:24 AM, LastAccessTime: 6/7/2026 2:08:07 PM, LastWriteTime: 6/6/2026 7:26:23 AM, ChangeTime: 6/6/2026 7:26:23 AM, FileAttributes: D, AllocationSize: 8,192, EndOfFile: 8,192","BUFFER OVERFLOW"
"2:08:07.8506786 PM","python.exe","81472","CloseFile","C:\Users\jimpames\Desktop\FESv8-algebraic\migration_toolkit\skeleton_engine","","SUCCESS"
"2:08:07.8529367 PM","python.exe","81472","CreateFile","C:\Users\jimpames\Desktop\FESv8-algebraic\migration_toolkit\skeleton_engine","Desired Access: Read Attributes, Synchronize, Disposition: Open, Options: Synchronous IO Non-Alert, Attributes: n/a, ShareMode: None, AllocationSize: n/a, OpenResult: Opened","SUCCESS"
"2:08:07.8529781 PM","python.exe","81472","QueryInformationVolume","C:\Users\jimpames\Desktop\FESv8-algebraic\migration_toolkit\skeleton_engine","VolumeCreationTime: 5/30/2024 3:01:34 PM, VolumeSerialNumber: 66CA-DF9F, SupportsObjects: True, VolumeLabel: Winጽ","BUFFER OVERFLOW"
"2:08:07.8529987 PM","python.exe","81472","QueryAllInformationFile","C:\Users\jimpames\Desktop\FESv8-algebraic\migration_toolkit\skeleton_engine","CreationTime: 6/6/2026 6:32:24 AM, LastAccessTime: 6/7/2026 2:08:07 PM, LastWriteTime: 6/6/2026 7:26:23 AM, ChangeTime: 6/6/2026 7:26:23 AM, FileAttributes: D, AllocationSize: 8,192, EndOfFile: 8,192","BUFFER OVERFLOW"
"2:08:07.8530213 PM","python.exe","81472","CloseFile","C:\Users\jimpames\Desktop\FESv8-algebraic\migration_toolkit\skeleton_engine","","SUCCESS"
"2:08:07.8543551 PM","python.exe","81472","CreateFile","C:\Users\jimpames\Desktop\FESv8-algebraic\migration_toolkit\skeleton_engine","Desired Access: Read Attributes, Synchronize, Disposition: Open, Options: Synchronous IO Non-Alert, Attributes: n/a, ShareMode: None, AllocationSize: n/a, OpenResult: Opened","SUCCESS"
"2:08:07.8543812 PM","python.exe","81472","QueryInformationVolume","C:\Users\jimpames\Desktop\FESv8-algebraic\migration_toolkit\skeleton_engine","VolumeCreationTime: 5/30/2024 3:01:34 PM, VolumeSerialNumber: 66CA-DF9F, SupportsObjects: True, VolumeLabel: Winხ","BUFFER OVERFLOW"
"2:08:07.8543926 PM","python.exe","81472","QueryAllInformationFile","C:\Users\jimpames\Desktop\FESv8-algebraic\migration_toolkit\skeleton_engine","CreationTime: 6/6/2026 6:32:24 AM, LastAccessTime: 6/7/2026 2:08:07 PM, LastWriteTime: 6/6/2026 7:26:23 AM, ChangeTime: 6/6/2026 7:26:23 AM, FileAttributes: D, AllocationSize: 8,192, EndOfFile: 8,192","BUFFER OVERFLOW"
"2:08:07.8544044 PM","python.exe","81472","CloseFile","C:\Users\jimpames\Desktop\FESv8-algebraic\migration_toolkit\skeleton_engine","","SUCCESS"
"2:08:07.8565940 PM","python.exe","81472","CreateFile","C:\Users\jimpames\Desktop\FESv8-algebraic\migration_toolkit\skeleton_engine","Desired Access: Read Attributes, Synchronize, Disposition: Open, Options: Synchronous IO Non-Alert, Attributes: n/a, ShareMode: None, AllocationSize: n/a, OpenResult: Opened","SUCCESS"
"2:08:07.8566272 PM","python.exe","81472","QueryInformationVolume","C:\Users\jimpames\Desktop\FESv8-algebraic\migration_toolkit\skeleton_engine","VolumeCreationTime: 5/30/2024 3:01:34 PM, VolumeSerialNumber: 66CA-DF9F, SupportsObjects: True, VolumeLabel: Win(谀잁杹","BUFFER OVERFLOW"
"2:08:07.8566426 PM","python.exe","81472","QueryAllInformationFile","C:\Users\jimpames\Desktop\FESv8-algebraic\migration_toolkit\skeleton_engine","CreationTime: 6/6/2026 6:32:24 AM, LastAccessTime: 6/7/2026 2:08:07 PM, LastWriteTime: 6/6/2026 7:26:23 AM, ChangeTime: 6/6/2026 7:26:23 AM, FileAttributes: D, AllocationSize: 8,192, EndOfFile: 8,192","BUFFER OVERFLOW"
"2:08:07.8566590 PM","python.exe","81472","CloseFile","C:\Users\jimpames\Desktop\FESv8-algebraic\migration_toolkit\skeleton_engine","","SUCCESS"
"2:08:07.8591333 PM","python.exe","81472","CreateFile","C:\Users\jimpames\Desktop\FESv8-algebraic\migration_toolkit\skeleton_engine","Desired Access: Read Attributes, Synchronize, Disposition: Open, Options: Synchronous IO Non-Alert, Attributes: n/a, ShareMode: None, AllocationSize: n/a, OpenResult: Opened","SUCCESS"
"2:08:07.8591756 PM","python.exe","81472","QueryInformationVolume","C:\Users\jimpames\Desktop\FESv8-algebraic\migration_toolkit\skeleton_engine","VolumeCreationTime: 5/30/2024 3:01:34 PM, VolumeSerialNumber: 66CA-DF9F, SupportsObjects: True, VolumeLabel: Winხ","BUFFER OVERFLOW"
"2:08:07.8592135 PM","python.exe","81472","QueryAllInformationFile","C:\Users\jimpames\Desktop\FESv8-algebraic\migration_toolkit\skeleton_engine","CreationTime: 6/6/2026 6:32:24 AM, LastAccessTime: 6/7/2026 2:08:07 PM, LastWriteTime: 6/6/2026 7:26:23 AM, ChangeTime: 6/6/2026 7:26:23 AM, FileAttributes: D, AllocationSize: 8,192, EndOfFile: 8,192","BUFFER OVERFLOW"
"2:08:07.8592334 PM","python.exe","81472","CloseFile","C:\Users\jimpames\Desktop\FESv8-algebraic\migration_toolkit\skeleton_engine","","SUCCESS"
"2:08:07.8610561 PM","python.exe","81472","CreateFile","C:\Users\jimpames\Desktop\FESv8-algebraic\migration_toolkit\skeleton_engine","Desired Access: Read Attributes, Synchronize, Disposition: Open, Options: Synchronous IO Non-Alert, Attributes: n/a, ShareMode: None, AllocationSize: n/a, OpenResult: Opened","SUCCESS"
"2:08:07.8610929 PM","python.exe","81472","QueryInformationVolume","C:\Users\jimpames\Desktop\FESv8-algebraic\migration_toolkit\skeleton_engine","VolumeCreationTime: 5/30/2024 3:01:34 PM, VolumeSerialNumber: 66CA-DF9F, SupportsObjects: True, VolumeLabel: Winხ","BUFFER OVERFLOW"
"2:08:07.8611057 PM","python.exe","81472","QueryAllInformationFile","C:\Users\jimpames\Desktop\FESv8-algebraic\migration_toolkit\skeleton_engine","CreationTime: 6/6/2026 6:32:24 AM, LastAccessTime: 6/7/2026 2:08:07 PM, LastWriteTime: 6/6/2026 7:26:23 AM, ChangeTime: 6/6/2026 7:26:23 AM, FileAttributes: D, AllocationSize: 8,192, EndOfFile: 8,192","BUFFER OVERFLOW"
"2:08:07.8611201 PM","python.exe","81472","CloseFile","C:\Users\jimpames\Desktop\FESv8-algebraic\migration_toolkit\skeleton_engine","","SUCCESS"
"2:08:07.8629694 PM","python.exe","81472","CreateFile","C:\Users\jimpames\Desktop\FESv8-algebraic\migration_toolkit\skeleton_engine","Desired Access: Read Attributes, Synchronize, Disposition: Open, Options: Synchronous IO Non-Alert, Attributes: n/a, ShareMode: None, AllocationSize: n/a, OpenResult: Opened","SUCCESS"
"2:08:07.8630010 PM","python.exe","81472","QueryInformationVolume","C:\Users\jimpames\Desktop\FESv8-algebraic\migration_toolkit\skeleton_engine","VolumeCreationTime: 5/30/2024 3:01:34 PM, VolumeSerialNumber: 66CA-DF9F, SupportsObjects: True, VolumeLabel: Winጽ","BUFFER OVERFLOW"
"2:08:07.8630168 PM","python.exe","81472","QueryAllInformationFile","C:\Users\jimpames\Desktop\FESv8-algebraic\migration_toolkit\skeleton_engine","CreationTime: 6/6/2026 6:32:24 AM, LastAccessTime: 6/7/2026 2:08:07 PM, LastWriteTime: 6/6/2026 7:26:23 AM, ChangeTime: 6/6/2026 7:26:23 AM, FileAttributes: D, AllocationSize: 8,192, EndOfFile: 8,192","BUFFER OVERFLOW"
"2:08:07.8630349 PM","python.exe","81472","CloseFile","C:\Users\jimpames\Desktop\FESv8-algebraic\migration_toolkit\skeleton_engine","","SUCCESS"
"2:08:07.8647984 PM","python.exe","81472","CreateFile","C:\Users\jimpames\Desktop\FESv8-algebraic\migration_toolkit\skeleton_engine","Desired Access: Read Attributes, Synchronize, Disposition: Open, Options: Synchronous IO Non-Alert, Attributes: n/a, ShareMode: None, AllocationSize: n/a, OpenResult: Opened","SUCCESS"
"2:08:07.8648346 PM","python.exe","81472","QueryInformationVolume","C:\Users\jimpames\Desktop\FESv8-algebraic\migration_toolkit\skeleton_engine","VolumeCreationTime: 5/30/2024 3:01:34 PM, VolumeSerialNumber: 66CA-DF9F, SupportsObjects: True, VolumeLabel: Winხ","BUFFER OVERFLOW"
"2:08:07.8648630 PM","python.exe","81472","QueryAllInformationFile","C:\Users\jimpames\Desktop\FESv8-algebraic\migration_toolkit\skeleton_engine","CreationTime: 6/6/2026 6:32:24 AM, LastAccessTime: 6/7/2026 2:08:07 PM, LastWriteTime: 6/6/2026 7:26:23 AM, ChangeTime: 6/6/2026 7:26:23 AM, FileAttributes: D, AllocationSize: 8,192, EndOfFile: 8,192","BUFFER OVERFLOW"
"2:08:07.8648961 PM","python.exe","81472","CloseFile","C:\Users\jimpames\Desktop\FESv8-algebraic\migration_toolkit\skeleton_engine","","SUCCESS"
"2:08:07.8667434 PM","python.exe","81472","CreateFile","C:\Users\jimpames\Desktop\FESv8-algebraic\migration_toolkit\skeleton_engine","Desired Access: Read Attributes, Synchronize, Disposition: Open, Options: Synchronous IO Non-Alert, Attributes: n/a, ShareMode: None, AllocationSize: n/a, OpenResult: Opened","SUCCESS"
"2:08:07.8667720 PM","python.exe","81472","QueryInformationVolume","C:\Users\jimpames\Desktop\FESv8-algebraic\migration_toolkit\skeleton_engine","VolumeCreationTime: 5/30/2024 3:01:34 PM, VolumeSerialNumber: 66CA-DF9F, SupportsObjects: True, VolumeLabel: Winხ","BUFFER OVERFLOW"
"2:08:07.8667843 PM","python.exe","81472","QueryAllInformationFile","C:\Users\jimpames\Desktop\FESv8-algebraic\migration_toolkit\skeleton_engine","CreationTime: 6/6/2026 6:32:24 AM, LastAccessTime: 6/7/2026 2:08:07 PM, LastWriteTime: 6/6/2026 7:26:23 AM, ChangeTime: 6/6/2026 7:26:23 AM, FileAttributes: D, AllocationSize: 8,192, EndOfFile: 8,192","BUFFER OVERFLOW"
"2:08:07.8667972 PM","python.exe","81472","CloseFile","C:\Users\jimpames\Desktop\FESv8-algebraic\migration_toolkit\skeleton_engine","","SUCCESS"
"2:08:07.8684852 PM","python.exe","81472","CreateFile","C:\Users\jimpames\Desktop\FESv8-algebraic\migration_toolkit\skeleton_engine","Desired Access: Read Attributes, Synchronize, Disposition: Open, Options: Synchronous IO Non-Alert, Attributes: n/a, ShareMode: None, AllocationSize: n/a, OpenResult: Opened","SUCCESS"
"2:08:07.8685096 PM","python.exe","81472","QueryInformationVolume","C:\Users\jimpames\Desktop\FESv8-algebraic\migration_toolkit\skeleton_engine","VolumeCreationTime: 5/30/2024 3:01:34 PM, VolumeSerialNumber: 66CA-DF9F, SupportsObjects: True, VolumeLabel: Win","BUFFER OVERFLOW"
"2:08:07.8685213 PM","python.exe","81472","QueryAllInformationFile","C:\Users\jimpames\Desktop\FESv8-algebraic\migration_toolkit\skeleton_engine","CreationTime: 6/6/2026 6:32:24 AM, LastAccessTime: 6/7/2026 2:08:07 PM, LastWriteTime: 6/6/2026 7:26:23 AM, ChangeTime: 6/6/2026 7:26:23 AM, FileAttributes: D, AllocationSize: 8,192, EndOfFile: 8,192","BUFFER OVERFLOW"
"2:08:07.8685340 PM","python.exe","81472","CloseFile","C:\Users\jimpames\Desktop\FESv8-algebraic\migration_toolkit\skeleton_engine","","SUCCESS"
"2:08:07.8859222 PM","python.exe","81472","CreateFile","C:\Users\jimpames\Desktop\FESv8-algebraic\migration_toolkit\skeleton_engine\output","Desired Access: Read Data/List Directory, Synchronize, Disposition: Create, Options: Directory, Synchronous IO Non-Alert, Open Reparse Point, Attributes: N, ShareMode: Read, Write, AllocationSize: 0","NAME COLLISION"
"2:08:07.8860547 PM","python.exe","81472","CreateFile","C:\Users\jimpames\Desktop\FESv8-algebraic\migration_toolkit\skeleton_engine\output","Desired Access: Read Attributes, Synchronize, Disposition: Open, Options: Synchronous IO Non-Alert, Attributes: n/a, ShareMode: None, AllocationSize: n/a, OpenResult: Opened","SUCCESS"
"2:08:07.8860825 PM","python.exe","81472","QueryInformationVolume","C:\Users\jimpames\Desktop\FESv8-algebraic\migration_toolkit\skeleton_engine\output","VolumeCreationTime: 5/30/2024 3:01:34 PM, VolumeSerialNumber: 66CA-DF9F, SupportsObjects: True, VolumeLabel: Winᄨ","BUFFER OVERFLOW"
"2:08:07.8860942 PM","python.exe","81472","QueryAllInformationFile","C:\Users\jimpames\Desktop\FESv8-algebraic\migration_toolkit\skeleton_engine\output","CreationTime: 6/6/2026 6:32:24 AM, LastAccessTime: 6/7/2026 2:07:06 PM, LastWriteTime: 6/6/2026 11:46:05 AM, ChangeTime: 6/6/2026 11:46:05 AM, FileAttributes: D, AllocationSize: 4,096, EndOfFile: 4,096","BUFFER OVERFLOW"
"2:08:07.8861125 PM","python.exe","81472","CloseFile","C:\Users\jimpames\Desktop\FESv8-algebraic\migration_toolkit\skeleton_engine\output","","SUCCESS"
"2:08:07.8943345 PM","python.exe","81472","CloseFile","C:\Users\jimpames\Desktop\FESv8-algebraic\migration_toolkit","","SUCCESS"
"2:08:07.8978327 PM","python.exe","76332","CloseFile","C:\Users\jimpames\Desktop\FESv8-algebraic\migration_toolkit","","SUCCESS"
"2:08:07.8996111 PM","python.exe","35508","CreateFile","C:\Users\jimpames\Desktop\FESv8-algebraic\migration_toolkit","Desired Access: Read Attributes, Disposition: Open, Options: Open Reparse Point, Attributes: n/a, ShareMode: Read, Write, Delete, AllocationSize: n/a, OpenResult: Opened","SUCCESS"
"2:08:07.8996383 PM","python.exe","35508","QueryBasicInformationFile","C:\Users\jimpames\Desktop\FESv8-algebraic\migration_toolkit","CreationTime: 6/6/2026 6:32:22 AM, LastAccessTime: 6/7/2026 2:08:07 PM, LastWriteTime: 6/6/2026 7:26:22 AM, ChangeTime: 6/6/2026 7:26:22 AM, FileAttributes: D","SUCCESS"
"2:08:07.8996507 PM","python.exe","35508","CloseFile","C:\Users\jimpames\Desktop\FESv8-algebraic\migration_toolkit","","SUCCESS"
"2:08:07.9100405 PM","python.exe","16488","CreateFile","C:\Users\jimpames\Desktop\FESv8-algebraic\migration_toolkit","Desired Access: Execute/Traverse, Synchronize, Disposition: Open, Options: Directory, Synchronous IO Non-Alert, Attributes: n/a, ShareMode: Read, Write, AllocationSize: n/a, OpenResult: Opened","SUCCESS"
"2:08:07.9268867 PM","python.exe","78160","CreateFile","C:\Users\jimpames\Desktop\FESv8-algebraic\migration_toolkit","Desired Access: Execute/Traverse, Synchronize, Disposition: Open, Options: Directory, Synchronous IO Non-Alert, Attributes: n/a, ShareMode: Read, Write, AllocationSize: n/a, OpenResult: Opened","SUCCESS"
"2:08:07.9902747 PM","python.exe","78160","CreateFile","C:\Users\jimpames\Desktop\FESv8-algebraic\migration_toolkit\skeleton_engine","Desired Access: Read Attributes, Synchronize, Disposition: Open, Options: Synchronous IO Non-Alert, Attributes: n/a, ShareMode: None, AllocationSize: n/a, OpenResult: Opened","SUCCESS"
"2:08:07.9903072 PM","python.exe","78160","QueryInformationVolume","C:\Users\jimpames\Desktop\FESv8-algebraic\migration_toolkit\skeleton_engine","VolumeCreationTime: 5/30/2024 3:01:34 PM, VolumeSerialNumber: 66CA-DF9F, SupportsObjects: True, VolumeLabel: Win","BUFFER OVERFLOW"
"2:08:07.9903197 PM","python.exe","78160","QueryAllInformationFile","C:\Users\jimpames\Desktop\FESv8-algebraic\migration_toolkit\skeleton_engine","CreationTime: 6/6/2026 6:32:24 AM, LastAccessTime: 6/7/2026 2:08:07 PM, LastWriteTime: 6/6/2026 7:26:23 AM, ChangeTime: 6/6/2026 7:26:23 AM, FileAttributes: D, AllocationSize: 8,192, EndOfFile: 8,192","BUFFER OVERFLOW"
"2:08:07.9903335 PM","python.exe","78160","CloseFile","C:\Users\jimpames\Desktop\FESv8-algebraic\migration_toolkit\skeleton_engine","","SUCCESS"
"2:08:07.9904383 PM","python.exe","78160","CreateFile","C:\Users\jimpames\Desktop\FESv8-algebraic\migration_toolkit\skeleton_engine","Desired Access: Read Attributes, Synchronize, Disposition: Open, Options: Synchronous IO Non-Alert, Attributes: n/a, ShareMode: None, AllocationSize: n/a, OpenResult: Opened","SUCCESS"
"2:08:07.9904574 PM","python.exe","78160","QueryInformationVolume","C:\Users\jimpames\Desktop\FESv8-algebraic\migration_toolkit\skeleton_engine","VolumeCreationTime: 5/30/2024 3:01:34 PM, VolumeSerialNumber: 66CA-DF9F, SupportsObjects: True, VolumeLabel: Winხ","BUFFER OVERFLOW"
"2:08:07.9904676 PM","python.exe","78160","QueryAllInformationFile","C:\Users\jimpames\Desktop\FESv8-algebraic\migration_toolkit\skeleton_engine","CreationTime: 6/6/2026 6:32:24 AM, LastAccessTime: 6/7/2026 2:08:07 PM, LastWriteTime: 6/6/2026 7:26:23 AM, ChangeTime: 6/6/2026 7:26:23 AM, FileAttributes: D, AllocationSize: 8,192, EndOfFile: 8,192","BUFFER OVERFLOW"
"2:08:07.9904783 PM","python.exe","78160","CloseFile","C:\Users\jimpames\Desktop\FESv8-algebraic\migration_toolkit\skeleton_engine","","SUCCESS"
"2:08:07.9905796 PM","python.exe","78160","CreateFile","C:\Users\jimpames\Desktop\FESv8-algebraic\migration_toolkit\skeleton_engine","Desired Access: Read Attributes, Synchronize, Disposition: Open, Options: Synchronous IO Non-Alert, Attributes: n/a, ShareMode: None, AllocationSize: n/a, OpenResult: Opened","SUCCESS"
"2:08:07.9905980 PM","python.exe","78160","QueryInformationVolume","C:\Users\jimpames\Desktop\FESv8-algebraic\migration_toolkit\skeleton_engine","VolumeCreationTime: 5/30/2024 3:01:34 PM, VolumeSerialNumber: 66CA-DF9F, SupportsObjects: True, VolumeLabel: Winᄨ","BUFFER OVERFLOW"
"2:08:07.9906057 PM","python.exe","78160","QueryAllInformationFile","C:\Users\jimpames\Desktop\FESv8-algebraic\migration_toolkit\skeleton_engine","CreationTime: 6/6/2026 6:32:24 AM, LastAccessTime: 6/7/2026 2:08:07 PM, LastWriteTime: 6/6/2026 7:26:23 AM, ChangeTime: 6/6/2026 7:26:23 AM, FileAttributes: D, AllocationSize: 8,192, EndOfFile: 8,192","BUFFER OVERFLOW"
"2:08:07.9906233 PM","python.exe","78160","CloseFile","C:\Users\jimpames\Desktop\FESv8-algebraic\migration_toolkit\skeleton_engine","","SUCCESS"
"2:08:07.9907196 PM","python.exe","78160","CreateFile","C:\Users\jimpames\Desktop\FESv8-algebraic\migration_toolkit\skeleton_engine","Desired Access: Read Data/List Directory, Synchronize, Disposition: Open, Options: Directory, Synchronous IO Non-Alert, Attributes: n/a, ShareMode: Read, Write, Delete, AllocationSize: n/a, OpenResult: Opened","SUCCESS"
"2:08:07.9908068 PM","python.exe","78160","QueryDirectory","C:\Users\jimpames\Desktop\FESv8-algebraic\migration_toolkit\skeleton_engine","FileInformationClass: FileBothDirectoryInformation, 1: .., 2: build_pipeline.py, 3: customer_fidelity_validator.py, 4: immutables_classifier.py, 5: immutables_validator.py, 6: jpa_scrubber.py","SUCCESS"
"2:08:07.9908531 PM","python.exe","78160","QueryDirectory","C:\Users\jimpames\Desktop\FESv8-algebraic\migration_toolkit\skeleton_engine","FileInformationClass: FileBothDirectoryInformation","NO MORE FILES"
"2:08:07.9908687 PM","python.exe","78160","CloseFile","C:\Users\jimpames\Desktop\FESv8-algebraic\migration_toolkit\skeleton_engine","","SUCCESS"
"2:08:07.9924442 PM","python.exe","78160","CreateFile","C:\Users\jimpames\Desktop\FESv8-algebraic\migration_toolkit\skeleton_engine","Desired Access: Read Attributes, Synchronize, Disposition: Open, Options: Synchronous IO Non-Alert, Attributes: n/a, ShareMode: None, AllocationSize: n/a, OpenResult: Opened","SUCCESS"
"2:08:07.9924656 PM","python.exe","78160","QueryInformationVolume","C:\Users\jimpames\Desktop\FESv8-algebraic\migration_toolkit\skeleton_engine","VolumeCreationTime: 5/30/2024 3:01:34 PM, VolumeSerialNumber: 66CA-DF9F, SupportsObjects: True, VolumeLabel: Winጿ","BUFFER OVERFLOW"
"2:08:07.9924739 PM","python.exe","78160","QueryAllInformationFile","C:\Users\jimpames\Desktop\FESv8-algebraic\migration_toolkit\skeleton_engine","CreationTime: 6/6/2026 6:32:24 AM, LastAccessTime: 6/7/2026 2:08:07 PM, LastWriteTime: 6/6/2026 7:26:23 AM, ChangeTime: 6/6/2026 7:26:23 AM, FileAttributes: D, AllocationSize: 8,192, EndOfFile: 8,192","BUFFER OVERFLOW"
"2:08:07.9924835 PM","python.exe","78160","CloseFile","C:\Users\jimpames\Desktop\FESv8-algebraic\migration_toolkit\skeleton_engine","","SUCCESS"
"2:08:07.9944443 PM","python.exe","78160","CreateFile","C:\Users\jimpames\Desktop\FESv8-algebraic\migration_toolkit\skeleton_engine","Desired Access: Read Attributes, Synchronize, Disposition: Open, Options: Synchronous IO Non-Alert, Attributes: n/a, ShareMode: None, AllocationSize: n/a, OpenResult: Opened","SUCCESS"
"2:08:07.9944832 PM","python.exe","78160","QueryInformationVolume","C:\Users\jimpames\Desktop\FESv8-algebraic\migration_toolkit\skeleton_engine","VolumeCreationTime: 5/30/2024 3:01:34 PM, VolumeSerialNumber: 66CA-DF9F, SupportsObjects: True, VolumeLabel: Winᄨ","BUFFER OVERFLOW"
"2:08:07.9944989 PM","python.exe","78160","QueryAllInformationFile","C:\Users\jimpames\Desktop\FESv8-algebraic\migration_toolkit\skeleton_engine","CreationTime: 6/6/2026 6:32:24 AM, LastAccessTime: 6/7/2026 2:08:07 PM, LastWriteTime: 6/6/2026 7:26:23 AM, ChangeTime: 6/6/2026 7:26:23 AM, FileAttributes: D, AllocationSize: 8,192, EndOfFile: 8,192","BUFFER OVERFLOW"
"2:08:07.9945162 PM","python.exe","78160","CloseFile","C:\Users\jimpames\Desktop\FESv8-algebraic\migration_toolkit\skeleton_engine","","SUCCESS"
"2:08:07.9959938 PM","python.exe","78160","CreateFile","C:\Users\jimpames\Desktop\FESv8-algebraic\migration_toolkit\skeleton_engine","Desired Access: Read Attributes, Synchronize, Disposition: Open, Options: Synchronous IO Non-Alert, Attributes: n/a, ShareMode: None, AllocationSize: n/a, OpenResult: Opened","SUCCESS"
"2:08:07.9960215 PM","python.exe","78160","QueryInformationVolume","C:\Users\jimpames\Desktop\FESv8-algebraic\migration_toolkit\skeleton_engine","VolumeCreationTime: 5/30/2024 3:01:34 PM, VolumeSerialNumber: 66CA-DF9F, SupportsObjects: True, VolumeLabel: Winᄨ","BUFFER OVERFLOW"
"2:08:07.9960346 PM","python.exe","78160","QueryAllInformationFile","C:\Users\jimpames\Desktop\FESv8-algebraic\migration_toolkit\skeleton_engine","CreationTime: 6/6/2026 6:32:24 AM, LastAccessTime: 6/7/2026 2:08:07 PM, LastWriteTime: 6/6/2026 7:26:23 AM, ChangeTime: 6/6/2026 7:26:23 AM, FileAttributes: D, AllocationSize: 8,192, EndOfFile: 8,192","BUFFER OVERFLOW"
"2:08:07.9960519 PM","python.exe","78160","CloseFile","C:\Users\jimpames\Desktop\FESv8-algebraic\migration_toolkit\skeleton_engine","","SUCCESS"
"2:08:07.9978201 PM","python.exe","78160","CreateFile","C:\Users\jimpames\Desktop\FESv8-algebraic\migration_toolkit\skeleton_engine","Desired Access: Read Attributes, Synchronize, Disposition: Open, Options: Synchronous IO Non-Alert, Attributes: n/a, ShareMode: None, AllocationSize: n/a, OpenResult: Opened","SUCCESS"
"2:08:07.9978543 PM","python.exe","78160","QueryInformationVolume","C:\Users\jimpames\Desktop\FESv8-algebraic\migration_toolkit\skeleton_engine","VolumeCreationTime: 5/30/2024 3:01:34 PM, VolumeSerialNumber: 66CA-DF9F, SupportsObjects: True, VolumeLabel: Winᄨ","BUFFER OVERFLOW"
"2:08:07.9978725 PM","python.exe","78160","QueryAllInformationFile","C:\Users\jimpames\Desktop\FESv8-algebraic\migration_toolkit\skeleton_engine","CreationTime: 6/6/2026 6:32:24 AM, LastAccessTime: 6/7/2026 2:08:07 PM, LastWriteTime: 6/6/2026 7:26:23 AM, ChangeTime: 6/6/2026 7:26:23 AM, FileAttributes: D, AllocationSize: 8,192, EndOfFile: 8,192","BUFFER OVERFLOW"
"2:08:07.9978927 PM","python.exe","78160","CloseFile","C:\Users\jimpames\Desktop\FESv8-algebraic\migration_toolkit\skeleton_engine","","SUCCESS"
"2:08:07.9999938 PM","python.exe","78160","CreateFile","C:\Users\jimpames\Desktop\FESv8-algebraic\migration_toolkit\skeleton_engine","Desired Access: Read Attributes, Synchronize, Disposition: Open, Options: Synchronous IO Non-Alert, Attributes: n/a, ShareMode: None, AllocationSize: n/a, OpenResult: Opened","SUCCESS"
"2:08:08.0000291 PM","python.exe","78160","QueryInformationVolume","C:\Users\jimpames\Desktop\FESv8-algebraic\migration_toolkit\skeleton_engine","VolumeCreationTime: 5/30/2024 3:01:34 PM, VolumeSerialNumber: 66CA-DF9F, SupportsObjects: True, VolumeLabel: Winᄨ","BUFFER OVERFLOW"
"2:08:08.0000573 PM","python.exe","78160","QueryAllInformationFile","C:\Users\jimpames\Desktop\FESv8-algebraic\migration_toolkit\skeleton_engine","CreationTime: 6/6/2026 6:32:24 AM, LastAccessTime: 6/7/2026 2:08:07 PM, LastWriteTime: 6/6/2026 7:26:23 AM, ChangeTime: 6/6/2026 7:26:23 AM, FileAttributes: D, AllocationSize: 8,192, EndOfFile: 8,192","BUFFER OVERFLOW"
"2:08:08.0000832 PM","python.exe","78160","CloseFile","C:\Users\jimpames\Desktop\FESv8-algebraic\migration_toolkit\skeleton_engine","","SUCCESS"
"2:08:08.0019873 PM","python.exe","78160","CreateFile","C:\Users\jimpames\Desktop\FESv8-algebraic\migration_toolkit\skeleton_engine","Desired Access: Read Attributes, Synchronize, Disposition: Open, Options: Synchronous IO Non-Alert, Attributes: n/a, ShareMode: None, AllocationSize: n/a, OpenResult: Opened","SUCCESS"
"2:08:08.0020320 PM","python.exe","78160","QueryInformationVolume","C:\Users\jimpames\Desktop\FESv8-algebraic\migration_toolkit\skeleton_engine","VolumeCreationTime: 5/30/2024 3:01:34 PM, VolumeSerialNumber: 66CA-DF9F, SupportsObjects: True, VolumeLabel: Winጴ","BUFFER OVERFLOW"
"2:08:08.0020538 PM","python.exe","78160","QueryAllInformationFile","C:\Users\jimpames\Desktop\FESv8-algebraic\migration_toolkit\skeleton_engine","CreationTime: 6/6/2026 6:32:24 AM, LastAccessTime: 6/7/2026 2:08:07 PM, LastWriteTime: 6/6/2026 7:26:23 AM, ChangeTime: 6/6/2026 7:26:23 AM, FileAttributes: D, AllocationSize: 8,192, EndOfFile: 8,192","BUFFER OVERFLOW"
"2:08:08.0020702 PM","python.exe","78160","CloseFile","C:\Users\jimpames\Desktop\FESv8-algebraic\migration_toolkit\skeleton_engine","","SUCCESS"
"2:08:08.0045838 PM","python.exe","78160","CreateFile","C:\Users\jimpames\Desktop\FESv8-algebraic\migration_toolkit\skeleton_engine","Desired Access: Read Attributes, Synchronize, Disposition: Open, Options: Synchronous IO Non-Alert, Attributes: n/a, ShareMode: None, AllocationSize: n/a, OpenResult: Opened","SUCCESS"
"2:08:08.0046150 PM","python.exe","78160","QueryInformationVolume","C:\Users\jimpames\Desktop\FESv8-algebraic\migration_toolkit\skeleton_engine","VolumeCreationTime: 5/30/2024 3:01:34 PM, VolumeSerialNumber: 66CA-DF9F, SupportsObjects: True, VolumeLabel: Winᄨ","BUFFER OVERFLOW"
"2:08:08.0046425 PM","python.exe","78160","QueryAllInformationFile","C:\Users\jimpames\Desktop\FESv8-algebraic\migration_toolkit\skeleton_engine","CreationTime: 6/6/2026 6:32:24 AM, LastAccessTime: 6/7/2026 2:08:07 PM, LastWriteTime: 6/6/2026 7:26:23 AM, ChangeTime: 6/6/2026 7:26:23 AM, FileAttributes: D, AllocationSize: 8,192, EndOfFile: 8,192","BUFFER OVERFLOW"
"2:08:08.0046670 PM","python.exe","78160","CloseFile","C:\Users\jimpames\Desktop\FESv8-algebraic\migration_toolkit\skeleton_engine","","SUCCESS"
"2:08:08.0069714 PM","python.exe","78160","CreateFile","C:\Users\jimpames\Desktop\FESv8-algebraic\migration_toolkit\skeleton_engine","Desired Access: Read Attributes, Synchronize, Disposition: Open, Options: Synchronous IO Non-Alert, Attributes: n/a, ShareMode: None, AllocationSize: n/a, OpenResult: Opened","SUCCESS"
"2:08:08.0070122 PM","python.exe","78160","QueryInformationVolume","C:\Users\jimpames\Desktop\FESv8-algebraic\migration_toolkit\skeleton_engine","VolumeCreationTime: 5/30/2024 3:01:34 PM, VolumeSerialNumber: 66CA-DF9F, SupportsObjects: True, VolumeLabel: Winხ","BUFFER OVERFLOW"
"2:08:08.0070335 PM","python.exe","78160","QueryAllInformationFile","C:\Users\jimpames\Desktop\FESv8-algebraic\migration_toolkit\skeleton_engine","CreationTime: 6/6/2026 6:32:24 AM, LastAccessTime: 6/7/2026 2:08:07 PM, LastWriteTime: 6/6/2026 7:26:23 AM, ChangeTime: 6/6/2026 7:26:23 AM, FileAttributes: D, AllocationSize: 8,192, EndOfFile: 8,192","BUFFER OVERFLOW"
"2:08:08.0070674 PM","python.exe","78160","CloseFile","C:\Users\jimpames\Desktop\FESv8-algebraic\migration_toolkit\skeleton_engine","","SUCCESS"
"2:08:08.0088461 PM","python.exe","78160","CreateFile","C:\Users\jimpames\Desktop\FESv8-algebraic\migration_toolkit\skeleton_engine","Desired Access: Read Attributes, Synchronize, Disposition: Open, Options: Synchronous IO Non-Alert, Attributes: n/a, ShareMode: None, AllocationSize: n/a, OpenResult: Opened","SUCCESS"
"2:08:08.0088723 PM","python.exe","78160","QueryInformationVolume","C:\Users\jimpames\Desktop\FESv8-algebraic\migration_toolkit\skeleton_engine","VolumeCreationTime: 5/30/2024 3:01:34 PM, VolumeSerialNumber: 66CA-DF9F, SupportsObjects: True, VolumeLabel: Winᄨ","BUFFER OVERFLOW"
"2:08:08.0088856 PM","python.exe","78160","QueryAllInformationFile","C:\Users\jimpames\Desktop\FESv8-algebraic\migration_toolkit\skeleton_engine","CreationTime: 6/6/2026 6:32:24 AM, LastAccessTime: 6/7/2026 2:08:07 PM, LastWriteTime: 6/6/2026 7:26:23 AM, ChangeTime: 6/6/2026 7:26:23 AM, FileAttributes: D, AllocationSize: 8,192, EndOfFile: 8,192","BUFFER OVERFLOW"
"2:08:08.0089059 PM","python.exe","78160","CloseFile","C:\Users\jimpames\Desktop\FESv8-algebraic\migration_toolkit\skeleton_engine","","SUCCESS"
"2:08:08.0112499 PM","python.exe","78160","CreateFile","C:\Users\jimpames\Desktop\FESv8-algebraic\migration_toolkit\skeleton_engine","Desired Access: Read Attributes, Synchronize, Disposition: Open, Options: Synchronous IO Non-Alert, Attributes: n/a, ShareMode: None, AllocationSize: n/a, OpenResult: Opened","SUCCESS"
"2:08:08.0112814 PM","python.exe","78160","QueryInformationVolume","C:\Users\jimpames\Desktop\FESv8-algebraic\migration_toolkit\skeleton_engine","VolumeCreationTime: 5/30/2024 3:01:34 PM, VolumeSerialNumber: 66CA-DF9F, SupportsObjects: True, VolumeLabel: Winᄨ","BUFFER OVERFLOW"
"2:08:08.0113041 PM","python.exe","78160","QueryAllInformationFile","C:\Users\jimpames\Desktop\FESv8-algebraic\migration_toolkit\skeleton_engine","CreationTime: 6/6/2026 6:32:24 AM, LastAccessTime: 6/7/2026 2:08:07 PM, LastWriteTime: 6/6/2026 7:26:23 AM, ChangeTime: 6/6/2026 7:26:23 AM, FileAttributes: D, AllocationSize: 8,192, EndOfFile: 8,192","BUFFER OVERFLOW"
"2:08:08.0113327 PM","python.exe","78160","CloseFile","C:\Users\jimpames\Desktop\FESv8-algebraic\migration_toolkit\skeleton_engine","","SUCCESS"
"2:08:08.0131826 PM","python.exe","78160","CreateFile","C:\Users\jimpames\Desktop\FESv8-algebraic\migration_toolkit\skeleton_engine","Desired Access: Read Attributes, Synchronize, Disposition: Open, Options: Synchronous IO Non-Alert, Attributes: n/a, ShareMode: None, AllocationSize: n/a, OpenResult: Opened","SUCCESS"
"2:08:08.0132353 PM","python.exe","78160","QueryInformationVolume","C:\Users\jimpames\Desktop\FESv8-algebraic\migration_toolkit\skeleton_engine","VolumeCreationTime: 5/30/2024 3:01:34 PM, VolumeSerialNumber: 66CA-DF9F, SupportsObjects: True, VolumeLabel: Winᄨ","BUFFER OVERFLOW"
"2:08:08.0132628 PM","python.exe","78160","QueryAllInformationFile","C:\Users\jimpames\Desktop\FESv8-algebraic\migration_toolkit\skeleton_engine","CreationTime: 6/6/2026 6:32:24 AM, LastAccessTime: 6/7/2026 2:08:07 PM, LastWriteTime: 6/6/2026 7:26:23 AM, ChangeTime: 6/6/2026 7:26:23 AM, FileAttributes: D, AllocationSize: 8,192, EndOfFile: 8,192","BUFFER OVERFLOW"
"2:08:08.0132937 PM","python.exe","78160","CloseFile","C:\Users\jimpames\Desktop\FESv8-algebraic\migration_toolkit\skeleton_engine","","SUCCESS"
"2:08:08.0152136 PM","python.exe","78160","CreateFile","C:\Users\jimpames\Desktop\FESv8-algebraic\migration_toolkit\skeleton_engine","Desired Access: Read Attributes, Synchronize, Disposition: Open, Options: Synchronous IO Non-Alert, Attributes: n/a, ShareMode: None, AllocationSize: n/a, OpenResult: Opened","SUCCESS"
"2:08:08.0152429 PM","python.exe","78160","QueryInformationVolume","C:\Users\jimpames\Desktop\FESv8-algebraic\migration_toolkit\skeleton_engine","VolumeCreationTime: 5/30/2024 3:01:34 PM, VolumeSerialNumber: 66CA-DF9F, SupportsObjects: True, VolumeLabel: Winᄨ","BUFFER OVERFLOW"
"2:08:08.0152580 PM","python.exe","78160","QueryAllInformationFile","C:\Users\jimpames\Desktop\FESv8-algebraic\migration_toolkit\skeleton_engine","CreationTime: 6/6/2026 6:32:24 AM, LastAccessTime: 6/7/2026 2:08:07 PM, LastWriteTime: 6/6/2026 7:26:23 AM, ChangeTime: 6/6/2026 7:26:23 AM, FileAttributes: D, AllocationSize: 8,192, EndOfFile: 8,192","BUFFER OVERFLOW"
"2:08:08.0152736 PM","python.exe","78160","CloseFile","C:\Users\jimpames\Desktop\FESv8-algebraic\migration_toolkit\skeleton_engine","","SUCCESS"
"2:08:08.0177792 PM","python.exe","78160","CreateFile","C:\Users\jimpames\Desktop\FESv8-algebraic\migration_toolkit\skeleton_engine","Desired Access: Read Attributes, Synchronize, Disposition: Open, Options: Synchronous IO Non-Alert, Attributes: n/a, ShareMode: None, AllocationSize: n/a, OpenResult: Opened","SUCCESS"
"2:08:08.0178073 PM","python.exe","78160","QueryInformationVolume","C:\Users\jimpames\Desktop\FESv8-algebraic\migration_toolkit\skeleton_engine","VolumeCreationTime: 5/30/2024 3:01:34 PM, VolumeSerialNumber: 66CA-DF9F, SupportsObjects: True, VolumeLabel: Win?","BUFFER OVERFLOW"
"2:08:08.0178209 PM","python.exe","78160","QueryAllInformationFile","C:\Users\jimpames\Desktop\FESv8-algebraic\migration_toolkit\skeleton_engine","CreationTime: 6/6/2026 6:32:24 AM, LastAccessTime: 6/7/2026 2:08:07 PM, LastWriteTime: 6/6/2026 7:26:23 AM, ChangeTime: 6/6/2026 7:26:23 AM, FileAttributes: D, AllocationSize: 8,192, EndOfFile: 8,192","BUFFER OVERFLOW"
"2:08:08.0178345 PM","python.exe","78160","CloseFile","C:\Users\jimpames\Desktop\FESv8-algebraic\migration_toolkit\skeleton_engine","","SUCCESS"
"2:08:08.0197101 PM","python.exe","78160","CreateFile","C:\Users\jimpames\Desktop\FESv8-algebraic\migration_toolkit\skeleton_engine","Desired Access: Read Attributes, Synchronize, Disposition: Open, Options: Synchronous IO Non-Alert, Attributes: n/a, ShareMode: None, AllocationSize: n/a, OpenResult: Opened","SUCCESS"
"2:08:08.0197557 PM","python.exe","78160","QueryInformationVolume","C:\Users\jimpames\Desktop\FESv8-algebraic\migration_toolkit\skeleton_engine","VolumeCreationTime: 5/30/2024 3:01:34 PM, VolumeSerialNumber: 66CA-DF9F, SupportsObjects: True, VolumeLabel: Win","BUFFER OVERFLOW"
"2:08:08.0197697 PM","python.exe","78160","QueryAllInformationFile","C:\Users\jimpames\Desktop\FESv8-algebraic\migration_toolkit\skeleton_engine","CreationTime: 6/6/2026 6:32:24 AM, LastAccessTime: 6/7/2026 2:08:07 PM, LastWriteTime: 6/6/2026 7:26:23 AM, ChangeTime: 6/6/2026 7:26:23 AM, FileAttributes: D, AllocationSize: 8,192, EndOfFile: 8,192","BUFFER OVERFLOW"
"2:08:08.0197852 PM","python.exe","78160","CloseFile","C:\Users\jimpames\Desktop\FESv8-algebraic\migration_toolkit\skeleton_engine","","SUCCESS"
"2:08:08.0228480 PM","python.exe","78160","CreateFile","C:\Users\jimpames\Desktop\FESv8-algebraic\migration_toolkit\skeleton_engine","Desired Access: Read Attributes, Synchronize, Disposition: Open, Options: Synchronous IO Non-Alert, Attributes: n/a, ShareMode: None, AllocationSize: n/a, OpenResult: Opened","SUCCESS"
"2:08:08.0228862 PM","python.exe","78160","QueryInformationVolume","C:\Users\jimpames\Desktop\FESv8-algebraic\migration_toolkit\skeleton_engine","VolumeCreationTime: 5/30/2024 3:01:34 PM, VolumeSerialNumber: 66CA-DF9F, SupportsObjects: True, VolumeLabel: Win","BUFFER OVERFLOW"
"2:08:08.0229045 PM","python.exe","78160","QueryAllInformationFile","C:\Users\jimpames\Desktop\FESv8-algebraic\migration_toolkit\skeleton_engine","CreationTime: 6/6/2026 6:32:24 AM, LastAccessTime: 6/7/2026 2:08:07 PM, LastWriteTime: 6/6/2026 7:26:23 AM, ChangeTime: 6/6/2026 7:26:23 AM, FileAttributes: D, AllocationSize: 8,192, EndOfFile: 8,192","BUFFER OVERFLOW"
"2:08:08.0229186 PM","python.exe","78160","CloseFile","C:\Users\jimpames\Desktop\FESv8-algebraic\migration_toolkit\skeleton_engine","","SUCCESS"
"2:08:08.0298706 PM","python.exe","78160","CreateFile","C:\Users\jimpames\Desktop\FESv8-algebraic\migration_toolkit\skeleton_engine","Desired Access: Read Attributes, Synchronize, Disposition: Open, Options: Synchronous IO Non-Alert, Attributes: n/a, ShareMode: None, AllocationSize: n/a, OpenResult: Opened","SUCCESS"
"2:08:08.0298975 PM","python.exe","78160","QueryInformationVolume","C:\Users\jimpames\Desktop\FESv8-algebraic\migration_toolkit\skeleton_engine","VolumeCreationTime: 5/30/2024 3:01:34 PM, VolumeSerialNumber: 66CA-DF9F, SupportsObjects: True, VolumeLabel: Winᄨ","BUFFER OVERFLOW"
"2:08:08.0299095 PM","python.exe","78160","QueryAllInformationFile","C:\Users\jimpames\Desktop\FESv8-algebraic\migration_toolkit\skeleton_engine","CreationTime: 6/6/2026 6:32:24 AM, LastAccessTime: 6/7/2026 2:08:07 PM, LastWriteTime: 6/6/2026 7:26:23 AM, ChangeTime: 6/6/2026 7:26:23 AM, FileAttributes: D, AllocationSize: 8,192, EndOfFile: 8,192","BUFFER OVERFLOW"
"2:08:08.0299385 PM","python.exe","78160","CloseFile","C:\Users\jimpames\Desktop\FESv8-algebraic\migration_toolkit\skeleton_engine","","SUCCESS"
"2:08:08.0313782 PM","python.exe","78160","CreateFile","C:\Users\jimpames\Desktop\FESv8-algebraic\migration_toolkit\skeleton_engine","Desired Access: Read Attributes, Synchronize, Disposition: Open, Options: Synchronous IO Non-Alert, Attributes: n/a, ShareMode: None, AllocationSize: n/a, OpenResult: Opened","SUCCESS"
"2:08:08.0314102 PM","python.exe","78160","QueryInformationVolume","C:\Users\jimpames\Desktop\FESv8-algebraic\migration_toolkit\skeleton_engine","VolumeCreationTime: 5/30/2024 3:01:34 PM, VolumeSerialNumber: 66CA-DF9F, SupportsObjects: True, VolumeLabel: Winხ","BUFFER OVERFLOW"
"2:08:08.0314339 PM","python.exe","78160","QueryAllInformationFile","C:\Users\jimpames\Desktop\FESv8-algebraic\migration_toolkit\skeleton_engine","CreationTime: 6/6/2026 6:32:24 AM, LastAccessTime: 6/7/2026 2:08:07 PM, LastWriteTime: 6/6/2026 7:26:23 AM, ChangeTime: 6/6/2026 7:26:23 AM, FileAttributes: D, AllocationSize: 8,192, EndOfFile: 8,192","BUFFER OVERFLOW"
"2:08:08.0314470 PM","python.exe","78160","CloseFile","C:\Users\jimpames\Desktop\FESv8-algebraic\migration_toolkit\skeleton_engine","","SUCCESS"
"2:08:08.0327261 PM","python.exe","78160","CreateFile","C:\Users\jimpames\Desktop\FESv8-algebraic\migration_toolkit\skeleton_engine","Desired Access: Read Attributes, Synchronize, Disposition: Open, Options: Synchronous IO Non-Alert, Attributes: n/a, ShareMode: None, AllocationSize: n/a, OpenResult: Opened","SUCCESS"
"2:08:08.0327549 PM","python.exe","78160","QueryInformationVolume","C:\Users\jimpames\Desktop\FESv8-algebraic\migration_toolkit\skeleton_engine","VolumeCreationTime: 5/30/2024 3:01:34 PM, VolumeSerialNumber: 66CA-DF9F, SupportsObjects: True, VolumeLabel: Winᄨ","BUFFER OVERFLOW"
"2:08:08.0327708 PM","python.exe","78160","QueryAllInformationFile","C:\Users\jimpames\Desktop\FESv8-algebraic\migration_toolkit\skeleton_engine","CreationTime: 6/6/2026 6:32:24 AM, LastAccessTime: 6/7/2026 2:08:07 PM, LastWriteTime: 6/6/2026 7:26:23 AM, ChangeTime: 6/6/2026 7:26:23 AM, FileAttributes: D, AllocationSize: 8,192, EndOfFile: 8,192","BUFFER OVERFLOW"
"2:08:08.0327871 PM","python.exe","78160","CloseFile","C:\Users\jimpames\Desktop\FESv8-algebraic\migration_toolkit\skeleton_engine","","SUCCESS"
"2:08:08.0345631 PM","python.exe","78160","CreateFile","C:\Users\jimpames\Desktop\FESv8-algebraic\migration_toolkit\skeleton_engine","Desired Access: Read Attributes, Synchronize, Disposition: Open, Options: Synchronous IO Non-Alert, Attributes: n/a, ShareMode: None, AllocationSize: n/a, OpenResult: Opened","SUCCESS"
"2:08:08.0345983 PM","python.exe","78160","QueryInformationVolume","C:\Users\jimpames\Desktop\FESv8-algebraic\migration_toolkit\skeleton_engine","VolumeCreationTime: 5/30/2024 3:01:34 PM, VolumeSerialNumber: 66CA-DF9F, SupportsObjects: True, VolumeLabel: Winጴ","BUFFER OVERFLOW"
"2:08:08.0346142 PM","python.exe","78160","QueryAllInformationFile","C:\Users\jimpames\Desktop\FESv8-algebraic\migration_toolkit\skeleton_engine","CreationTime: 6/6/2026 6:32:24 AM, LastAccessTime: 6/7/2026 2:08:07 PM, LastWriteTime: 6/6/2026 7:26:23 AM, ChangeTime: 6/6/2026 7:26:23 AM, FileAttributes: D, AllocationSize: 8,192, EndOfFile: 8,192","BUFFER OVERFLOW"
"2:08:08.0346265 PM","python.exe","78160","CloseFile","C:\Users\jimpames\Desktop\FESv8-algebraic\migration_toolkit\skeleton_engine","","SUCCESS"
"2:08:08.0363490 PM","python.exe","78160","CreateFile","C:\Users\jimpames\Desktop\FESv8-algebraic\migration_toolkit\skeleton_engine","Desired Access: Read Attributes, Synchronize, Disposition: Open, Options: Synchronous IO Non-Alert, Attributes: n/a, ShareMode: None, AllocationSize: n/a, OpenResult: Opened","SUCCESS"
"2:08:08.0363769 PM","python.exe","78160","QueryInformationVolume","C:\Users\jimpames\Desktop\FESv8-algebraic\migration_toolkit\skeleton_engine","VolumeCreationTime: 5/30/2024 3:01:34 PM, VolumeSerialNumber: 66CA-DF9F, SupportsObjects: True, VolumeLabel: Winᄨ","BUFFER OVERFLOW"
"2:08:08.0363932 PM","python.exe","78160","QueryAllInformationFile","C:\Users\jimpames\Desktop\FESv8-algebraic\migration_toolkit\skeleton_engine","CreationTime: 6/6/2026 6:32:24 AM, LastAccessTime: 6/7/2026 2:08:07 PM, LastWriteTime: 6/6/2026 7:26:23 AM, ChangeTime: 6/6/2026 7:26:23 AM, FileAttributes: D, AllocationSize: 8,192, EndOfFile: 8,192","BUFFER OVERFLOW"
"2:08:08.0364067 PM","python.exe","78160","CloseFile","C:\Users\jimpames\Desktop\FESv8-algebraic\migration_toolkit\skeleton_engine","","SUCCESS"
"2:08:08.0404002 PM","python.exe","78160","CreateFile","C:\Users\jimpames\Desktop\FESv8-algebraic\migration_toolkit\skeleton_engine","Desired Access: Read Attributes, Synchronize, Disposition: Open, Options: Synchronous IO Non-Alert, Attributes: n/a, ShareMode: None, AllocationSize: n/a, OpenResult: Opened","SUCCESS"
"2:08:08.0404363 PM","python.exe","78160","QueryInformationVolume","C:\Users\jimpames\Desktop\FESv8-algebraic\migration_toolkit\skeleton_engine","VolumeCreationTime: 5/30/2024 3:01:34 PM, VolumeSerialNumber: 66CA-DF9F, SupportsObjects: True, VolumeLabel: Winጴ","BUFFER OVERFLOW"
"2:08:08.0404482 PM","python.exe","78160","QueryAllInformationFile","C:\Users\jimpames\Desktop\FESv8-algebraic\migration_toolkit\skeleton_engine","CreationTime: 6/6/2026 6:32:24 AM, LastAccessTime: 6/7/2026 2:08:07 PM, LastWriteTime: 6/6/2026 7:26:23 AM, ChangeTime: 6/6/2026 7:26:23 AM, FileAttributes: D, AllocationSize: 8,192, EndOfFile: 8,192","BUFFER OVERFLOW"
"2:08:08.0404773 PM","python.exe","78160","CloseFile","C:\Users\jimpames\Desktop\FESv8-algebraic\migration_toolkit\skeleton_engine","","SUCCESS"
"2:08:08.0472772 PM","python.exe","78160","CreateFile","C:\Users\jimpames\Desktop\FESv8-algebraic\migration_toolkit\skeleton_engine","Desired Access: Read Attributes, Synchronize, Disposition: Open, Options: Synchronous IO Non-Alert, Attributes: n/a, ShareMode: None, AllocationSize: n/a, OpenResult: Opened","SUCCESS"
"2:08:08.0472972 PM","python.exe","78160","QueryInformationVolume","C:\Users\jimpames\Desktop\FESv8-algebraic\migration_toolkit\skeleton_engine","VolumeCreationTime: 5/30/2024 3:01:34 PM, VolumeSerialNumber: 66CA-DF9F, SupportsObjects: True, VolumeLabel: Winხ","BUFFER OVERFLOW"
"2:08:08.0473089 PM","python.exe","78160","QueryAllInformationFile","C:\Users\jimpames\Desktop\FESv8-algebraic\migration_toolkit\skeleton_engine","CreationTime: 6/6/2026 6:32:24 AM, LastAccessTime: 6/7/2026 2:08:07 PM, LastWriteTime: 6/6/2026 7:26:23 AM, ChangeTime: 6/6/2026 7:26:23 AM, FileAttributes: D, AllocationSize: 8,192, EndOfFile: 8,192","BUFFER OVERFLOW"
"2:08:08.0473199 PM","python.exe","78160","CloseFile","C:\Users\jimpames\Desktop\FESv8-algebraic\migration_toolkit\skeleton_engine","","SUCCESS"
"2:08:08.0507899 PM","python.exe","78160","CreateFile","C:\Users\jimpames\Desktop\FESv8-algebraic\migration_toolkit\skeleton_engine","Desired Access: Read Attributes, Synchronize, Disposition: Open, Options: Synchronous IO Non-Alert, Attributes: n/a, ShareMode: None, AllocationSize: n/a, OpenResult: Opened","SUCCESS"
"2:08:08.0508238 PM","python.exe","78160","QueryInformationVolume","C:\Users\jimpames\Desktop\FESv8-algebraic\migration_toolkit\skeleton_engine","VolumeCreationTime: 5/30/2024 3:01:34 PM, VolumeSerialNumber: 66CA-DF9F, SupportsObjects: True, VolumeLabel: Winጿ","BUFFER OVERFLOW"
"2:08:08.0508366 PM","python.exe","78160","QueryAllInformationFile","C:\Users\jimpames\Desktop\FESv8-algebraic\migration_toolkit\skeleton_engine","CreationTime: 6/6/2026 6:32:24 AM, LastAccessTime: 6/7/2026 2:08:07 PM, LastWriteTime: 6/6/2026 7:26:23 AM, ChangeTime: 6/6/2026 7:26:23 AM, FileAttributes: D, AllocationSize: 8,192, EndOfFile: 8,192","BUFFER OVERFLOW"
"2:08:08.0508484 PM","python.exe","78160","CloseFile","C:\Users\jimpames\Desktop\FESv8-algebraic\migration_toolkit\skeleton_engine","","SUCCESS"
"2:08:08.0544702 PM","python.exe","78160","CreateFile","C:\Users\jimpames\Desktop\FESv8-algebraic\migration_toolkit\skeleton_engine","Desired Access: Read Attributes, Synchronize, Disposition: Open, Options: Synchronous IO Non-Alert, Attributes: n/a, ShareMode: None, AllocationSize: n/a, OpenResult: Opened","SUCCESS"
"2:08:08.0545070 PM","python.exe","78160","QueryInformationVolume","C:\Users\jimpames\Desktop\FESv8-algebraic\migration_toolkit\skeleton_engine","VolumeCreationTime: 5/30/2024 3:01:34 PM, VolumeSerialNumber: 66CA-DF9F, SupportsObjects: True, VolumeLabel: Win","BUFFER OVERFLOW"
"2:08:08.0545261 PM","python.exe","78160","QueryAllInformationFile","C:\Users\jimpames\Desktop\FESv8-algebraic\migration_toolkit\skeleton_engine","CreationTime: 6/6/2026 6:32:24 AM, LastAccessTime: 6/7/2026 2:08:07 PM, LastWriteTime: 6/6/2026 7:26:23 AM, ChangeTime: 6/6/2026 7:26:23 AM, FileAttributes: D, AllocationSize: 8,192, EndOfFile: 8,192","BUFFER OVERFLOW"
"2:08:08.0545485 PM","python.exe","78160","CloseFile","C:\Users\jimpames\Desktop\FESv8-algebraic\migration_toolkit\skeleton_engine","","SUCCESS"
"2:08:08.0564594 PM","python.exe","78160","CreateFile","C:\Users\jimpames\Desktop\FESv8-algebraic\migration_toolkit\skeleton_engine","Desired Access: Read Attributes, Synchronize, Disposition: Open, Options: Synchronous IO Non-Alert, Attributes: n/a, ShareMode: None, AllocationSize: n/a, OpenResult: Opened","SUCCESS"
"2:08:08.0564954 PM","python.exe","78160","QueryInformationVolume","C:\Users\jimpames\Desktop\FESv8-algebraic\migration_toolkit\skeleton_engine","VolumeCreationTime: 5/30/2024 3:01:34 PM, VolumeSerialNumber: 66CA-DF9F, SupportsObjects: True, VolumeLabel: Winხ","BUFFER OVERFLOW"
"2:08:08.0565183 PM","python.exe","78160","QueryAllInformationFile","C:\Users\jimpames\Desktop\FESv8-algebraic\migration_toolkit\skeleton_engine","CreationTime: 6/6/2026 6:32:24 AM, LastAccessTime: 6/7/2026 2:08:07 PM, LastWriteTime: 6/6/2026 7:26:23 AM, ChangeTime: 6/6/2026 7:26:23 AM, FileAttributes: D, AllocationSize: 8,192, EndOfFile: 8,192","BUFFER OVERFLOW"
"2:08:08.0565399 PM","python.exe","78160","CloseFile","C:\Users\jimpames\Desktop\FESv8-algebraic\migration_toolkit\skeleton_engine","","SUCCESS"
"2:08:08.0579827 PM","python.exe","78160","CreateFile","C:\Users\jimpames\Desktop\FESv8-algebraic\migration_toolkit\skeleton_engine","Desired Access: Read Attributes, Synchronize, Disposition: Open, Options: Synchronous IO Non-Alert, Attributes: n/a, ShareMode: None, AllocationSize: n/a, OpenResult: Opened","SUCCESS"
"2:08:08.0580105 PM","python.exe","78160","QueryInformationVolume","C:\Users\jimpames\Desktop\FESv8-algebraic\migration_toolkit\skeleton_engine","VolumeCreationTime: 5/30/2024 3:01:34 PM, VolumeSerialNumber: 66CA-DF9F, SupportsObjects: True, VolumeLabel: Winᄨ","BUFFER OVERFLOW"
"2:08:08.0580246 PM","python.exe","78160","QueryAllInformationFile","C:\Users\jimpames\Desktop\FESv8-algebraic\migration_toolkit\skeleton_engine","CreationTime: 6/6/2026 6:32:24 AM, LastAccessTime: 6/7/2026 2:08:07 PM, LastWriteTime: 6/6/2026 7:26:23 AM, ChangeTime: 6/6/2026 7:26:23 AM, FileAttributes: D, AllocationSize: 8,192, EndOfFile: 8,192","BUFFER OVERFLOW"
"2:08:08.0580566 PM","python.exe","78160","CloseFile","C:\Users\jimpames\Desktop\FESv8-algebraic\migration_toolkit\skeleton_engine","","SUCCESS"
"2:08:08.0598005 PM","python.exe","78160","CreateFile","C:\Users\jimpames\Desktop\FESv8-algebraic\migration_toolkit\skeleton_engine","Desired Access: Read Attributes, Synchronize, Disposition: Open, Options: Synchronous IO Non-Alert, Attributes: n/a, ShareMode: None, AllocationSize: n/a, OpenResult: Opened","SUCCESS"
"2:08:08.0598324 PM","python.exe","78160","QueryInformationVolume","C:\Users\jimpames\Desktop\FESv8-algebraic\migration_toolkit\skeleton_engine","VolumeCreationTime: 5/30/2024 3:01:34 PM, VolumeSerialNumber: 66CA-DF9F, SupportsObjects: True, VolumeLabel: Winხ","BUFFER OVERFLOW"
"2:08:08.0598666 PM","python.exe","78160","QueryAllInformationFile","C:\Users\jimpames\Desktop\FESv8-algebraic\migration_toolkit\skeleton_engine","CreationTime: 6/6/2026 6:32:24 AM, LastAccessTime: 6/7/2026 2:08:07 PM, LastWriteTime: 6/6/2026 7:26:23 AM, ChangeTime: 6/6/2026 7:26:23 AM, FileAttributes: D, AllocationSize: 8,192, EndOfFile: 8,192","BUFFER OVERFLOW"
"2:08:08.0598824 PM","python.exe","78160","CloseFile","C:\Users\jimpames\Desktop\FESv8-algebraic\migration_toolkit\skeleton_engine","","SUCCESS"
"2:08:08.0610499 PM","python.exe","78160","CreateFile","C:\Users\jimpames\Desktop\FESv8-algebraic\migration_toolkit\skeleton_engine","Desired Access: Read Attributes, Synchronize, Disposition: Open, Options: Synchronous IO Non-Alert, Attributes: n/a, ShareMode: None, AllocationSize: n/a, OpenResult: Opened","SUCCESS"
"2:08:08.0610760 PM","python.exe","78160","QueryInformationVolume","C:\Users\jimpames\Desktop\FESv8-algebraic\migration_toolkit\skeleton_engine","VolumeCreationTime: 5/30/2024 3:01:34 PM, VolumeSerialNumber: 66CA-DF9F, SupportsObjects: True, VolumeLabel: Winხ","BUFFER OVERFLOW"
"2:08:08.0610868 PM","python.exe","78160","QueryAllInformationFile","C:\Users\jimpames\Desktop\FESv8-algebraic\migration_toolkit\skeleton_engine","CreationTime: 6/6/2026 6:32:24 AM, LastAccessTime: 6/7/2026 2:08:07 PM, LastWriteTime: 6/6/2026 7:26:23 AM, ChangeTime: 6/6/2026 7:26:23 AM, FileAttributes: D, AllocationSize: 8,192, EndOfFile: 8,192","BUFFER OVERFLOW"
"2:08:08.0610989 PM","python.exe","78160","CloseFile","C:\Users\jimpames\Desktop\FESv8-algebraic\migration_toolkit\skeleton_engine","","SUCCESS"
"2:08:08.0631235 PM","python.exe","78160","CreateFile","C:\Users\jimpames\Desktop\FESv8-algebraic\migration_toolkit\skeleton_engine","Desired Access: Read Attributes, Synchronize, Disposition: Open, Options: Synchronous IO Non-Alert, Attributes: n/a, ShareMode: None, AllocationSize: n/a, OpenResult: Opened","SUCCESS"
"2:08:08.0631479 PM","python.exe","78160","QueryInformationVolume","C:\Users\jimpames\Desktop\FESv8-algebraic\migration_toolkit\skeleton_engine","VolumeCreationTime: 5/30/2024 3:01:34 PM, VolumeSerialNumber: 66CA-DF9F, SupportsObjects: True, VolumeLabel: Winᄨ","BUFFER OVERFLOW"
"2:08:08.0631585 PM","python.exe","78160","QueryAllInformationFile","C:\Users\jimpames\Desktop\FESv8-algebraic\migration_toolkit\skeleton_engine","CreationTime: 6/6/2026 6:32:24 AM, LastAccessTime: 6/7/2026 2:08:07 PM, LastWriteTime: 6/6/2026 7:26:23 AM, ChangeTime: 6/6/2026 7:26:23 AM, FileAttributes: D, AllocationSize: 8,192, EndOfFile: 8,192","BUFFER OVERFLOW"
"2:08:08.0631700 PM","python.exe","78160","CloseFile","C:\Users\jimpames\Desktop\FESv8-algebraic\migration_toolkit\skeleton_engine","","SUCCESS"
"2:08:08.0656388 PM","python.exe","78160","CreateFile","C:\Users\jimpames\Desktop\FESv8-algebraic\migration_toolkit\skeleton_engine","Desired Access: Read Attributes, Synchronize, Disposition: Open, Options: Synchronous IO Non-Alert, Attributes: n/a, ShareMode: None, AllocationSize: n/a, OpenResult: Opened","SUCCESS"
"2:08:08.0656822 PM","python.exe","78160","QueryInformationVolume","C:\Users\jimpames\Desktop\FESv8-algebraic\migration_toolkit\skeleton_engine","VolumeCreationTime: 5/30/2024 3:01:34 PM, VolumeSerialNumber: 66CA-DF9F, SupportsObjects: True, VolumeLabel: Winᄨ","BUFFER OVERFLOW"
"2:08:08.0656948 PM","python.exe","78160","QueryAllInformationFile","C:\Users\jimpames\Desktop\FESv8-algebraic\migration_toolkit\skeleton_engine","CreationTime: 6/6/2026 6:32:24 AM, LastAccessTime: 6/7/2026 2:08:07 PM, LastWriteTime: 6/6/2026 7:26:23 AM, ChangeTime: 6/6/2026 7:26:23 AM, FileAttributes: D, AllocationSize: 8,192, EndOfFile: 8,192","BUFFER OVERFLOW"
"2:08:08.0657106 PM","python.exe","78160","CloseFile","C:\Users\jimpames\Desktop\FESv8-algebraic\migration_toolkit\skeleton_engine","","SUCCESS"
"2:08:08.0676487 PM","python.exe","78160","CreateFile","C:\Users\jimpames\Desktop\FESv8-algebraic\migration_toolkit\skeleton_engine","Desired Access: Read Attributes, Synchronize, Disposition: Open, Options: Synchronous IO Non-Alert, Attributes: n/a, ShareMode: None, AllocationSize: n/a, OpenResult: Opened","SUCCESS"
"2:08:08.0676747 PM","python.exe","78160","QueryInformationVolume","C:\Users\jimpames\Desktop\FESv8-algebraic\migration_toolkit\skeleton_engine","VolumeCreationTime: 5/30/2024 3:01:34 PM, VolumeSerialNumber: 66CA-DF9F, SupportsObjects: True, VolumeLabel: Winᄨ","BUFFER OVERFLOW"
"2:08:08.0677050 PM","python.exe","78160","QueryAllInformationFile","C:\Users\jimpames\Desktop\FESv8-algebraic\migration_toolkit\skeleton_engine","CreationTime: 6/6/2026 6:32:24 AM, LastAccessTime: 6/7/2026 2:08:07 PM, LastWriteTime: 6/6/2026 7:26:23 AM, ChangeTime: 6/6/2026 7:26:23 AM, FileAttributes: D, AllocationSize: 8,192, EndOfFile: 8,192","BUFFER OVERFLOW"
"2:08:08.0677472 PM","python.exe","78160","CloseFile","C:\Users\jimpames\Desktop\FESv8-algebraic\migration_toolkit\skeleton_engine","","SUCCESS"
"2:08:08.0694006 PM","python.exe","78160","CreateFile","C:\Users\jimpames\Desktop\FESv8-algebraic\migration_toolkit\skeleton_engine","Desired Access: Read Attributes, Synchronize, Disposition: Open, Options: Synchronous IO Non-Alert, Attributes: n/a, ShareMode: None, AllocationSize: n/a, OpenResult: Opened","SUCCESS"
"2:08:08.0694408 PM","python.exe","78160","QueryInformationVolume","C:\Users\jimpames\Desktop\FESv8-algebraic\migration_toolkit\skeleton_engine","VolumeCreationTime: 5/30/2024 3:01:34 PM, VolumeSerialNumber: 66CA-DF9F, SupportsObjects: True, VolumeLabel: Winხ","BUFFER OVERFLOW"
"2:08:08.0694618 PM","python.exe","78160","QueryAllInformationFile","C:\Users\jimpames\Desktop\FESv8-algebraic\migration_toolkit\skeleton_engine","CreationTime: 6/6/2026 6:32:24 AM, LastAccessTime: 6/7/2026 2:08:07 PM, LastWriteTime: 6/6/2026 7:26:23 AM, ChangeTime: 6/6/2026 7:26:23 AM, FileAttributes: D, AllocationSize: 8,192, EndOfFile: 8,192","BUFFER OVERFLOW"
"2:08:08.0694829 PM","python.exe","78160","CloseFile","C:\Users\jimpames\Desktop\FESv8-algebraic\migration_toolkit\skeleton_engine","","SUCCESS"
"2:08:08.0712282 PM","python.exe","78160","CreateFile","C:\Users\jimpames\Desktop\FESv8-algebraic\migration_toolkit\skeleton_engine","Desired Access: Read Attributes, Synchronize, Disposition: Open, Options: Synchronous IO Non-Alert, Attributes: n/a, ShareMode: None, AllocationSize: n/a, OpenResult: Opened","SUCCESS"
"2:08:08.0712625 PM","python.exe","78160","QueryInformationVolume","C:\Users\jimpames\Desktop\FESv8-algebraic\migration_toolkit\skeleton_engine","VolumeCreationTime: 5/30/2024 3:01:34 PM, VolumeSerialNumber: 66CA-DF9F, SupportsObjects: True, VolumeLabel: Winᄨ","BUFFER OVERFLOW"
"2:08:08.0712873 PM","python.exe","78160","QueryAllInformationFile","C:\Users\jimpames\Desktop\FESv8-algebraic\migration_toolkit\skeleton_engine","CreationTime: 6/6/2026 6:32:24 AM, LastAccessTime: 6/7/2026 2:08:07 PM, LastWriteTime: 6/6/2026 7:26:23 AM, ChangeTime: 6/6/2026 7:26:23 AM, FileAttributes: D, AllocationSize: 8,192, EndOfFile: 8,192","BUFFER OVERFLOW"
"2:08:08.0713182 PM","python.exe","78160","CloseFile","C:\Users\jimpames\Desktop\FESv8-algebraic\migration_toolkit\skeleton_engine","","SUCCESS"
"2:08:08.0731078 PM","python.exe","78160","CreateFile","C:\Users\jimpames\Desktop\FESv8-algebraic\migration_toolkit\skeleton_engine","Desired Access: Read Attributes, Synchronize, Disposition: Open, Options: Synchronous IO Non-Alert, Attributes: n/a, ShareMode: None, AllocationSize: n/a, OpenResult: Opened","SUCCESS"
"2:08:08.0731324 PM","python.exe","78160","QueryInformationVolume","C:\Users\jimpames\Desktop\FESv8-algebraic\migration_toolkit\skeleton_engine","VolumeCreationTime: 5/30/2024 3:01:34 PM, VolumeSerialNumber: 66CA-DF9F, SupportsObjects: True, VolumeLabel: Win","BUFFER OVERFLOW"
"2:08:08.0731442 PM","python.exe","78160","QueryAllInformationFile","C:\Users\jimpames\Desktop\FESv8-algebraic\migration_toolkit\skeleton_engine","CreationTime: 6/6/2026 6:32:24 AM, LastAccessTime: 6/7/2026 2:08:07 PM, LastWriteTime: 6/6/2026 7:26:23 AM, ChangeTime: 6/6/2026 7:26:23 AM, FileAttributes: D, AllocationSize: 8,192, EndOfFile: 8,192","BUFFER OVERFLOW"
"2:08:08.0731564 PM","python.exe","78160","CloseFile","C:\Users\jimpames\Desktop\FESv8-algebraic\migration_toolkit\skeleton_engine","","SUCCESS"
"2:08:08.0747093 PM","python.exe","78160","CreateFile","C:\Users\jimpames\Desktop\FESv8-algebraic\migration_toolkit\skeleton_engine","Desired Access: Read Attributes, Synchronize, Disposition: Open, Options: Synchronous IO Non-Alert, Attributes: n/a, ShareMode: None, AllocationSize: n/a, OpenResult: Opened","SUCCESS"
"2:08:08.0747472 PM","python.exe","78160","QueryInformationVolume","C:\Users\jimpames\Desktop\FESv8-algebraic\migration_toolkit\skeleton_engine","VolumeCreationTime: 5/30/2024 3:01:34 PM, VolumeSerialNumber: 66CA-DF9F, SupportsObjects: True, VolumeLabel: Winᄨ","BUFFER OVERFLOW"
"2:08:08.0747737 PM","python.exe","78160","QueryAllInformationFile","C:\Users\jimpames\Desktop\FESv8-algebraic\migration_toolkit\skeleton_engine","CreationTime: 6/6/2026 6:32:24 AM, LastAccessTime: 6/7/2026 2:08:07 PM, LastWriteTime: 6/6/2026 7:26:23 AM, ChangeTime: 6/6/2026 7:26:23 AM, FileAttributes: D, AllocationSize: 8,192, EndOfFile: 8,192","BUFFER OVERFLOW"
"2:08:08.0747914 PM","python.exe","78160","CloseFile","C:\Users\jimpames\Desktop\FESv8-algebraic\migration_toolkit\skeleton_engine","","SUCCESS"
"2:08:08.0771601 PM","python.exe","78160","CreateFile","C:\Users\jimpames\Desktop\FESv8-algebraic\migration_toolkit\skeleton_engine\output","Desired Access: Read Data/List Directory, Synchronize, Disposition: Create, Options: Directory, Synchronous IO Non-Alert, Open Reparse Point, Attributes: N, ShareMode: Read, Write, AllocationSize: 0","NAME COLLISION"
"2:08:08.0772996 PM","python.exe","78160","CreateFile","C:\Users\jimpames\Desktop\FESv8-algebraic\migration_toolkit\skeleton_engine\output","Desired Access: Read Attributes, Synchronize, Disposition: Open, Options: Synchronous IO Non-Alert, Attributes: n/a, ShareMode: None, AllocationSize: n/a, OpenResult: Opened","SUCCESS"
"2:08:08.0773283 PM","python.exe","78160","QueryInformationVolume","C:\Users\jimpames\Desktop\FESv8-algebraic\migration_toolkit\skeleton_engine\output","VolumeCreationTime: 5/30/2024 3:01:34 PM, VolumeSerialNumber: 66CA-DF9F, SupportsObjects: True, VolumeLabel: Win","BUFFER OVERFLOW"
"2:08:08.0773406 PM","python.exe","78160","QueryAllInformationFile","C:\Users\jimpames\Desktop\FESv8-algebraic\migration_toolkit\skeleton_engine\output","CreationTime: 6/6/2026 6:32:24 AM, LastAccessTime: 6/7/2026 2:08:07 PM, LastWriteTime: 6/6/2026 11:46:05 AM, ChangeTime: 6/6/2026 11:46:05 AM, FileAttributes: D, AllocationSize: 4,096, EndOfFile: 4,096","BUFFER OVERFLOW"
"2:08:08.0773523 PM","python.exe","78160","CloseFile","C:\Users\jimpames\Desktop\FESv8-algebraic\migration_toolkit\skeleton_engine\output","","SUCCESS"
"2:08:08.0934712 PM","SearchProtocolHost.exe","23224","CreateFile","C:\Users\jimpames\Desktop\FESv8-algebraic\migration_toolkit\enricher","Desired Access: Read Attributes, Synchronize, Disposition: Open, Options: Synchronous IO Non-Alert, Non-Directory File, Attributes: n/a, ShareMode: Read, Write, AllocationSize: n/a","IS DIRECTORY"
"2:08:08.0935213 PM","SearchProtocolHost.exe","23224","CreateFile","C:\Users\jimpames\Desktop\FESv8-algebraic\migration_toolkit\enricher","Desired Access: Read Attributes, Synchronize, Disposition: Open, Options: Synchronous IO Non-Alert, Open Reparse Point, Attributes: N, ShareMode: Read, Write, AllocationSize: n/a, OpenResult: Opened","SUCCESS"
"2:08:08.0935560 PM","SearchProtocolHost.exe","23224","FileSystemControl","C:\Users\jimpames\Desktop\FESv8-algebraic\migration_toolkit\enricher","Control: FSCTL_GET_REPARSE_POINT","NOT REPARSE POINT"
"2:08:08.0935698 PM","SearchProtocolHost.exe","23224","CloseFile","C:\Users\jimpames\Desktop\FESv8-algebraic\migration_toolkit\enricher","","SUCCESS"
"2:08:08.0936572 PM","SearchProtocolHost.exe","23224","CreateFile","C:\Users\jimpames\Desktop\FESv8-algebraic\migration_toolkit\enricher","Desired Access: Read Attributes, Synchronize, Disposition: Open, Options: Synchronous IO Non-Alert, Attributes: n/a, ShareMode: Read, Write, AllocationSize: n/a, OpenResult: Opened","SUCCESS"
"2:08:08.0936796 PM","SearchProtocolHost.exe","23224","CloseFile","C:\Users\jimpames\Desktop\FESv8-algebraic\migration_toolkit\enricher","","SUCCESS"
"2:08:08.0937334 PM","SearchProtocolHost.exe","23224","CreateFile","C:\Users\jimpames\Desktop\FESv8-algebraic\migration_toolkit\enricher","Desired Access: Read Attributes, Synchronize, Disposition: Open, Options: Synchronous IO Alert, Attributes: n/a, ShareMode: Read, Write, AllocationSize: n/a, OpenResult: Opened","SUCCESS"
"2:08:08.0937600 PM","SearchProtocolHost.exe","23224","DeviceIoControl","C:\Users\jimpames\Desktop\FESv8-algebraic\migration_toolkit\enricher","Control: IOCTL_MOUNTDEV_QUERY_DEVICE_NAME","INVALID PARAMETER"
"2:08:08.0937693 PM","SearchProtocolHost.exe","23224","CloseFile","C:\Users\jimpames\Desktop\FESv8-algebraic\migration_toolkit\enricher","","SUCCESS"
"2:08:08.0938471 PM","SearchProtocolHost.exe","23224","CreateFile","C:\Users\jimpames\Desktop\FESv8-algebraic\migration_toolkit\enricher","Desired Access: Read Attributes, Synchronize, Disposition: Open, Options: Synchronous IO Non-Alert, Open Reparse Point, Attributes: N, ShareMode: Read, Write, AllocationSize: n/a, OpenResult: Opened","SUCCESS"
"2:08:08.0938655 PM","SearchProtocolHost.exe","23224","FileSystemControl","C:\Users\jimpames\Desktop\FESv8-algebraic\migration_toolkit\enricher","Control: FSCTL_GET_REPARSE_POINT","NOT REPARSE POINT"
"2:08:08.0938763 PM","SearchProtocolHost.exe","23224","CloseFile","C:\Users\jimpames\Desktop\FESv8-algebraic\migration_toolkit\enricher","","SUCCESS"
"2:08:08.0940056 PM","SearchProtocolHost.exe","23224","CreateFile","C:\Users\jimpames\Desktop\FESv8-algebraic\migration_toolkit","Desired Access: Read Attributes, Synchronize, Disposition: Open, Options: Synchronous IO Non-Alert, Non-Directory File, Attributes: n/a, ShareMode: Read, Write, AllocationSize: n/a","IS DIRECTORY"
"2:08:08.0940739 PM","SearchProtocolHost.exe","23224","CreateFile","C:\Users\jimpames\Desktop\FESv8-algebraic\migration_toolkit","Desired Access: Read Attributes, Synchronize, Disposition: Open, Options: Synchronous IO Non-Alert, Open Reparse Point, Attributes: N, ShareMode: Read, Write, AllocationSize: n/a, OpenResult: Opened","SUCCESS"
"2:08:08.0940961 PM","SearchProtocolHost.exe","23224","FileSystemControl","C:\Users\jimpames\Desktop\FESv8-algebraic\migration_toolkit","Control: FSCTL_GET_REPARSE_POINT","NOT REPARSE POINT"
"2:08:08.0941213 PM","SearchProtocolHost.exe","23224","CloseFile","C:\Users\jimpames\Desktop\FESv8-algebraic\migration_toolkit","","SUCCESS"
"2:08:08.0942425 PM","SearchProtocolHost.exe","23224","CreateFile","C:\Users\jimpames\Desktop\FESv8-algebraic\migration_toolkit","Desired Access: Read Attributes, Synchronize, Disposition: Open, Options: Synchronous IO Non-Alert, Attributes: n/a, ShareMode: Read, Write, AllocationSize: n/a, OpenResult: Opened","SUCCESS"
"2:08:08.0942703 PM","SearchProtocolHost.exe","23224","CloseFile","C:\Users\jimpames\Desktop\FESv8-algebraic\migration_toolkit","","SUCCESS"
"2:08:08.0943463 PM","SearchProtocolHost.exe","23224","CreateFile","C:\Users\jimpames\Desktop\FESv8-algebraic\migration_toolkit","Desired Access: Read Attributes, Synchronize, Disposition: Open, Options: Synchronous IO Alert, Attributes: n/a, ShareMode: Read, Write, AllocationSize: n/a, OpenResult: Opened","SUCCESS"
"2:08:08.0943830 PM","SearchProtocolHost.exe","23224","DeviceIoControl","C:\Users\jimpames\Desktop\FESv8-algebraic\migration_toolkit","Control: IOCTL_MOUNTDEV_QUERY_DEVICE_NAME","INVALID PARAMETER"
"2:08:08.0943935 PM","SearchProtocolHost.exe","23224","CloseFile","C:\Users\jimpames\Desktop\FESv8-algebraic\migration_toolkit","","SUCCESS"
"2:08:08.0944603 PM","SearchProtocolHost.exe","23224","CreateFile","C:\Users\jimpames\Desktop\FESv8-algebraic\migration_toolkit","Desired Access: Read Attributes, Synchronize, Disposition: Open, Options: Synchronous IO Non-Alert, Open Reparse Point, Attributes: N, ShareMode: Read, Write, AllocationSize: n/a, OpenResult: Opened","SUCCESS"
"2:08:08.0944809 PM","SearchProtocolHost.exe","23224","FileSystemControl","C:\Users\jimpames\Desktop\FESv8-algebraic\migration_toolkit","Control: FSCTL_GET_REPARSE_POINT","NOT REPARSE POINT"
"2:08:08.0944894 PM","SearchProtocolHost.exe","23224","CloseFile","C:\Users\jimpames\Desktop\FESv8-algebraic\migration_toolkit","","SUCCESS"
"2:08:08.1373854 PM","python.exe","78160","CloseFile","C:\Users\jimpames\Desktop\FESv8-algebraic\migration_toolkit","","SUCCESS"
"2:08:08.1399102 PM","python.exe","16488","CloseFile","C:\Users\jimpames\Desktop\FESv8-algebraic\migration_toolkit","","SUCCESS"
"2:08:08.1410568 PM","python.exe","35508","CreateFile","C:\Users\jimpames\Desktop\FESv8-algebraic\migration_toolkit","Desired Access: Read Attributes, Disposition: Open, Options: Open Reparse Point, Attributes: n/a, ShareMode: Read, Write, Delete, AllocationSize: n/a, OpenResult: Opened","SUCCESS"
"2:08:08.1410713 PM","python.exe","35508","QueryBasicInformationFile","C:\Users\jimpames\Desktop\FESv8-algebraic\migration_toolkit","CreationTime: 6/6/2026 6:32:22 AM, LastAccessTime: 6/7/2026 2:08:08 PM, LastWriteTime: 6/6/2026 7:26:22 AM, ChangeTime: 6/6/2026 7:26:22 AM, FileAttributes: D","SUCCESS"
"2:08:08.1410774 PM","python.exe","35508","CloseFile","C:\Users\jimpames\Desktop\FESv8-algebraic\migration_toolkit","","SUCCESS"
"2:08:08.1482430 PM","python.exe","59388","CreateFile","C:\Users\jimpames\Desktop\FESv8-algebraic\migration_toolkit","Desired Access: Execute/Traverse, Synchronize, Disposition: Open, Options: Directory, Synchronous IO Non-Alert, Attributes: n/a, ShareMode: Read, Write, AllocationSize: n/a, OpenResult: Opened","SUCCESS"
"2:08:08.1611254 PM","python.exe","32628","CreateFile","C:\Users\jimpames\Desktop\FESv8-algebraic\migration_toolkit","Desired Access: Execute/Traverse, Synchronize, Disposition: Open, Options: Directory, Synchronous IO Non-Alert, Attributes: n/a, ShareMode: Read, Write, AllocationSize: n/a, OpenResult: Opened","SUCCESS"
"2:08:08.2119065 PM","python.exe","32628","CreateFile","C:\Users\jimpames\Desktop\FESv8-algebraic\migration_toolkit\skeleton_engine","Desired Access: Read Attributes, Synchronize, Disposition: Open, Options: Synchronous IO Non-Alert, Attributes: n/a, ShareMode: None, AllocationSize: n/a, OpenResult: Opened","SUCCESS"
"2:08:08.2119369 PM","python.exe","32628","QueryInformationVolume","C:\Users\jimpames\Desktop\FESv8-algebraic\migration_toolkit\skeleton_engine","VolumeCreationTime: 5/30/2024 3:01:34 PM, VolumeSerialNumber: 66CA-DF9F, SupportsObjects: True, VolumeLabel: Winፁ","BUFFER OVERFLOW"
"2:08:08.2119488 PM","python.exe","32628","QueryAllInformationFile","C:\Users\jimpames\Desktop\FESv8-algebraic\migration_toolkit\skeleton_engine","CreationTime: 6/6/2026 6:32:24 AM, LastAccessTime: 6/7/2026 2:08:08 PM, LastWriteTime: 6/6/2026 7:26:23 AM, ChangeTime: 6/6/2026 7:26:23 AM, FileAttributes: D, AllocationSize: 8,192, EndOfFile: 8,192","BUFFER OVERFLOW"
"2:08:08.2119623 PM","python.exe","32628","CloseFile","C:\Users\jimpames\Desktop\FESv8-algebraic\migration_toolkit\skeleton_engine","","SUCCESS"
"2:08:08.2120385 PM","python.exe","32628","CreateFile","C:\Users\jimpames\Desktop\FESv8-algebraic\migration_toolkit\skeleton_engine","Desired Access: Read Attributes, Synchronize, Disposition: Open, Options: Synchronous IO Non-Alert, Attributes: n/a, ShareMode: None, AllocationSize: n/a, OpenResult: Opened","SUCCESS"
"2:08:08.2120537 PM","python.exe","32628","QueryInformationVolume","C:\Users\jimpames\Desktop\FESv8-algebraic\migration_toolkit\skeleton_engine","VolumeCreationTime: 5/30/2024 3:01:34 PM, VolumeSerialNumber: 66CA-DF9F, SupportsObjects: True, VolumeLabel: Winፁ","BUFFER OVERFLOW"
"2:08:08.2120617 PM","python.exe","32628","QueryAllInformationFile","C:\Users\jimpames\Desktop\FESv8-algebraic\migration_toolkit\skeleton_engine","CreationTime: 6/6/2026 6:32:24 AM, LastAccessTime: 6/7/2026 2:08:08 PM, LastWriteTime: 6/6/2026 7:26:23 AM, ChangeTime: 6/6/2026 7:26:23 AM, FileAttributes: D, AllocationSize: 8,192, EndOfFile: 8,192","BUFFER OVERFLOW"
"2:08:08.2120706 PM","python.exe","32628","CloseFile","C:\Users\jimpames\Desktop\FESv8-algebraic\migration_toolkit\skeleton_engine","","SUCCESS"
"2:08:08.2121411 PM","python.exe","32628","CreateFile","C:\Users\jimpames\Desktop\FESv8-algebraic\migration_toolkit\skeleton_engine","Desired Access: Read Attributes, Synchronize, Disposition: Open, Options: Synchronous IO Non-Alert, Attributes: n/a, ShareMode: None, AllocationSize: n/a, OpenResult: Opened","SUCCESS"
"2:08:08.2121529 PM","python.exe","32628","QueryInformationVolume","C:\Users\jimpames\Desktop\FESv8-algebraic\migration_toolkit\skeleton_engine","VolumeCreationTime: 5/30/2024 3:01:34 PM, VolumeSerialNumber: 66CA-DF9F, SupportsObjects: True, VolumeLabel: Winፁ","BUFFER OVERFLOW"
"2:08:08.2121595 PM","python.exe","32628","QueryAllInformationFile","C:\Users\jimpames\Desktop\FESv8-algebraic\migration_toolkit\skeleton_engine","CreationTime: 6/6/2026 6:32:24 AM, LastAccessTime: 6/7/2026 2:08:08 PM, LastWriteTime: 6/6/2026 7:26:23 AM, ChangeTime: 6/6/2026 7:26:23 AM, FileAttributes: D, AllocationSize: 8,192, EndOfFile: 8,192","BUFFER OVERFLOW"
"2:08:08.2121671 PM","python.exe","32628","CloseFile","C:\Users\jimpames\Desktop\FESv8-algebraic\migration_toolkit\skeleton_engine","","SUCCESS"
"2:08:08.2122233 PM","python.exe","32628","CreateFile","C:\Users\jimpames\Desktop\FESv8-algebraic\migration_toolkit\skeleton_engine","Desired Access: Read Data/List Directory, Synchronize, Disposition: Open, Options: Directory, Synchronous IO Non-Alert, Attributes: n/a, ShareMode: Read, Write, Delete, AllocationSize: n/a, OpenResult: Opened","SUCCESS"
"2:08:08.2122943 PM","python.exe","32628","QueryDirectory","C:\Users\jimpames\Desktop\FESv8-algebraic\migration_toolkit\skeleton_engine","FileInformationClass: FileBothDirectoryInformation, 1: .., 2: build_pipeline.py, 3: customer_fidelity_validator.py, 4: immutables_classifier.py, 5: immutables_validator.py, 6: jpa_scrubber.py","SUCCESS"
"2:08:08.2123234 PM","python.exe","32628","QueryDirectory","C:\Users\jimpames\Desktop\FESv8-algebraic\migration_toolkit\skeleton_engine","FileInformationClass: FileBothDirectoryInformation","NO MORE FILES"
"2:08:08.2123321 PM","python.exe","32628","CloseFile","C:\Users\jimpames\Desktop\FESv8-algebraic\migration_toolkit\skeleton_engine","","SUCCESS"
"2:08:08.2135104 PM","python.exe","32628","CreateFile","C:\Users\jimpames\Desktop\FESv8-algebraic\migration_toolkit\skeleton_engine","Desired Access: Read Attributes, Synchronize, Disposition: Open, Options: Synchronous IO Non-Alert, Attributes: n/a, ShareMode: None, AllocationSize: n/a, OpenResult: Opened","SUCCESS"
"2:08:08.2135281 PM","python.exe","32628","QueryInformationVolume","C:\Users\jimpames\Desktop\FESv8-algebraic\migration_toolkit\skeleton_engine","VolumeCreationTime: 5/30/2024 3:01:34 PM, VolumeSerialNumber: 66CA-DF9F, SupportsObjects: True, VolumeLabel: Winፁ","BUFFER OVERFLOW"
"2:08:08.2135355 PM","python.exe","32628","QueryAllInformationFile","C:\Users\jimpames\Desktop\FESv8-algebraic\migration_toolkit\skeleton_engine","CreationTime: 6/6/2026 6:32:24 AM, LastAccessTime: 6/7/2026 2:08:08 PM, LastWriteTime: 6/6/2026 7:26:23 AM, ChangeTime: 6/6/2026 7:26:23 AM, FileAttributes: D, AllocationSize: 8,192, EndOfFile: 8,192","BUFFER OVERFLOW"
"2:08:08.2135443 PM","python.exe","32628","CloseFile","C:\Users\jimpames\Desktop\FESv8-algebraic\migration_toolkit\skeleton_engine","","SUCCESS"
"2:08:08.2148740 PM","python.exe","32628","CreateFile","C:\Users\jimpames\Desktop\FESv8-algebraic\migration_toolkit\skeleton_engine","Desired Access: Read Attributes, Synchronize, Disposition: Open, Options: Synchronous IO Non-Alert, Attributes: n/a, ShareMode: None, AllocationSize: n/a, OpenResult: Opened","SUCCESS"
"2:08:08.2148952 PM","python.exe","32628","QueryInformationVolume","C:\Users\jimpames\Desktop\FESv8-algebraic\migration_toolkit\skeleton_engine","VolumeCreationTime: 5/30/2024 3:01:34 PM, VolumeSerialNumber: 66CA-DF9F, SupportsObjects: True, VolumeLabel: Winᅱ","BUFFER OVERFLOW"
"2:08:08.2149067 PM","python.exe","32628","QueryAllInformationFile","C:\Users\jimpames\Desktop\FESv8-algebraic\migration_toolkit\skeleton_engine","CreationTime: 6/6/2026 6:32:24 AM, LastAccessTime: 6/7/2026 2:08:08 PM, LastWriteTime: 6/6/2026 7:26:23 AM, ChangeTime: 6/6/2026 7:26:23 AM, FileAttributes: D, AllocationSize: 8,192, EndOfFile: 8,192","BUFFER OVERFLOW"
"2:08:08.2149193 PM","python.exe","32628","CloseFile","C:\Users\jimpames\Desktop\FESv8-algebraic\migration_toolkit\skeleton_engine","","SUCCESS"
"2:08:08.2162653 PM","python.exe","32628","CreateFile","C:\Users\jimpames\Desktop\FESv8-algebraic\migration_toolkit\skeleton_engine","Desired Access: Read Attributes, Synchronize, Disposition: Open, Options: Synchronous IO Non-Alert, Attributes: n/a, ShareMode: None, AllocationSize: n/a, OpenResult: Opened","SUCCESS"
"2:08:08.2162925 PM","python.exe","32628","QueryInformationVolume","C:\Users\jimpames\Desktop\FESv8-algebraic\migration_toolkit\skeleton_engine","VolumeCreationTime: 5/30/2024 3:01:34 PM, VolumeSerialNumber: 66CA-DF9F, SupportsObjects: True, VolumeLabel: Winᅱ","BUFFER OVERFLOW"
"2:08:08.2163079 PM","python.exe","32628","QueryAllInformationFile","C:\Users\jimpames\Desktop\FESv8-algebraic\migration_toolkit\skeleton_engine","CreationTime: 6/6/2026 6:32:24 AM, LastAccessTime: 6/7/2026 2:08:08 PM, LastWriteTime: 6/6/2026 7:26:23 AM, ChangeTime: 6/6/2026 7:26:23 AM, FileAttributes: D, AllocationSize: 8,192, EndOfFile: 8,192","BUFFER OVERFLOW"
"2:08:08.2163253 PM","python.exe","32628","CloseFile","C:\Users\jimpames\Desktop\FESv8-algebraic\migration_toolkit\skeleton_engine","","SUCCESS"
"2:08:08.2175268 PM","python.exe","32628","CreateFile","C:\Users\jimpames\Desktop\FESv8-algebraic\migration_toolkit\skeleton_engine","Desired Access: Read Attributes, Synchronize, Disposition: Open, Options: Synchronous IO Non-Alert, Attributes: n/a, ShareMode: None, AllocationSize: n/a, OpenResult: Opened","SUCCESS"
"2:08:08.2175488 PM","python.exe","32628","QueryInformationVolume","C:\Users\jimpames\Desktop\FESv8-algebraic\migration_toolkit\skeleton_engine","VolumeCreationTime: 5/30/2024 3:01:34 PM, VolumeSerialNumber: 66CA-DF9F, SupportsObjects: True, VolumeLabel: Winፁ","BUFFER OVERFLOW"
"2:08:08.2175601 PM","python.exe","32628","QueryAllInformationFile","C:\Users\jimpames\Desktop\FESv8-algebraic\migration_toolkit\skeleton_engine","CreationTime: 6/6/2026 6:32:24 AM, LastAccessTime: 6/7/2026 2:08:08 PM, LastWriteTime: 6/6/2026 7:26:23 AM, ChangeTime: 6/6/2026 7:26:23 AM, FileAttributes: D, AllocationSize: 8,192, EndOfFile: 8,192","BUFFER OVERFLOW"
"2:08:08.2175866 PM","python.exe","32628","CloseFile","C:\Users\jimpames\Desktop\FESv8-algebraic\migration_toolkit\skeleton_engine","","SUCCESS"
"2:08:08.2190502 PM","python.exe","32628","CreateFile","C:\Users\jimpames\Desktop\FESv8-algebraic\migration_toolkit\skeleton_engine","Desired Access: Read Attributes, Synchronize, Disposition: Open, Options: Synchronous IO Non-Alert, Attributes: n/a, ShareMode: None, AllocationSize: n/a, OpenResult: Opened","SUCCESS"
"2:08:08.2190820 PM","python.exe","32628","QueryInformationVolume","C:\Users\jimpames\Desktop\FESv8-algebraic\migration_toolkit\skeleton_engine","VolumeCreationTime: 5/30/2024 3:01:34 PM, VolumeSerialNumber: 66CA-DF9F, SupportsObjects: True, VolumeLabel: Winፁ","BUFFER OVERFLOW"
"2:08:08.2190945 PM","python.exe","32628","QueryAllInformationFile","C:\Users\jimpames\Desktop\FESv8-algebraic\migration_toolkit\skeleton_engine","CreationTime: 6/6/2026 6:32:24 AM, LastAccessTime: 6/7/2026 2:08:08 PM, LastWriteTime: 6/6/2026 7:26:23 AM, ChangeTime: 6/6/2026 7:26:23 AM, FileAttributes: D, AllocationSize: 8,192, EndOfFile: 8,192","BUFFER OVERFLOW"
"2:08:08.2191237 PM","python.exe","32628","CloseFile","C:\Users\jimpames\Desktop\FESv8-algebraic\migration_toolkit\skeleton_engine","","SUCCESS"
"2:08:08.2204635 PM","python.exe","32628","CreateFile","C:\Users\jimpames\Desktop\FESv8-algebraic\migration_toolkit\skeleton_engine","Desired Access: Read Attributes, Synchronize, Disposition: Open, Options: Synchronous IO Non-Alert, Attributes: n/a, ShareMode: None, AllocationSize: n/a, OpenResult: Opened","SUCCESS"
"2:08:08.2205007 PM","python.exe","32628","QueryInformationVolume","C:\Users\jimpames\Desktop\FESv8-algebraic\migration_toolkit\skeleton_engine","VolumeCreationTime: 5/30/2024 3:01:34 PM, VolumeSerialNumber: 66CA-DF9F, SupportsObjects: True, VolumeLabel: Winፁ","BUFFER OVERFLOW"
"2:08:08.2205125 PM","python.exe","32628","QueryAllInformationFile","C:\Users\jimpames\Desktop\FESv8-algebraic\migration_toolkit\skeleton_engine","CreationTime: 6/6/2026 6:32:24 AM, LastAccessTime: 6/7/2026 2:08:08 PM, LastWriteTime: 6/6/2026 7:26:23 AM, ChangeTime: 6/6/2026 7:26:23 AM, FileAttributes: D, AllocationSize: 8,192, EndOfFile: 8,192","BUFFER OVERFLOW"
"2:08:08.2205254 PM","python.exe","32628","CloseFile","C:\Users\jimpames\Desktop\FESv8-algebraic\migration_toolkit\skeleton_engine","","SUCCESS"
"2:08:08.2221955 PM","python.exe","32628","CreateFile","C:\Users\jimpames\Desktop\FESv8-algebraic\migration_toolkit\skeleton_engine","Desired Access: Read Attributes, Synchronize, Disposition: Open, Options: Synchronous IO Non-Alert, Attributes: n/a, ShareMode: None, AllocationSize: n/a, OpenResult: Opened","SUCCESS"
"2:08:08.2222254 PM","python.exe","32628","QueryInformationVolume","C:\Users\jimpames\Desktop\FESv8-algebraic\migration_toolkit\skeleton_engine","VolumeCreationTime: 5/30/2024 3:01:34 PM, VolumeSerialNumber: 66CA-DF9F, SupportsObjects: True, VolumeLabel: Winፁ","BUFFER OVERFLOW"
"2:08:08.2222397 PM","python.exe","32628","QueryAllInformationFile","C:\Users\jimpames\Desktop\FESv8-algebraic\migration_toolkit\skeleton_engine","CreationTime: 6/6/2026 6:32:24 AM, LastAccessTime: 6/7/2026 2:08:08 PM, LastWriteTime: 6/6/2026 7:26:23 AM, ChangeTime: 6/6/2026 7:26:23 AM, FileAttributes: D, AllocationSize: 8,192, EndOfFile: 8,192","BUFFER OVERFLOW"
"2:08:08.2222547 PM","python.exe","32628","CloseFile","C:\Users\jimpames\Desktop\FESv8-algebraic\migration_toolkit\skeleton_engine","","SUCCESS"
"2:08:08.2256877 PM","python.exe","32628","CreateFile","C:\Users\jimpames\Desktop\FESv8-algebraic\migration_toolkit\skeleton_engine","Desired Access: Read Attributes, Synchronize, Disposition: Open, Options: Synchronous IO Non-Alert, Attributes: n/a, ShareMode: None, AllocationSize: n/a, OpenResult: Opened","SUCCESS"
"2:08:08.2257259 PM","python.exe","32628","QueryInformationVolume","C:\Users\jimpames\Desktop\FESv8-algebraic\migration_toolkit\skeleton_engine","VolumeCreationTime: 5/30/2024 3:01:34 PM, VolumeSerialNumber: 66CA-DF9F, SupportsObjects: True, VolumeLabel: Winፁ","BUFFER OVERFLOW"
"2:08:08.2257419 PM","python.exe","32628","QueryAllInformationFile","C:\Users\jimpames\Desktop\FESv8-algebraic\migration_toolkit\skeleton_engine","CreationTime: 6/6/2026 6:32:24 AM, LastAccessTime: 6/7/2026 2:08:08 PM, LastWriteTime: 6/6/2026 7:26:23 AM, ChangeTime: 6/6/2026 7:26:23 AM, FileAttributes: D, AllocationSize: 8,192, EndOfFile: 8,192","BUFFER OVERFLOW"
"2:08:08.2257559 PM","python.exe","32628","CloseFile","C:\Users\jimpames\Desktop\FESv8-algebraic\migration_toolkit\skeleton_engine","","SUCCESS"
"2:08:08.2270789 PM","python.exe","32628","CreateFile","C:\Users\jimpames\Desktop\FESv8-algebraic\migration_toolkit\skeleton_engine","Desired Access: Read Attributes, Synchronize, Disposition: Open, Options: Synchronous IO Non-Alert, Attributes: n/a, ShareMode: None, AllocationSize: n/a, OpenResult: Opened","SUCCESS"
"2:08:08.2271206 PM","python.exe","32628","QueryInformationVolume","C:\Users\jimpames\Desktop\FESv8-algebraic\migration_toolkit\skeleton_engine","VolumeCreationTime: 5/30/2024 3:01:34 PM, VolumeSerialNumber: 66CA-DF9F, SupportsObjects: True, VolumeLabel: Winፁ","BUFFER OVERFLOW"
"2:08:08.2271369 PM","python.exe","32628","QueryAllInformationFile","C:\Users\jimpames\Desktop\FESv8-algebraic\migration_toolkit\skeleton_engine","CreationTime: 6/6/2026 6:32:24 AM, LastAccessTime: 6/7/2026 2:08:08 PM, LastWriteTime: 6/6/2026 7:26:23 AM, ChangeTime: 6/6/2026 7:26:23 AM, FileAttributes: D, AllocationSize: 8,192, EndOfFile: 8,192","BUFFER OVERFLOW"
"2:08:08.2271569 PM","python.exe","32628","CloseFile","C:\Users\jimpames\Desktop\FESv8-algebraic\migration_toolkit\skeleton_engine","","SUCCESS"
"2:08:08.2291749 PM","python.exe","32628","CreateFile","C:\Users\jimpames\Desktop\FESv8-algebraic\migration_toolkit\skeleton_engine","Desired Access: Read Attributes, Synchronize, Disposition: Open, Options: Synchronous IO Non-Alert, Attributes: n/a, ShareMode: None, AllocationSize: n/a, OpenResult: Opened","SUCCESS"
"2:08:08.2292141 PM","python.exe","32628","QueryInformationVolume","C:\Users\jimpames\Desktop\FESv8-algebraic\migration_toolkit\skeleton_engine","VolumeCreationTime: 5/30/2024 3:01:34 PM, VolumeSerialNumber: 66CA-DF9F, SupportsObjects: True, VolumeLabel: Winፁ","BUFFER OVERFLOW"
"2:08:08.2292340 PM","python.exe","32628","QueryAllInformationFile","C:\Users\jimpames\Desktop\FESv8-algebraic\migration_toolkit\skeleton_engine","CreationTime: 6/6/2026 6:32:24 AM, LastAccessTime: 6/7/2026 2:08:08 PM, LastWriteTime: 6/6/2026 7:26:23 AM, ChangeTime: 6/6/2026 7:26:23 AM, FileAttributes: D, AllocationSize: 8,192, EndOfFile: 8,192","BUFFER OVERFLOW"
"2:08:08.2292550 PM","python.exe","32628","CloseFile","C:\Users\jimpames\Desktop\FESv8-algebraic\migration_toolkit\skeleton_engine","","SUCCESS"
"2:08:08.2309202 PM","python.exe","32628","CreateFile","C:\Users\jimpames\Desktop\FESv8-algebraic\migration_toolkit\skeleton_engine","Desired Access: Read Attributes, Synchronize, Disposition: Open, Options: Synchronous IO Non-Alert, Attributes: n/a, ShareMode: None, AllocationSize: n/a, OpenResult: Opened","SUCCESS"
"2:08:08.2309473 PM","python.exe","32628","QueryInformationVolume","C:\Users\jimpames\Desktop\FESv8-algebraic\migration_toolkit\skeleton_engine","VolumeCreationTime: 5/30/2024 3:01:34 PM, VolumeSerialNumber: 66CA-DF9F, SupportsObjects: True, VolumeLabel: Winხ","BUFFER OVERFLOW"
"2:08:08.2309607 PM","python.exe","32628","QueryAllInformationFile","C:\Users\jimpames\Desktop\FESv8-algebraic\migration_toolkit\skeleton_engine","CreationTime: 6/6/2026 6:32:24 AM, LastAccessTime: 6/7/2026 2:08:08 PM, LastWriteTime: 6/6/2026 7:26:23 AM, ChangeTime: 6/6/2026 7:26:23 AM, FileAttributes: D, AllocationSize: 8,192, EndOfFile: 8,192","BUFFER OVERFLOW"
"2:08:08.2309782 PM","python.exe","32628","CloseFile","C:\Users\jimpames\Desktop\FESv8-algebraic\migration_toolkit\skeleton_engine","","SUCCESS"
"2:08:08.2323790 PM","python.exe","32628","CreateFile","C:\Users\jimpames\Desktop\FESv8-algebraic\migration_toolkit\skeleton_engine","Desired Access: Read Attributes, Synchronize, Disposition: Open, Options: Synchronous IO Non-Alert, Attributes: n/a, ShareMode: None, AllocationSize: n/a, OpenResult: Opened","SUCCESS"
"2:08:08.2324022 PM","python.exe","32628","QueryInformationVolume","C:\Users\jimpames\Desktop\FESv8-algebraic\migration_toolkit\skeleton_engine","VolumeCreationTime: 5/30/2024 3:01:34 PM, VolumeSerialNumber: 66CA-DF9F, SupportsObjects: True, VolumeLabel: Winፁ","BUFFER OVERFLOW"
"2:08:08.2324147 PM","python.exe","32628","QueryAllInformationFile","C:\Users\jimpames\Desktop\FESv8-algebraic\migration_toolkit\skeleton_engine","CreationTime: 6/6/2026 6:32:24 AM, LastAccessTime: 6/7/2026 2:08:08 PM, LastWriteTime: 6/6/2026 7:26:23 AM, ChangeTime: 6/6/2026 7:26:23 AM, FileAttributes: D, AllocationSize: 8,192, EndOfFile: 8,192","BUFFER OVERFLOW"
"2:08:08.2324287 PM","python.exe","32628","CloseFile","C:\Users\jimpames\Desktop\FESv8-algebraic\migration_toolkit\skeleton_engine","","SUCCESS"
"2:08:08.2350234 PM","python.exe","32628","CreateFile","C:\Users\jimpames\Desktop\FESv8-algebraic\migration_toolkit\skeleton_engine","Desired Access: Read Attributes, Synchronize, Disposition: Open, Options: Synchronous IO Non-Alert, Attributes: n/a, ShareMode: None, AllocationSize: n/a, OpenResult: Opened","SUCCESS"
"2:08:08.2350627 PM","python.exe","32628","QueryInformationVolume","C:\Users\jimpames\Desktop\FESv8-algebraic\migration_toolkit\skeleton_engine","VolumeCreationTime: 5/30/2024 3:01:34 PM, VolumeSerialNumber: 66CA-DF9F, SupportsObjects: True, VolumeLabel: Winხ","BUFFER OVERFLOW"
"2:08:08.2350810 PM","python.exe","32628","QueryAllInformationFile","C:\Users\jimpames\Desktop\FESv8-algebraic\migration_toolkit\skeleton_engine","CreationTime: 6/6/2026 6:32:24 AM, LastAccessTime: 6/7/2026 2:08:08 PM, LastWriteTime: 6/6/2026 7:26:23 AM, ChangeTime: 6/6/2026 7:26:23 AM, FileAttributes: D, AllocationSize: 8,192, EndOfFile: 8,192","BUFFER OVERFLOW"
"2:08:08.2350949 PM","python.exe","32628","CloseFile","C:\Users\jimpames\Desktop\FESv8-algebraic\migration_toolkit\skeleton_engine","","SUCCESS"
"2:08:08.2365176 PM","python.exe","32628","CreateFile","C:\Users\jimpames\Desktop\FESv8-algebraic\migration_toolkit\skeleton_engine","Desired Access: Read Attributes, Synchronize, Disposition: Open, Options: Synchronous IO Non-Alert, Attributes: n/a, ShareMode: None, AllocationSize: n/a, OpenResult: Opened","SUCCESS"
"2:08:08.2365403 PM","python.exe","32628","QueryInformationVolume","C:\Users\jimpames\Desktop\FESv8-algebraic\migration_toolkit\skeleton_engine","VolumeCreationTime: 5/30/2024 3:01:34 PM, VolumeSerialNumber: 66CA-DF9F, SupportsObjects: True, VolumeLabel: Winፁ","BUFFER OVERFLOW"
"2:08:08.2365492 PM","python.exe","32628","QueryAllInformationFile","C:\Users\jimpames\Desktop\FESv8-algebraic\migration_toolkit\skeleton_engine","CreationTime: 6/6/2026 6:32:24 AM, LastAccessTime: 6/7/2026 2:08:08 PM, LastWriteTime: 6/6/2026 7:26:23 AM, ChangeTime: 6/6/2026 7:26:23 AM, FileAttributes: D, AllocationSize: 8,192, EndOfFile: 8,192","BUFFER OVERFLOW"
"2:08:08.2365603 PM","python.exe","32628","CloseFile","C:\Users\jimpames\Desktop\FESv8-algebraic\migration_toolkit\skeleton_engine","","SUCCESS"
"2:08:08.2388151 PM","python.exe","32628","CreateFile","C:\Users\jimpames\Desktop\FESv8-algebraic\migration_toolkit\skeleton_engine","Desired Access: Read Attributes, Synchronize, Disposition: Open, Options: Synchronous IO Non-Alert, Attributes: n/a, ShareMode: None, AllocationSize: n/a, OpenResult: Opened","SUCCESS"
"2:08:08.2388537 PM","python.exe","32628","QueryInformationVolume","C:\Users\jimpames\Desktop\FESv8-algebraic\migration_toolkit\skeleton_engine","VolumeCreationTime: 5/30/2024 3:01:34 PM, VolumeSerialNumber: 66CA-DF9F, SupportsObjects: True, VolumeLabel: Winፁ","BUFFER OVERFLOW"
"2:08:08.2388687 PM","python.exe","32628","QueryAllInformationFile","C:\Users\jimpames\Desktop\FESv8-algebraic\migration_toolkit\skeleton_engine","CreationTime: 6/6/2026 6:32:24 AM, LastAccessTime: 6/7/2026 2:08:08 PM, LastWriteTime: 6/6/2026 7:26:23 AM, ChangeTime: 6/6/2026 7:26:23 AM, FileAttributes: D, AllocationSize: 8,192, EndOfFile: 8,192","BUFFER OVERFLOW"
"2:08:08.2388984 PM","python.exe","32628","CloseFile","C:\Users\jimpames\Desktop\FESv8-algebraic\migration_toolkit\skeleton_engine","","SUCCESS"
"2:08:08.2436798 PM","python.exe","32628","CreateFile","C:\Users\jimpames\Desktop\FESv8-algebraic\migration_toolkit\skeleton_engine","Desired Access: Read Attributes, Synchronize, Disposition: Open, Options: Synchronous IO Non-Alert, Attributes: n/a, ShareMode: None, AllocationSize: n/a, OpenResult: Opened","SUCCESS"
"2:08:08.2437176 PM","python.exe","32628","QueryInformationVolume","C:\Users\jimpames\Desktop\FESv8-algebraic\migration_toolkit\skeleton_engine","VolumeCreationTime: 5/30/2024 3:01:34 PM, VolumeSerialNumber: 66CA-DF9F, SupportsObjects: True, VolumeLabel: Winፁ","BUFFER OVERFLOW"
"2:08:08.2437363 PM","python.exe","32628","QueryAllInformationFile","C:\Users\jimpames\Desktop\FESv8-algebraic\migration_toolkit\skeleton_engine","CreationTime: 6/6/2026 6:32:24 AM, LastAccessTime: 6/7/2026 2:08:08 PM, LastWriteTime: 6/6/2026 7:26:23 AM, ChangeTime: 6/6/2026 7:26:23 AM, FileAttributes: D, AllocationSize: 8,192, EndOfFile: 8,192","BUFFER OVERFLOW"
"2:08:08.2437574 PM","python.exe","32628","CloseFile","C:\Users\jimpames\Desktop\FESv8-algebraic\migration_toolkit\skeleton_engine","","SUCCESS"
"2:08:08.2464892 PM","python.exe","32628","CreateFile","C:\Users\jimpames\Desktop\FESv8-algebraic\migration_toolkit\skeleton_engine","Desired Access: Read Attributes, Synchronize, Disposition: Open, Options: Synchronous IO Non-Alert, Attributes: n/a, ShareMode: None, AllocationSize: n/a, OpenResult: Opened","SUCCESS"
"2:08:08.2465234 PM","python.exe","32628","QueryInformationVolume","C:\Users\jimpames\Desktop\FESv8-algebraic\migration_toolkit\skeleton_engine","VolumeCreationTime: 5/30/2024 3:01:34 PM, VolumeSerialNumber: 66CA-DF9F, SupportsObjects: True, VolumeLabel: Winፁ","BUFFER OVERFLOW"
"2:08:08.2465352 PM","python.exe","32628","QueryAllInformationFile","C:\Users\jimpames\Desktop\FESv8-algebraic\migration_toolkit\skeleton_engine","CreationTime: 6/6/2026 6:32:24 AM, LastAccessTime: 6/7/2026 2:08:08 PM, LastWriteTime: 6/6/2026 7:26:23 AM, ChangeTime: 6/6/2026 7:26:23 AM, FileAttributes: D, AllocationSize: 8,192, EndOfFile: 8,192","BUFFER OVERFLOW"
"2:08:08.2465473 PM","python.exe","32628","CloseFile","C:\Users\jimpames\Desktop\FESv8-algebraic\migration_toolkit\skeleton_engine","","SUCCESS"
"2:08:08.2479965 PM","python.exe","32628","CreateFile","C:\Users\jimpames\Desktop\FESv8-algebraic\migration_toolkit\skeleton_engine","Desired Access: Read Attributes, Synchronize, Disposition: Open, Options: Synchronous IO Non-Alert, Attributes: n/a, ShareMode: None, AllocationSize: n/a, OpenResult: Opened","SUCCESS"
"2:08:08.2480192 PM","python.exe","32628","QueryInformationVolume","C:\Users\jimpames\Desktop\FESv8-algebraic\migration_toolkit\skeleton_engine","VolumeCreationTime: 5/30/2024 3:01:34 PM, VolumeSerialNumber: 66CA-DF9F, SupportsObjects: True, VolumeLabel: Winፁ","BUFFER OVERFLOW"
"2:08:08.2480287 PM","python.exe","32628","QueryAllInformationFile","C:\Users\jimpames\Desktop\FESv8-algebraic\migration_toolkit\skeleton_engine","CreationTime: 6/6/2026 6:32:24 AM, LastAccessTime: 6/7/2026 2:08:08 PM, LastWriteTime: 6/6/2026 7:26:23 AM, ChangeTime: 6/6/2026 7:26:23 AM, FileAttributes: D, AllocationSize: 8,192, EndOfFile: 8,192","BUFFER OVERFLOW"
"2:08:08.2480395 PM","python.exe","32628","CloseFile","C:\Users\jimpames\Desktop\FESv8-algebraic\migration_toolkit\skeleton_engine","","SUCCESS"
"2:08:08.2491773 PM","python.exe","32628","CreateFile","C:\Users\jimpames\Desktop\FESv8-algebraic\migration_toolkit\skeleton_engine","Desired Access: Read Attributes, Synchronize, Disposition: Open, Options: Synchronous IO Non-Alert, Attributes: n/a, ShareMode: None, AllocationSize: n/a, OpenResult: Opened","SUCCESS"
"2:08:08.2491997 PM","python.exe","32628","QueryInformationVolume","C:\Users\jimpames\Desktop\FESv8-algebraic\migration_toolkit\skeleton_engine","VolumeCreationTime: 5/30/2024 3:01:34 PM, VolumeSerialNumber: 66CA-DF9F, SupportsObjects: True, VolumeLabel: Winፁ","BUFFER OVERFLOW"
"2:08:08.2492097 PM","python.exe","32628","QueryAllInformationFile","C:\Users\jimpames\Desktop\FESv8-algebraic\migration_toolkit\skeleton_engine","CreationTime: 6/6/2026 6:32:24 AM, LastAccessTime: 6/7/2026 2:08:08 PM, LastWriteTime: 6/6/2026 7:26:23 AM, ChangeTime: 6/6/2026 7:26:23 AM, FileAttributes: D, AllocationSize: 8,192, EndOfFile: 8,192","BUFFER OVERFLOW"
"2:08:08.2492211 PM","python.exe","32628","CloseFile","C:\Users\jimpames\Desktop\FESv8-algebraic\migration_toolkit\skeleton_engine","","SUCCESS"
"2:08:08.2507186 PM","python.exe","32628","CreateFile","C:\Users\jimpames\Desktop\FESv8-algebraic\migration_toolkit\skeleton_engine","Desired Access: Read Attributes, Synchronize, Disposition: Open, Options: Synchronous IO Non-Alert, Attributes: n/a, ShareMode: None, AllocationSize: n/a, OpenResult: Opened","SUCCESS"
"2:08:08.2507427 PM","python.exe","32628","QueryInformationVolume","C:\Users\jimpames\Desktop\FESv8-algebraic\migration_toolkit\skeleton_engine","VolumeCreationTime: 5/30/2024 3:01:34 PM, VolumeSerialNumber: 66CA-DF9F, SupportsObjects: True, VolumeLabel: Win","BUFFER OVERFLOW"
"2:08:08.2507532 PM","python.exe","32628","QueryAllInformationFile","C:\Users\jimpames\Desktop\FESv8-algebraic\migration_toolkit\skeleton_engine","CreationTime: 6/6/2026 6:32:24 AM, LastAccessTime: 6/7/2026 2:08:08 PM, LastWriteTime: 6/6/2026 7:26:23 AM, ChangeTime: 6/6/2026 7:26:23 AM, FileAttributes: D, AllocationSize: 8,192, EndOfFile: 8,192","BUFFER OVERFLOW"
"2:08:08.2507653 PM","python.exe","32628","CloseFile","C:\Users\jimpames\Desktop\FESv8-algebraic\migration_toolkit\skeleton_engine","","SUCCESS"
"2:08:08.2544906 PM","python.exe","32628","CreateFile","C:\Users\jimpames\Desktop\FESv8-algebraic\migration_toolkit\skeleton_engine","Desired Access: Read Attributes, Synchronize, Disposition: Open, Options: Synchronous IO Non-Alert, Attributes: n/a, ShareMode: None, AllocationSize: n/a, OpenResult: Opened","SUCCESS"
"2:08:08.2545208 PM","python.exe","32628","QueryInformationVolume","C:\Users\jimpames\Desktop\FESv8-algebraic\migration_toolkit\skeleton_engine","VolumeCreationTime: 5/30/2024 3:01:34 PM, VolumeSerialNumber: 66CA-DF9F, SupportsObjects: True, VolumeLabel: Winፁ","BUFFER OVERFLOW"
"2:08:08.2545332 PM","python.exe","32628","QueryAllInformationFile","C:\Users\jimpames\Desktop\FESv8-algebraic\migration_toolkit\skeleton_engine","CreationTime: 6/6/2026 6:32:24 AM, LastAccessTime: 6/7/2026 2:08:08 PM, LastWriteTime: 6/6/2026 7:26:23 AM, ChangeTime: 6/6/2026 7:26:23 AM, FileAttributes: D, AllocationSize: 8,192, EndOfFile: 8,192","BUFFER OVERFLOW"
"2:08:08.2545456 PM","python.exe","32628","CloseFile","C:\Users\jimpames\Desktop\FESv8-algebraic\migration_toolkit\skeleton_engine","","SUCCESS"
"2:08:08.2589206 PM","python.exe","32628","CreateFile","C:\Users\jimpames\Desktop\FESv8-algebraic\migration_toolkit\skeleton_engine","Desired Access: Read Attributes, Synchronize, Disposition: Open, Options: Synchronous IO Non-Alert, Attributes: n/a, ShareMode: None, AllocationSize: n/a, OpenResult: Opened","SUCCESS"
"2:08:08.2589451 PM","python.exe","32628","QueryInformationVolume","C:\Users\jimpames\Desktop\FESv8-algebraic\migration_toolkit\skeleton_engine","VolumeCreationTime: 5/30/2024 3:01:34 PM, VolumeSerialNumber: 66CA-DF9F, SupportsObjects: True, VolumeLabel: Winፁ","BUFFER OVERFLOW"
"2:08:08.2589545 PM","python.exe","32628","QueryAllInformationFile","C:\Users\jimpames\Desktop\FESv8-algebraic\migration_toolkit\skeleton_engine","CreationTime: 6/6/2026 6:32:24 AM, LastAccessTime: 6/7/2026 2:08:08 PM, LastWriteTime: 6/6/2026 7:26:23 AM, ChangeTime: 6/6/2026 7:26:23 AM, FileAttributes: D, AllocationSize: 8,192, EndOfFile: 8,192","BUFFER OVERFLOW"
"2:08:08.2589653 PM","python.exe","32628","CloseFile","C:\Users\jimpames\Desktop\FESv8-algebraic\migration_toolkit\skeleton_engine","","SUCCESS"
"2:08:08.2618662 PM","python.exe","32628","CreateFile","C:\Users\jimpames\Desktop\FESv8-algebraic\migration_toolkit\skeleton_engine","Desired Access: Read Attributes, Synchronize, Disposition: Open, Options: Synchronous IO Non-Alert, Attributes: n/a, ShareMode: None, AllocationSize: n/a, OpenResult: Opened","SUCCESS"
"2:08:08.2618936 PM","python.exe","32628","QueryInformationVolume","C:\Users\jimpames\Desktop\FESv8-algebraic\migration_toolkit\skeleton_engine","VolumeCreationTime: 5/30/2024 3:01:34 PM, VolumeSerialNumber: 66CA-DF9F, SupportsObjects: True, VolumeLabel: Winፁ","BUFFER OVERFLOW"
"2:08:08.2619051 PM","python.exe","32628","QueryAllInformationFile","C:\Users\jimpames\Desktop\FESv8-algebraic\migration_toolkit\skeleton_engine","CreationTime: 6/6/2026 6:32:24 AM, LastAccessTime: 6/7/2026 2:08:08 PM, LastWriteTime: 6/6/2026 7:26:23 AM, ChangeTime: 6/6/2026 7:26:23 AM, FileAttributes: D, AllocationSize: 8,192, EndOfFile: 8,192","BUFFER OVERFLOW"
"2:08:08.2619167 PM","python.exe","32628","CloseFile","C:\Users\jimpames\Desktop\FESv8-algebraic\migration_toolkit\skeleton_engine","","SUCCESS"
"2:08:08.2652935 PM","python.exe","32628","CreateFile","C:\Users\jimpames\Desktop\FESv8-algebraic\migration_toolkit\skeleton_engine","Desired Access: Read Attributes, Synchronize, Disposition: Open, Options: Synchronous IO Non-Alert, Attributes: n/a, ShareMode: None, AllocationSize: n/a, OpenResult: Opened","SUCCESS"
"2:08:08.2653245 PM","python.exe","32628","QueryInformationVolume","C:\Users\jimpames\Desktop\FESv8-algebraic\migration_toolkit\skeleton_engine","VolumeCreationTime: 5/30/2024 3:01:34 PM, VolumeSerialNumber: 66CA-DF9F, SupportsObjects: True, VolumeLabel: Winፁ","BUFFER OVERFLOW"
"2:08:08.2653363 PM","python.exe","32628","QueryAllInformationFile","C:\Users\jimpames\Desktop\FESv8-algebraic\migration_toolkit\skeleton_engine","CreationTime: 6/6/2026 6:32:24 AM, LastAccessTime: 6/7/2026 2:08:08 PM, LastWriteTime: 6/6/2026 7:26:23 AM, ChangeTime: 6/6/2026 7:26:23 AM, FileAttributes: D, AllocationSize: 8,192, EndOfFile: 8,192","BUFFER OVERFLOW"
"2:08:08.2653498 PM","python.exe","32628","CloseFile","C:\Users\jimpames\Desktop\FESv8-algebraic\migration_toolkit\skeleton_engine","","SUCCESS"
"2:08:08.2670117 PM","python.exe","32628","CreateFile","C:\Users\jimpames\Desktop\FESv8-algebraic\migration_toolkit\skeleton_engine","Desired Access: Read Attributes, Synchronize, Disposition: Open, Options: Synchronous IO Non-Alert, Attributes: n/a, ShareMode: None, AllocationSize: n/a, OpenResult: Opened","SUCCESS"
"2:08:08.2670383 PM","python.exe","32628","QueryInformationVolume","C:\Users\jimpames\Desktop\FESv8-algebraic\migration_toolkit\skeleton_engine","VolumeCreationTime: 5/30/2024 3:01:34 PM, VolumeSerialNumber: 66CA-DF9F, SupportsObjects: True, VolumeLabel: Winፁ","BUFFER OVERFLOW"
"2:08:08.2670509 PM","python.exe","32628","QueryAllInformationFile","C:\Users\jimpames\Desktop\FESv8-algebraic\migration_toolkit\skeleton_engine","CreationTime: 6/6/2026 6:32:24 AM, LastAccessTime: 6/7/2026 2:08:08 PM, LastWriteTime: 6/6/2026 7:26:23 AM, ChangeTime: 6/6/2026 7:26:23 AM, FileAttributes: D, AllocationSize: 8,192, EndOfFile: 8,192","BUFFER OVERFLOW"
"2:08:08.2670649 PM","python.exe","32628","CloseFile","C:\Users\jimpames\Desktop\FESv8-algebraic\migration_toolkit\skeleton_engine","","SUCCESS"
"2:08:08.2684187 PM","python.exe","32628","CreateFile","C:\Users\jimpames\Desktop\FESv8-algebraic\migration_toolkit\skeleton_engine","Desired Access: Read Attributes, Synchronize, Disposition: Open, Options: Synchronous IO Non-Alert, Attributes: n/a, ShareMode: None, AllocationSize: n/a, OpenResult: Opened","SUCCESS"
"2:08:08.2684564 PM","python.exe","32628","QueryInformationVolume","C:\Users\jimpames\Desktop\FESv8-algebraic\migration_toolkit\skeleton_engine","VolumeCreationTime: 5/30/2024 3:01:34 PM, VolumeSerialNumber: 66CA-DF9F, SupportsObjects: True, VolumeLabel: Winፁ","BUFFER OVERFLOW"
"2:08:08.2684943 PM","python.exe","32628","QueryAllInformationFile","C:\Users\jimpames\Desktop\FESv8-algebraic\migration_toolkit\skeleton_engine","CreationTime: 6/6/2026 6:32:24 AM, LastAccessTime: 6/7/2026 2:08:08 PM, LastWriteTime: 6/6/2026 7:26:23 AM, ChangeTime: 6/6/2026 7:26:23 AM, FileAttributes: D, AllocationSize: 8,192, EndOfFile: 8,192","BUFFER OVERFLOW"
"2:08:08.2685145 PM","python.exe","32628","CloseFile","C:\Users\jimpames\Desktop\FESv8-algebraic\migration_toolkit\skeleton_engine","","SUCCESS"
"2:08:08.2701967 PM","python.exe","32628","CreateFile","C:\Users\jimpames\Desktop\FESv8-algebraic\migration_toolkit\skeleton_engine","Desired Access: Read Attributes, Synchronize, Disposition: Open, Options: Synchronous IO Non-Alert, Attributes: n/a, ShareMode: None, AllocationSize: n/a, OpenResult: Opened","SUCCESS"
"2:08:08.2702284 PM","python.exe","32628","QueryInformationVolume","C:\Users\jimpames\Desktop\FESv8-algebraic\migration_toolkit\skeleton_engine","VolumeCreationTime: 5/30/2024 3:01:34 PM, VolumeSerialNumber: 66CA-DF9F, SupportsObjects: True, VolumeLabel: Winხ","BUFFER OVERFLOW"
"2:08:08.2702429 PM","python.exe","32628","QueryAllInformationFile","C:\Users\jimpames\Desktop\FESv8-algebraic\migration_toolkit\skeleton_engine","CreationTime: 6/6/2026 6:32:24 AM, LastAccessTime: 6/7/2026 2:08:08 PM, LastWriteTime: 6/6/2026 7:26:23 AM, ChangeTime: 6/6/2026 7:26:23 AM, FileAttributes: D, AllocationSize: 8,192, EndOfFile: 8,192","BUFFER OVERFLOW"
"2:08:08.2702605 PM","python.exe","32628","CloseFile","C:\Users\jimpames\Desktop\FESv8-algebraic\migration_toolkit\skeleton_engine","","SUCCESS"
"2:08:08.2712054 PM","python.exe","32628","CreateFile","C:\Users\jimpames\Desktop\FESv8-algebraic\migration_toolkit\skeleton_engine","Desired Access: Read Attributes, Synchronize, Disposition: Open, Options: Synchronous IO Non-Alert, Attributes: n/a, ShareMode: None, AllocationSize: n/a, OpenResult: Opened","SUCCESS"
"2:08:08.2712241 PM","python.exe","32628","QueryInformationVolume","C:\Users\jimpames\Desktop\FESv8-algebraic\migration_toolkit\skeleton_engine","VolumeCreationTime: 5/30/2024 3:01:34 PM, VolumeSerialNumber: 66CA-DF9F, SupportsObjects: True, VolumeLabel: Winხ","BUFFER OVERFLOW"
"2:08:08.2712382 PM","python.exe","32628","QueryAllInformationFile","C:\Users\jimpames\Desktop\FESv8-algebraic\migration_toolkit\skeleton_engine","CreationTime: 6/6/2026 6:32:24 AM, LastAccessTime: 6/7/2026 2:08:08 PM, LastWriteTime: 6/6/2026 7:26:23 AM, ChangeTime: 6/6/2026 7:26:23 AM, FileAttributes: D, AllocationSize: 8,192, EndOfFile: 8,192","BUFFER OVERFLOW"
"2:08:08.2712505 PM","python.exe","32628","CloseFile","C:\Users\jimpames\Desktop\FESv8-algebraic\migration_toolkit\skeleton_engine","","SUCCESS"
"2:08:08.2732819 PM","python.exe","32628","CreateFile","C:\Users\jimpames\Desktop\FESv8-algebraic\migration_toolkit\skeleton_engine","Desired Access: Read Attributes, Synchronize, Disposition: Open, Options: Synchronous IO Non-Alert, Attributes: n/a, ShareMode: None, AllocationSize: n/a, OpenResult: Opened","SUCCESS"
"2:08:08.2733066 PM","python.exe","32628","QueryInformationVolume","C:\Users\jimpames\Desktop\FESv8-algebraic\migration_toolkit\skeleton_engine","VolumeCreationTime: 5/30/2024 3:01:34 PM, VolumeSerialNumber: 66CA-DF9F, SupportsObjects: True, VolumeLabel: Winፁ","BUFFER OVERFLOW"
"2:08:08.2733167 PM","python.exe","32628","QueryAllInformationFile","C:\Users\jimpames\Desktop\FESv8-algebraic\migration_toolkit\skeleton_engine","CreationTime: 6/6/2026 6:32:24 AM, LastAccessTime: 6/7/2026 2:08:08 PM, LastWriteTime: 6/6/2026 7:26:23 AM, ChangeTime: 6/6/2026 7:26:23 AM, FileAttributes: D, AllocationSize: 8,192, EndOfFile: 8,192","BUFFER OVERFLOW"
"2:08:08.2733279 PM","python.exe","32628","CloseFile","C:\Users\jimpames\Desktop\FESv8-algebraic\migration_toolkit\skeleton_engine","","SUCCESS"
"2:08:08.2754935 PM","python.exe","32628","CreateFile","C:\Users\jimpames\Desktop\FESv8-algebraic\migration_toolkit\skeleton_engine","Desired Access: Read Attributes, Synchronize, Disposition: Open, Options: Synchronous IO Non-Alert, Attributes: n/a, ShareMode: None, AllocationSize: n/a, OpenResult: Opened","SUCCESS"
"2:08:08.2755298 PM","python.exe","32628","QueryInformationVolume","C:\Users\jimpames\Desktop\FESv8-algebraic\migration_toolkit\skeleton_engine","VolumeCreationTime: 5/30/2024 3:01:34 PM, VolumeSerialNumber: 66CA-DF9F, SupportsObjects: True, VolumeLabel: Winᅱ","BUFFER OVERFLOW"
"2:08:08.2755445 PM","python.exe","32628","QueryAllInformationFile","C:\Users\jimpames\Desktop\FESv8-algebraic\migration_toolkit\skeleton_engine","CreationTime: 6/6/2026 6:32:24 AM, LastAccessTime: 6/7/2026 2:08:08 PM, LastWriteTime: 6/6/2026 7:26:23 AM, ChangeTime: 6/6/2026 7:26:23 AM, FileAttributes: D, AllocationSize: 8,192, EndOfFile: 8,192","BUFFER OVERFLOW"
"2:08:08.2755578 PM","python.exe","32628","CloseFile","C:\Users\jimpames\Desktop\FESv8-algebraic\migration_toolkit\skeleton_engine","","SUCCESS"
"2:08:08.2769363 PM","python.exe","32628","CreateFile","C:\Users\jimpames\Desktop\FESv8-algebraic\migration_toolkit\skeleton_engine","Desired Access: Read Attributes, Synchronize, Disposition: Open, Options: Synchronous IO Non-Alert, Attributes: n/a, ShareMode: None, AllocationSize: n/a, OpenResult: Opened","SUCCESS"
"2:08:08.2769618 PM","python.exe","32628","QueryInformationVolume","C:\Users\jimpames\Desktop\FESv8-algebraic\migration_toolkit\skeleton_engine","VolumeCreationTime: 5/30/2024 3:01:34 PM, VolumeSerialNumber: 66CA-DF9F, SupportsObjects: True, VolumeLabel: Winፁ","BUFFER OVERFLOW"
"2:08:08.2769716 PM","python.exe","32628","QueryAllInformationFile","C:\Users\jimpames\Desktop\FESv8-algebraic\migration_toolkit\skeleton_engine","CreationTime: 6/6/2026 6:32:24 AM, LastAccessTime: 6/7/2026 2:08:08 PM, LastWriteTime: 6/6/2026 7:26:23 AM, ChangeTime: 6/6/2026 7:26:23 AM, FileAttributes: D, AllocationSize: 8,192, EndOfFile: 8,192","BUFFER OVERFLOW"
"2:08:08.2769826 PM","python.exe","32628","CloseFile","C:\Users\jimpames\Desktop\FESv8-algebraic\migration_toolkit\skeleton_engine","","SUCCESS"
"2:08:08.2781487 PM","python.exe","32628","CreateFile","C:\Users\jimpames\Desktop\FESv8-algebraic\migration_toolkit\skeleton_engine","Desired Access: Read Attributes, Synchronize, Disposition: Open, Options: Synchronous IO Non-Alert, Attributes: n/a, ShareMode: None, AllocationSize: n/a, OpenResult: Opened","SUCCESS"
"2:08:08.2781701 PM","python.exe","32628","QueryInformationVolume","C:\Users\jimpames\Desktop\FESv8-algebraic\migration_toolkit\skeleton_engine","VolumeCreationTime: 5/30/2024 3:01:34 PM, VolumeSerialNumber: 66CA-DF9F, SupportsObjects: True, VolumeLabel: Winፁ","BUFFER OVERFLOW"
"2:08:08.2781808 PM","python.exe","32628","QueryAllInformationFile","C:\Users\jimpames\Desktop\FESv8-algebraic\migration_toolkit\skeleton_engine","CreationTime: 6/6/2026 6:32:24 AM, LastAccessTime: 6/7/2026 2:08:08 PM, LastWriteTime: 6/6/2026 7:26:23 AM, ChangeTime: 6/6/2026 7:26:23 AM, FileAttributes: D, AllocationSize: 8,192, EndOfFile: 8,192","BUFFER OVERFLOW"
"2:08:08.2781929 PM","python.exe","32628","CloseFile","C:\Users\jimpames\Desktop\FESv8-algebraic\migration_toolkit\skeleton_engine","","SUCCESS"
"2:08:08.2794273 PM","python.exe","32628","CreateFile","C:\Users\jimpames\Desktop\FESv8-algebraic\migration_toolkit\skeleton_engine","Desired Access: Read Attributes, Synchronize, Disposition: Open, Options: Synchronous IO Non-Alert, Attributes: n/a, ShareMode: None, AllocationSize: n/a, OpenResult: Opened","SUCCESS"
"2:08:08.2794507 PM","python.exe","32628","QueryInformationVolume","C:\Users\jimpames\Desktop\FESv8-algebraic\migration_toolkit\skeleton_engine","VolumeCreationTime: 5/30/2024 3:01:34 PM, VolumeSerialNumber: 66CA-DF9F, SupportsObjects: True, VolumeLabel: Win","BUFFER OVERFLOW"
"2:08:08.2794622 PM","python.exe","32628","QueryAllInformationFile","C:\Users\jimpames\Desktop\FESv8-algebraic\migration_toolkit\skeleton_engine","CreationTime: 6/6/2026 6:32:24 AM, LastAccessTime: 6/7/2026 2:08:08 PM, LastWriteTime: 6/6/2026 7:26:23 AM, ChangeTime: 6/6/2026 7:26:23 AM, FileAttributes: D, AllocationSize: 8,192, EndOfFile: 8,192","BUFFER OVERFLOW"
"2:08:08.2794751 PM","python.exe","32628","CloseFile","C:\Users\jimpames\Desktop\FESv8-algebraic\migration_toolkit\skeleton_engine","","SUCCESS"
"2:08:08.2809503 PM","python.exe","32628","CreateFile","C:\Users\jimpames\Desktop\FESv8-algebraic\migration_toolkit\skeleton_engine","Desired Access: Read Attributes, Synchronize, Disposition: Open, Options: Synchronous IO Non-Alert, Attributes: n/a, ShareMode: None, AllocationSize: n/a, OpenResult: Opened","SUCCESS"
"2:08:08.2809722 PM","python.exe","32628","QueryInformationVolume","C:\Users\jimpames\Desktop\FESv8-algebraic\migration_toolkit\skeleton_engine","VolumeCreationTime: 5/30/2024 3:01:34 PM, VolumeSerialNumber: 66CA-DF9F, SupportsObjects: True, VolumeLabel: Winፁ","BUFFER OVERFLOW"
"2:08:08.2809833 PM","python.exe","32628","QueryAllInformationFile","C:\Users\jimpames\Desktop\FESv8-algebraic\migration_toolkit\skeleton_engine","CreationTime: 6/6/2026 6:32:24 AM, LastAccessTime: 6/7/2026 2:08:08 PM, LastWriteTime: 6/6/2026 7:26:23 AM, ChangeTime: 6/6/2026 7:26:23 AM, FileAttributes: D, AllocationSize: 8,192, EndOfFile: 8,192","BUFFER OVERFLOW"
"2:08:08.2809952 PM","python.exe","32628","CloseFile","C:\Users\jimpames\Desktop\FESv8-algebraic\migration_toolkit\skeleton_engine","","SUCCESS"
"2:08:08.2821108 PM","python.exe","32628","CreateFile","C:\Users\jimpames\Desktop\FESv8-algebraic\migration_toolkit\skeleton_engine","Desired Access: Read Attributes, Synchronize, Disposition: Open, Options: Synchronous IO Non-Alert, Attributes: n/a, ShareMode: None, AllocationSize: n/a, OpenResult: Opened","SUCCESS"
"2:08:08.2821309 PM","python.exe","32628","QueryInformationVolume","C:\Users\jimpames\Desktop\FESv8-algebraic\migration_toolkit\skeleton_engine","VolumeCreationTime: 5/30/2024 3:01:34 PM, VolumeSerialNumber: 66CA-DF9F, SupportsObjects: True, VolumeLabel: Winፁ","BUFFER OVERFLOW"
"2:08:08.2821467 PM","python.exe","32628","QueryAllInformationFile","C:\Users\jimpames\Desktop\FESv8-algebraic\migration_toolkit\skeleton_engine","CreationTime: 6/6/2026 6:32:24 AM, LastAccessTime: 6/7/2026 2:08:08 PM, LastWriteTime: 6/6/2026 7:26:23 AM, ChangeTime: 6/6/2026 7:26:23 AM, FileAttributes: D, AllocationSize: 8,192, EndOfFile: 8,192","BUFFER OVERFLOW"
"2:08:08.2821601 PM","python.exe","32628","CloseFile","C:\Users\jimpames\Desktop\FESv8-algebraic\migration_toolkit\skeleton_engine","","SUCCESS"
"2:08:08.3191879 PM","python.exe","32628","CreateFile","C:\Users\jimpames\Desktop\FESv8-algebraic\migration_toolkit\skeleton_engine","Desired Access: Read Attributes, Synchronize, Disposition: Open, Options: Synchronous IO Non-Alert, Attributes: n/a, ShareMode: None, AllocationSize: n/a, OpenResult: Opened","SUCCESS"
"2:08:08.3192170 PM","python.exe","32628","QueryInformationVolume","C:\Users\jimpames\Desktop\FESv8-algebraic\migration_toolkit\skeleton_engine","VolumeCreationTime: 5/30/2024 3:01:34 PM, VolumeSerialNumber: 66CA-DF9F, SupportsObjects: True, VolumeLabel: Winፁ","BUFFER OVERFLOW"
"2:08:08.3192312 PM","python.exe","32628","QueryAllInformationFile","C:\Users\jimpames\Desktop\FESv8-algebraic\migration_toolkit\skeleton_engine","CreationTime: 6/6/2026 6:32:24 AM, LastAccessTime: 6/7/2026 2:08:08 PM, LastWriteTime: 6/6/2026 7:26:23 AM, ChangeTime: 6/6/2026 7:26:23 AM, FileAttributes: D, AllocationSize: 8,192, EndOfFile: 8,192","BUFFER OVERFLOW"
"2:08:08.3192460 PM","python.exe","32628","CloseFile","C:\Users\jimpames\Desktop\FESv8-algebraic\migration_toolkit\skeleton_engine","","SUCCESS"
"2:08:08.4104295 PM","python.exe","32628","CloseFile","C:\Users\jimpames\Desktop\FESv8-algebraic\migration_toolkit","","SUCCESS"
"2:08:08.4129762 PM","python.exe","59388","CloseFile","C:\Users\jimpames\Desktop\FESv8-algebraic\migration_toolkit","","SUCCESS"
"2:08:08.4142924 PM","python.exe","35508","CreateFile","C:\Users\jimpames\Desktop\FESv8-algebraic\migration_toolkit","Desired Access: Read Attributes, Disposition: Open, Options: Open Reparse Point, Attributes: n/a, ShareMode: Read, Write, Delete, AllocationSize: n/a, OpenResult: Opened","SUCCESS"
"2:08:08.4143112 PM","python.exe","35508","QueryBasicInformationFile","C:\Users\jimpames\Desktop\FESv8-algebraic\migration_toolkit","CreationTime: 6/6/2026 6:32:22 AM, LastAccessTime: 6/7/2026 2:08:08 PM, LastWriteTime: 6/6/2026 7:26:22 AM, ChangeTime: 6/6/2026 7:26:22 AM, FileAttributes: D","SUCCESS"
"2:08:08.4143250 PM","python.exe","35508","CloseFile","C:\Users\jimpames\Desktop\FESv8-algebraic\migration_toolkit","","SUCCESS"
"2:08:08.4215348 PM","python.exe","38584","CreateFile","C:\Users\jimpames\Desktop\FESv8-algebraic\migration_toolkit","Desired Access: Execute/Traverse, Synchronize, Disposition: Open, Options: Directory, Synchronous IO Non-Alert, Attributes: n/a, ShareMode: Read, Write, AllocationSize: n/a, OpenResult: Opened","SUCCESS"
"2:08:08.4349239 PM","python.exe","78440","CreateFile","C:\Users\jimpames\Desktop\FESv8-algebraic\migration_toolkit","Desired Access: Execute/Traverse, Synchronize, Disposition: Open, Options: Directory, Synchronous IO Non-Alert, Attributes: n/a, ShareMode: Read, Write, AllocationSize: n/a, OpenResult: Opened","SUCCESS"
"2:08:08.4856680 PM","python.exe","78440","CreateFile","C:\Users\jimpames\Desktop\FESv8-algebraic\migration_toolkit\skeleton_engine","Desired Access: Read Attributes, Synchronize, Disposition: Open, Options: Synchronous IO Non-Alert, Attributes: n/a, ShareMode: None, AllocationSize: n/a, OpenResult: Opened","SUCCESS"
"2:08:08.4856953 PM","python.exe","78440","QueryInformationVolume","C:\Users\jimpames\Desktop\FESv8-algebraic\migration_toolkit\skeleton_engine","VolumeCreationTime: 5/30/2024 3:01:34 PM, VolumeSerialNumber: 66CA-DF9F, SupportsObjects: True, VolumeLabel: Winፃ","BUFFER OVERFLOW"
"2:08:08.4857065 PM","python.exe","78440","QueryAllInformationFile","C:\Users\jimpames\Desktop\FESv8-algebraic\migration_toolkit\skeleton_engine","CreationTime: 6/6/2026 6:32:24 AM, LastAccessTime: 6/7/2026 2:08:08 PM, LastWriteTime: 6/6/2026 7:26:23 AM, ChangeTime: 6/6/2026 7:26:23 AM, FileAttributes: D, AllocationSize: 8,192, EndOfFile: 8,192","BUFFER OVERFLOW"
"2:08:08.4857178 PM","python.exe","78440","CloseFile","C:\Users\jimpames\Desktop\FESv8-algebraic\migration_toolkit\skeleton_engine","","SUCCESS"
"2:08:08.4857924 PM","python.exe","78440","CreateFile","C:\Users\jimpames\Desktop\FESv8-algebraic\migration_toolkit\skeleton_engine","Desired Access: Read Attributes, Synchronize, Disposition: Open, Options: Synchronous IO Non-Alert, Attributes: n/a, ShareMode: None, AllocationSize: n/a, OpenResult: Opened","SUCCESS"
"2:08:08.4858078 PM","python.exe","78440","QueryInformationVolume","C:\Users\jimpames\Desktop\FESv8-algebraic\migration_toolkit\skeleton_engine","VolumeCreationTime: 5/30/2024 3:01:34 PM, VolumeSerialNumber: 66CA-DF9F, SupportsObjects: True, VolumeLabel: Win","BUFFER OVERFLOW"
"2:08:08.4858160 PM","python.exe","78440","QueryAllInformationFile","C:\Users\jimpames\Desktop\FESv8-algebraic\migration_toolkit\skeleton_engine","CreationTime: 6/6/2026 6:32:24 AM, LastAccessTime: 6/7/2026 2:08:08 PM, LastWriteTime: 6/6/2026 7:26:23 AM, ChangeTime: 6/6/2026 7:26:23 AM, FileAttributes: D, AllocationSize: 8,192, EndOfFile: 8,192","BUFFER OVERFLOW"
"2:08:08.4858441 PM","python.exe","78440","CloseFile","C:\Users\jimpames\Desktop\FESv8-algebraic\migration_toolkit\skeleton_engine","","SUCCESS"
"2:08:08.4859628 PM","python.exe","78440","CreateFile","C:\Users\jimpames\Desktop\FESv8-algebraic\migration_toolkit\skeleton_engine","Desired Access: Read Attributes, Synchronize, Disposition: Open, Options: Synchronous IO Non-Alert, Attributes: n/a, ShareMode: None, AllocationSize: n/a, OpenResult: Opened","SUCCESS"
"2:08:08.4859833 PM","python.exe","78440","QueryInformationVolume","C:\Users\jimpames\Desktop\FESv8-algebraic\migration_toolkit\skeleton_engine","VolumeCreationTime: 5/30/2024 3:01:34 PM, VolumeSerialNumber: 66CA-DF9F, SupportsObjects: True, VolumeLabel: Winᅱ","BUFFER OVERFLOW"
"2:08:08.4859925 PM","python.exe","78440","QueryAllInformationFile","C:\Users\jimpames\Desktop\FESv8-algebraic\migration_toolkit\skeleton_engine","CreationTime: 6/6/2026 6:32:24 AM, LastAccessTime: 6/7/2026 2:08:08 PM, LastWriteTime: 6/6/2026 7:26:23 AM, ChangeTime: 6/6/2026 7:26:23 AM, FileAttributes: D, AllocationSize: 8,192, EndOfFile: 8,192","BUFFER OVERFLOW"
"2:08:08.4860125 PM","python.exe","78440","CloseFile","C:\Users\jimpames\Desktop\FESv8-algebraic\migration_toolkit\skeleton_engine","","SUCCESS"
"2:08:08.4860900 PM","python.exe","78440","CreateFile","C:\Users\jimpames\Desktop\FESv8-algebraic\migration_toolkit\skeleton_engine","Desired Access: Read Data/List Directory, Synchronize, Disposition: Open, Options: Directory, Synchronous IO Non-Alert, Attributes: n/a, ShareMode: Read, Write, Delete, AllocationSize: n/a, OpenResult: Opened","SUCCESS"
"2:08:08.4861362 PM","python.exe","78440","QueryDirectory","C:\Users\jimpames\Desktop\FESv8-algebraic\migration_toolkit\skeleton_engine","FileInformationClass: FileBothDirectoryInformation, 1: .., 2: build_pipeline.py, 3: customer_fidelity_validator.py, 4: immutables_classifier.py, 5: immutables_validator.py, 6: jpa_scrubber.py","SUCCESS"
"2:08:08.4861627 PM","python.exe","78440","QueryDirectory","C:\Users\jimpames\Desktop\FESv8-algebraic\migration_toolkit\skeleton_engine","FileInformationClass: FileBothDirectoryInformation","NO MORE FILES"
"2:08:08.4861717 PM","python.exe","78440","CloseFile","C:\Users\jimpames\Desktop\FESv8-algebraic\migration_toolkit\skeleton_engine","","SUCCESS"
"2:08:08.4874540 PM","python.exe","78440","CreateFile","C:\Users\jimpames\Desktop\FESv8-algebraic\migration_toolkit\skeleton_engine","Desired Access: Read Attributes, Synchronize, Disposition: Open, Options: Synchronous IO Non-Alert, Attributes: n/a, ShareMode: None, AllocationSize: n/a, OpenResult: Opened","SUCCESS"
"2:08:08.4874809 PM","python.exe","78440","QueryInformationVolume","C:\Users\jimpames\Desktop\FESv8-algebraic\migration_toolkit\skeleton_engine","VolumeCreationTime: 5/30/2024 3:01:34 PM, VolumeSerialNumber: 66CA-DF9F, SupportsObjects: True, VolumeLabel: Win(늶ॕ","BUFFER OVERFLOW"
"2:08:08.4874922 PM","python.exe","78440","QueryAllInformationFile","C:\Users\jimpames\Desktop\FESv8-algebraic\migration_toolkit\skeleton_engine","CreationTime: 6/6/2026 6:32:24 AM, LastAccessTime: 6/7/2026 2:08:08 PM, LastWriteTime: 6/6/2026 7:26:23 AM, ChangeTime: 6/6/2026 7:26:23 AM, FileAttributes: D, AllocationSize: 8,192, EndOfFile: 8,192","BUFFER OVERFLOW"
"2:08:08.4875058 PM","python.exe","78440","CloseFile","C:\Users\jimpames\Desktop\FESv8-algebraic\migration_toolkit\skeleton_engine","","SUCCESS"
"2:08:08.4887936 PM","python.exe","78440","CreateFile","C:\Users\jimpames\Desktop\FESv8-algebraic\migration_toolkit\skeleton_engine","Desired Access: Read Attributes, Synchronize, Disposition: Open, Options: Synchronous IO Non-Alert, Attributes: n/a, ShareMode: None, AllocationSize: n/a, OpenResult: Opened","SUCCESS"
"2:08:08.4888152 PM","python.exe","78440","QueryInformationVolume","C:\Users\jimpames\Desktop\FESv8-algebraic\migration_toolkit\skeleton_engine","VolumeCreationTime: 5/30/2024 3:01:34 PM, VolumeSerialNumber: 66CA-DF9F, SupportsObjects: True, VolumeLabel: Winᅱ","BUFFER OVERFLOW"
"2:08:08.4888285 PM","python.exe","78440","QueryAllInformationFile","C:\Users\jimpames\Desktop\FESv8-algebraic\migration_toolkit\skeleton_engine","CreationTime: 6/6/2026 6:32:24 AM, LastAccessTime: 6/7/2026 2:08:08 PM, LastWriteTime: 6/6/2026 7:26:23 AM, ChangeTime: 6/6/2026 7:26:23 AM, FileAttributes: D, AllocationSize: 8,192, EndOfFile: 8,192","BUFFER OVERFLOW"
"2:08:08.4888402 PM","python.exe","78440","CloseFile","C:\Users\jimpames\Desktop\FESv8-algebraic\migration_toolkit\skeleton_engine","","SUCCESS"
"2:08:08.4900776 PM","python.exe","78440","CreateFile","C:\Users\jimpames\Desktop\FESv8-algebraic\migration_toolkit\skeleton_engine","Desired Access: Read Attributes, Synchronize, Disposition: Open, Options: Synchronous IO Non-Alert, Attributes: n/a, ShareMode: None, AllocationSize: n/a, OpenResult: Opened","SUCCESS"
"2:08:08.4900999 PM","python.exe","78440","QueryInformationVolume","C:\Users\jimpames\Desktop\FESv8-algebraic\migration_toolkit\skeleton_engine","VolumeCreationTime: 5/30/2024 3:01:34 PM, VolumeSerialNumber: 66CA-DF9F, SupportsObjects: True, VolumeLabel: Winხ","BUFFER OVERFLOW"
"2:08:08.4901108 PM","python.exe","78440","QueryAllInformationFile","C:\Users\jimpames\Desktop\FESv8-algebraic\migration_toolkit\skeleton_engine","CreationTime: 6/6/2026 6:32:24 AM, LastAccessTime: 6/7/2026 2:08:08 PM, LastWriteTime: 6/6/2026 7:26:23 AM, ChangeTime: 6/6/2026 7:26:23 AM, FileAttributes: D, AllocationSize: 8,192, EndOfFile: 8,192","BUFFER OVERFLOW"
"2:08:08.4901231 PM","python.exe","78440","CloseFile","C:\Users\jimpames\Desktop\FESv8-algebraic\migration_toolkit\skeleton_engine","","SUCCESS"
"2:08:08.4914115 PM","python.exe","78440","CreateFile","C:\Users\jimpames\Desktop\FESv8-algebraic\migration_toolkit\skeleton_engine","Desired Access: Read Attributes, Synchronize, Disposition: Open, Options: Synchronous IO Non-Alert, Attributes: n/a, ShareMode: None, AllocationSize: n/a, OpenResult: Opened","SUCCESS"
"2:08:08.4914465 PM","python.exe","78440","QueryInformationVolume","C:\Users\jimpames\Desktop\FESv8-algebraic\migration_toolkit\skeleton_engine","VolumeCreationTime: 5/30/2024 3:01:34 PM, VolumeSerialNumber: 66CA-DF9F, SupportsObjects: True, VolumeLabel: Winᅱ","BUFFER OVERFLOW"
"2:08:08.4914772 PM","python.exe","78440","QueryAllInformationFile","C:\Users\jimpames\Desktop\FESv8-algebraic\migration_toolkit\skeleton_engine","CreationTime: 6/6/2026 6:32:24 AM, LastAccessTime: 6/7/2026 2:08:08 PM, LastWriteTime: 6/6/2026 7:26:23 AM, ChangeTime: 6/6/2026 7:26:23 AM, FileAttributes: D, AllocationSize: 8,192, EndOfFile: 8,192","BUFFER OVERFLOW"
"2:08:08.4914974 PM","python.exe","78440","CloseFile","C:\Users\jimpames\Desktop\FESv8-algebraic\migration_toolkit\skeleton_engine","","SUCCESS"
"2:08:08.4933832 PM","python.exe","78440","CreateFile","C:\Users\jimpames\Desktop\FESv8-algebraic\migration_toolkit\skeleton_engine","Desired Access: Read Attributes, Synchronize, Disposition: Open, Options: Synchronous IO Non-Alert, Attributes: n/a, ShareMode: None, AllocationSize: n/a, OpenResult: Opened","SUCCESS"
"2:08:08.4934073 PM","python.exe","78440","QueryInformationVolume","C:\Users\jimpames\Desktop\FESv8-algebraic\migration_toolkit\skeleton_engine","VolumeCreationTime: 5/30/2024 3:01:34 PM, VolumeSerialNumber: 66CA-DF9F, SupportsObjects: True, VolumeLabel: Winᅱ","BUFFER OVERFLOW"
"2:08:08.4934184 PM","python.exe","78440","QueryAllInformationFile","C:\Users\jimpames\Desktop\FESv8-algebraic\migration_toolkit\skeleton_engine","CreationTime: 6/6/2026 6:32:24 AM, LastAccessTime: 6/7/2026 2:08:08 PM, LastWriteTime: 6/6/2026 7:26:23 AM, ChangeTime: 6/6/2026 7:26:23 AM, FileAttributes: D, AllocationSize: 8,192, EndOfFile: 8,192","BUFFER OVERFLOW"
"2:08:08.4934309 PM","python.exe","78440","CloseFile","C:\Users\jimpames\Desktop\FESv8-algebraic\migration_toolkit\skeleton_engine","","SUCCESS"
"2:08:08.4953358 PM","python.exe","78440","CreateFile","C:\Users\jimpames\Desktop\FESv8-algebraic\migration_toolkit\skeleton_engine","Desired Access: Read Attributes, Synchronize, Disposition: Open, Options: Synchronous IO Non-Alert, Attributes: n/a, ShareMode: None, AllocationSize: n/a, OpenResult: Opened","SUCCESS"
"2:08:08.4953645 PM","python.exe","78440","QueryInformationVolume","C:\Users\jimpames\Desktop\FESv8-algebraic\migration_toolkit\skeleton_engine","VolumeCreationTime: 5/30/2024 3:01:34 PM, VolumeSerialNumber: 66CA-DF9F, SupportsObjects: True, VolumeLabel: Winᅱ","BUFFER OVERFLOW"
"2:08:08.4953787 PM","python.exe","78440","QueryAllInformationFile","C:\Users\jimpames\Desktop\FESv8-algebraic\migration_toolkit\skeleton_engine","CreationTime: 6/6/2026 6:32:24 AM, LastAccessTime: 6/7/2026 2:08:08 PM, LastWriteTime: 6/6/2026 7:26:23 AM, ChangeTime: 6/6/2026 7:26:23 AM, FileAttributes: D, AllocationSize: 8,192, EndOfFile: 8,192","BUFFER OVERFLOW"
"2:08:08.4954009 PM","python.exe","78440","CloseFile","C:\Users\jimpames\Desktop\FESv8-algebraic\migration_toolkit\skeleton_engine","","SUCCESS"
"2:08:08.4966506 PM","python.exe","78440","CreateFile","C:\Users\jimpames\Desktop\FESv8-algebraic\migration_toolkit\skeleton_engine","Desired Access: Read Attributes, Synchronize, Disposition: Open, Options: Synchronous IO Non-Alert, Attributes: n/a, ShareMode: None, AllocationSize: n/a, OpenResult: Opened","SUCCESS"
"2:08:08.4966777 PM","python.exe","78440","QueryInformationVolume","C:\Users\jimpames\Desktop\FESv8-algebraic\migration_toolkit\skeleton_engine","VolumeCreationTime: 5/30/2024 3:01:34 PM, VolumeSerialNumber: 66CA-DF9F, SupportsObjects: True, VolumeLabel: Winᅱ","BUFFER OVERFLOW"
"2:08:08.4966918 PM","python.exe","78440","QueryAllInformationFile","C:\Users\jimpames\Desktop\FESv8-algebraic\migration_toolkit\skeleton_engine","CreationTime: 6/6/2026 6:32:24 AM, LastAccessTime: 6/7/2026 2:08:08 PM, LastWriteTime: 6/6/2026 7:26:23 AM, ChangeTime: 6/6/2026 7:26:23 AM, FileAttributes: D, AllocationSize: 8,192, EndOfFile: 8,192","BUFFER OVERFLOW"
"2:08:08.4967108 PM","python.exe","78440","CloseFile","C:\Users\jimpames\Desktop\FESv8-algebraic\migration_toolkit\skeleton_engine","","SUCCESS"
"2:08:08.4983100 PM","python.exe","78440","CreateFile","C:\Users\jimpames\Desktop\FESv8-algebraic\migration_toolkit\skeleton_engine","Desired Access: Read Attributes, Synchronize, Disposition: Open, Options: Synchronous IO Non-Alert, Attributes: n/a, ShareMode: None, AllocationSize: n/a, OpenResult: Opened","SUCCESS"
"2:08:08.4983358 PM","python.exe","78440","QueryInformationVolume","C:\Users\jimpames\Desktop\FESv8-algebraic\migration_toolkit\skeleton_engine","VolumeCreationTime: 5/30/2024 3:01:34 PM, VolumeSerialNumber: 66CA-DF9F, SupportsObjects: True, VolumeLabel: Winፃ","BUFFER OVERFLOW"
"2:08:08.4983479 PM","python.exe","78440","QueryAllInformationFile","C:\Users\jimpames\Desktop\FESv8-algebraic\migration_toolkit\skeleton_engine","CreationTime: 6/6/2026 6:32:24 AM, LastAccessTime: 6/7/2026 2:08:08 PM, LastWriteTime: 6/6/2026 7:26:23 AM, ChangeTime: 6/6/2026 7:26:23 AM, FileAttributes: D, AllocationSize: 8,192, EndOfFile: 8,192","BUFFER OVERFLOW"
"2:08:08.4983605 PM","python.exe","78440","CloseFile","C:\Users\jimpames\Desktop\FESv8-algebraic\migration_toolkit\skeleton_engine","","SUCCESS"
"2:08:08.4996447 PM","python.exe","78440","CreateFile","C:\Users\jimpames\Desktop\FESv8-algebraic\migration_toolkit\skeleton_engine","Desired Access: Read Attributes, Synchronize, Disposition: Open, Options: Synchronous IO Non-Alert, Attributes: n/a, ShareMode: None, AllocationSize: n/a, OpenResult: Opened","SUCCESS"
"2:08:08.4996665 PM","python.exe","78440","QueryInformationVolume","C:\Users\jimpames\Desktop\FESv8-algebraic\migration_toolkit\skeleton_engine","VolumeCreationTime: 5/30/2024 3:01:34 PM, VolumeSerialNumber: 66CA-DF9F, SupportsObjects: True, VolumeLabel: Winხ","BUFFER OVERFLOW"
"2:08:08.4996786 PM","python.exe","78440","QueryAllInformationFile","C:\Users\jimpames\Desktop\FESv8-algebraic\migration_toolkit\skeleton_engine","CreationTime: 6/6/2026 6:32:24 AM, LastAccessTime: 6/7/2026 2:08:08 PM, LastWriteTime: 6/6/2026 7:26:23 AM, ChangeTime: 6/6/2026 7:26:23 AM, FileAttributes: D, AllocationSize: 8,192, EndOfFile: 8,192","BUFFER OVERFLOW"
"2:08:08.4996916 PM","python.exe","78440","CloseFile","C:\Users\jimpames\Desktop\FESv8-algebraic\migration_toolkit\skeleton_engine","","SUCCESS"
"2:08:08.5012653 PM","python.exe","78440","CreateFile","C:\Users\jimpames\Desktop\FESv8-algebraic\migration_toolkit\skeleton_engine","Desired Access: Read Attributes, Synchronize, Disposition: Open, Options: Synchronous IO Non-Alert, Attributes: n/a, ShareMode: None, AllocationSize: n/a, OpenResult: Opened","SUCCESS"
"2:08:08.5013000 PM","python.exe","78440","QueryInformationVolume","C:\Users\jimpames\Desktop\FESv8-algebraic\migration_toolkit\skeleton_engine","VolumeCreationTime: 5/30/2024 3:01:34 PM, VolumeSerialNumber: 66CA-DF9F, SupportsObjects: True, VolumeLabel: Winᅱ","BUFFER OVERFLOW"
"2:08:08.5013147 PM","python.exe","78440","QueryAllInformationFile","C:\Users\jimpames\Desktop\FESv8-algebraic\migration_toolkit\skeleton_engine","CreationTime: 6/6/2026 6:32:24 AM, LastAccessTime: 6/7/2026 2:08:08 PM, LastWriteTime: 6/6/2026 7:26:23 AM, ChangeTime: 6/6/2026 7:26:23 AM, FileAttributes: D, AllocationSize: 8,192, EndOfFile: 8,192","BUFFER OVERFLOW"
"2:08:08.5013302 PM","python.exe","78440","CloseFile","C:\Users\jimpames\Desktop\FESv8-algebraic\migration_toolkit\skeleton_engine","","SUCCESS"
"2:08:08.5026662 PM","python.exe","78440","CreateFile","C:\Users\jimpames\Desktop\FESv8-algebraic\migration_toolkit\skeleton_engine","Desired Access: Read Attributes, Synchronize, Disposition: Open, Options: Synchronous IO Non-Alert, Attributes: n/a, ShareMode: None, AllocationSize: n/a, OpenResult: Opened","SUCCESS"
"2:08:08.5026933 PM","python.exe","78440","QueryInformationVolume","C:\Users\jimpames\Desktop\FESv8-algebraic\migration_toolkit\skeleton_engine","VolumeCreationTime: 5/30/2024 3:01:34 PM, VolumeSerialNumber: 66CA-DF9F, SupportsObjects: True, VolumeLabel: Winፃ","BUFFER OVERFLOW"
"2:08:08.5027073 PM","python.exe","78440","QueryAllInformationFile","C:\Users\jimpames\Desktop\FESv8-algebraic\migration_toolkit\skeleton_engine","CreationTime: 6/6/2026 6:32:24 AM, LastAccessTime: 6/7/2026 2:08:08 PM, LastWriteTime: 6/6/2026 7:26:23 AM, ChangeTime: 6/6/2026 7:26:23 AM, FileAttributes: D, AllocationSize: 8,192, EndOfFile: 8,192","BUFFER OVERFLOW"
"2:08:08.5027225 PM","python.exe","78440","CloseFile","C:\Users\jimpames\Desktop\FESv8-algebraic\migration_toolkit\skeleton_engine","","SUCCESS"
"2:08:08.5040736 PM","python.exe","78440","CreateFile","C:\Users\jimpames\Desktop\FESv8-algebraic\migration_toolkit\skeleton_engine","Desired Access: Read Attributes, Synchronize, Disposition: Open, Options: Synchronous IO Non-Alert, Attributes: n/a, ShareMode: None, AllocationSize: n/a, OpenResult: Opened","SUCCESS"
"2:08:08.5041042 PM","python.exe","78440","QueryInformationVolume","C:\Users\jimpames\Desktop\FESv8-algebraic\migration_toolkit\skeleton_engine","VolumeCreationTime: 5/30/2024 3:01:34 PM, VolumeSerialNumber: 66CA-DF9F, SupportsObjects: True, VolumeLabel: Winፃ","BUFFER OVERFLOW"
"2:08:08.5041187 PM","python.exe","78440","QueryAllInformationFile","C:\Users\jimpames\Desktop\FESv8-algebraic\migration_toolkit\skeleton_engine","CreationTime: 6/6/2026 6:32:24 AM, LastAccessTime: 6/7/2026 2:08:08 PM, LastWriteTime: 6/6/2026 7:26:23 AM, ChangeTime: 6/6/2026 7:26:23 AM, FileAttributes: D, AllocationSize: 8,192, EndOfFile: 8,192","BUFFER OVERFLOW"
"2:08:08.5041341 PM","python.exe","78440","CloseFile","C:\Users\jimpames\Desktop\FESv8-algebraic\migration_toolkit\skeleton_engine","","SUCCESS"
"2:08:08.5064068 PM","python.exe","78440","CreateFile","C:\Users\jimpames\Desktop\FESv8-algebraic\migration_toolkit\skeleton_engine","Desired Access: Read Attributes, Synchronize, Disposition: Open, Options: Synchronous IO Non-Alert, Attributes: n/a, ShareMode: None, AllocationSize: n/a, OpenResult: Opened","SUCCESS"
"2:08:08.5064416 PM","python.exe","78440","QueryInformationVolume","C:\Users\jimpames\Desktop\FESv8-algebraic\migration_toolkit\skeleton_engine","VolumeCreationTime: 5/30/2024 3:01:34 PM, VolumeSerialNumber: 66CA-DF9F, SupportsObjects: True, VolumeLabel: Winხ","BUFFER OVERFLOW"
"2:08:08.5064564 PM","python.exe","78440","QueryAllInformationFile","C:\Users\jimpames\Desktop\FESv8-algebraic\migration_toolkit\skeleton_engine","CreationTime: 6/6/2026 6:32:24 AM, LastAccessTime: 6/7/2026 2:08:08 PM, LastWriteTime: 6/6/2026 7:26:23 AM, ChangeTime: 6/6/2026 7:26:23 AM, FileAttributes: D, AllocationSize: 8,192, EndOfFile: 8,192","BUFFER OVERFLOW"
"2:08:08.5064713 PM","python.exe","78440","CloseFile","C:\Users\jimpames\Desktop\FESv8-algebraic\migration_toolkit\skeleton_engine","","SUCCESS"
"2:08:08.5078149 PM","python.exe","78440","CreateFile","C:\Users\jimpames\Desktop\FESv8-algebraic\migration_toolkit\skeleton_engine","Desired Access: Read Attributes, Synchronize, Disposition: Open, Options: Synchronous IO Non-Alert, Attributes: n/a, ShareMode: None, AllocationSize: n/a, OpenResult: Opened","SUCCESS"
"2:08:08.5078386 PM","python.exe","78440","QueryInformationVolume","C:\Users\jimpames\Desktop\FESv8-algebraic\migration_toolkit\skeleton_engine","VolumeCreationTime: 5/30/2024 3:01:34 PM, VolumeSerialNumber: 66CA-DF9F, SupportsObjects: True, VolumeLabel: Winፃ","BUFFER OVERFLOW"
"2:08:08.5078541 PM","python.exe","78440","QueryAllInformationFile","C:\Users\jimpames\Desktop\FESv8-algebraic\migration_toolkit\skeleton_engine","CreationTime: 6/6/2026 6:32:24 AM, LastAccessTime: 6/7/2026 2:08:08 PM, LastWriteTime: 6/6/2026 7:26:23 AM, ChangeTime: 6/6/2026 7:26:23 AM, FileAttributes: D, AllocationSize: 8,192, EndOfFile: 8,192","BUFFER OVERFLOW"
"2:08:08.5078707 PM","python.exe","78440","CloseFile","C:\Users\jimpames\Desktop\FESv8-algebraic\migration_toolkit\skeleton_engine","","SUCCESS"
"2:08:08.5100547 PM","python.exe","78440","CreateFile","C:\Users\jimpames\Desktop\FESv8-algebraic\migration_toolkit\skeleton_engine","Desired Access: Read Attributes, Synchronize, Disposition: Open, Options: Synchronous IO Non-Alert, Attributes: n/a, ShareMode: None, AllocationSize: n/a, OpenResult: Opened","SUCCESS"
"2:08:08.5100802 PM","python.exe","78440","QueryInformationVolume","C:\Users\jimpames\Desktop\FESv8-algebraic\migration_toolkit\skeleton_engine","VolumeCreationTime: 5/30/2024 3:01:34 PM, VolumeSerialNumber: 66CA-DF9F, SupportsObjects: True, VolumeLabel: Winፃ","BUFFER OVERFLOW"
"2:08:08.5100906 PM","python.exe","78440","QueryAllInformationFile","C:\Users\jimpames\Desktop\FESv8-algebraic\migration_toolkit\skeleton_engine","CreationTime: 6/6/2026 6:32:24 AM, LastAccessTime: 6/7/2026 2:08:08 PM, LastWriteTime: 6/6/2026 7:26:23 AM, ChangeTime: 6/6/2026 7:26:23 AM, FileAttributes: D, AllocationSize: 8,192, EndOfFile: 8,192","BUFFER OVERFLOW"
"2:08:08.5101426 PM","python.exe","78440","CloseFile","C:\Users\jimpames\Desktop\FESv8-algebraic\migration_toolkit\skeleton_engine","","SUCCESS"
"2:08:08.5158159 PM","python.exe","78440","CreateFile","C:\Users\jimpames\Desktop\FESv8-algebraic\migration_toolkit\skeleton_engine","Desired Access: Read Attributes, Synchronize, Disposition: Open, Options: Synchronous IO Non-Alert, Attributes: n/a, ShareMode: None, AllocationSize: n/a, OpenResult: Opened","SUCCESS"
"2:08:08.5158416 PM","python.exe","78440","QueryInformationVolume","C:\Users\jimpames\Desktop\FESv8-algebraic\migration_toolkit\skeleton_engine","VolumeCreationTime: 5/30/2024 3:01:34 PM, VolumeSerialNumber: 66CA-DF9F, SupportsObjects: True, VolumeLabel: Winፃ","BUFFER OVERFLOW"
"2:08:08.5158517 PM","python.exe","78440","QueryAllInformationFile","C:\Users\jimpames\Desktop\FESv8-algebraic\migration_toolkit\skeleton_engine","CreationTime: 6/6/2026 6:32:24 AM, LastAccessTime: 6/7/2026 2:08:08 PM, LastWriteTime: 6/6/2026 7:26:23 AM, ChangeTime: 6/6/2026 7:26:23 AM, FileAttributes: D, AllocationSize: 8,192, EndOfFile: 8,192","BUFFER OVERFLOW"
"2:08:08.5158628 PM","python.exe","78440","CloseFile","C:\Users\jimpames\Desktop\FESv8-algebraic\migration_toolkit\skeleton_engine","","SUCCESS"
"2:08:08.5173956 PM","python.exe","78440","CreateFile","C:\Users\jimpames\Desktop\FESv8-algebraic\migration_toolkit\skeleton_engine","Desired Access: Read Attributes, Synchronize, Disposition: Open, Options: Synchronous IO Non-Alert, Attributes: n/a, ShareMode: None, AllocationSize: n/a, OpenResult: Opened","SUCCESS"
"2:08:08.5174282 PM","python.exe","78440","QueryInformationVolume","C:\Users\jimpames\Desktop\FESv8-algebraic\migration_toolkit\skeleton_engine","VolumeCreationTime: 5/30/2024 3:01:34 PM, VolumeSerialNumber: 66CA-DF9F, SupportsObjects: True, VolumeLabel: Winፃ","BUFFER OVERFLOW"
"2:08:08.5174451 PM","python.exe","78440","QueryAllInformationFile","C:\Users\jimpames\Desktop\FESv8-algebraic\migration_toolkit\skeleton_engine","CreationTime: 6/6/2026 6:32:24 AM, LastAccessTime: 6/7/2026 2:08:08 PM, LastWriteTime: 6/6/2026 7:26:23 AM, ChangeTime: 6/6/2026 7:26:23 AM, FileAttributes: D, AllocationSize: 8,192, EndOfFile: 8,192","BUFFER OVERFLOW"
"2:08:08.5174626 PM","python.exe","78440","CloseFile","C:\Users\jimpames\Desktop\FESv8-algebraic\migration_toolkit\skeleton_engine","","SUCCESS"
"2:08:08.5188146 PM","python.exe","78440","CreateFile","C:\Users\jimpames\Desktop\FESv8-algebraic\migration_toolkit\skeleton_engine","Desired Access: Read Attributes, Synchronize, Disposition: Open, Options: Synchronous IO Non-Alert, Attributes: n/a, ShareMode: None, AllocationSize: n/a, OpenResult: Opened","SUCCESS"
"2:08:08.5188382 PM","python.exe","78440","QueryInformationVolume","C:\Users\jimpames\Desktop\FESv8-algebraic\migration_toolkit\skeleton_engine","VolumeCreationTime: 5/30/2024 3:01:34 PM, VolumeSerialNumber: 66CA-DF9F, SupportsObjects: True, VolumeLabel: Winፃ","BUFFER OVERFLOW"
"2:08:08.5188488 PM","python.exe","78440","QueryAllInformationFile","C:\Users\jimpames\Desktop\FESv8-algebraic\migration_toolkit\skeleton_engine","CreationTime: 6/6/2026 6:32:24 AM, LastAccessTime: 6/7/2026 2:08:08 PM, LastWriteTime: 6/6/2026 7:26:23 AM, ChangeTime: 6/6/2026 7:26:23 AM, FileAttributes: D, AllocationSize: 8,192, EndOfFile: 8,192","BUFFER OVERFLOW"
"2:08:08.5188605 PM","python.exe","78440","CloseFile","C:\Users\jimpames\Desktop\FESv8-algebraic\migration_toolkit\skeleton_engine","","SUCCESS"
"2:08:08.5202783 PM","python.exe","78440","CreateFile","C:\Users\jimpames\Desktop\FESv8-algebraic\migration_toolkit\skeleton_engine","Desired Access: Read Attributes, Synchronize, Disposition: Open, Options: Synchronous IO Non-Alert, Attributes: n/a, ShareMode: None, AllocationSize: n/a, OpenResult: Opened","SUCCESS"
"2:08:08.5203045 PM","python.exe","78440","QueryInformationVolume","C:\Users\jimpames\Desktop\FESv8-algebraic\migration_toolkit\skeleton_engine","VolumeCreationTime: 5/30/2024 3:01:34 PM, VolumeSerialNumber: 66CA-DF9F, SupportsObjects: True, VolumeLabel: Winᅱ","BUFFER OVERFLOW"
"2:08:08.5203144 PM","python.exe","78440","QueryAllInformationFile","C:\Users\jimpames\Desktop\FESv8-algebraic\migration_toolkit\skeleton_engine","CreationTime: 6/6/2026 6:32:24 AM, LastAccessTime: 6/7/2026 2:08:08 PM, LastWriteTime: 6/6/2026 7:26:23 AM, ChangeTime: 6/6/2026 7:26:23 AM, FileAttributes: D, AllocationSize: 8,192, EndOfFile: 8,192","BUFFER OVERFLOW"
"2:08:08.5203255 PM","python.exe","78440","CloseFile","C:\Users\jimpames\Desktop\FESv8-algebraic\migration_toolkit\skeleton_engine","","SUCCESS"
"2:08:08.5220742 PM","python.exe","78440","CreateFile","C:\Users\jimpames\Desktop\FESv8-algebraic\migration_toolkit\skeleton_engine","Desired Access: Read Attributes, Synchronize, Disposition: Open, Options: Synchronous IO Non-Alert, Attributes: n/a, ShareMode: None, AllocationSize: n/a, OpenResult: Opened","SUCCESS"
"2:08:08.5221050 PM","python.exe","78440","QueryInformationVolume","C:\Users\jimpames\Desktop\FESv8-algebraic\migration_toolkit\skeleton_engine","VolumeCreationTime: 5/30/2024 3:01:34 PM, VolumeSerialNumber: 66CA-DF9F, SupportsObjects: True, VolumeLabel: Winᅱ","BUFFER OVERFLOW"
"2:08:08.5221217 PM","python.exe","78440","QueryAllInformationFile","C:\Users\jimpames\Desktop\FESv8-algebraic\migration_toolkit\skeleton_engine","CreationTime: 6/6/2026 6:32:24 AM, LastAccessTime: 6/7/2026 2:08:08 PM, LastWriteTime: 6/6/2026 7:26:23 AM, ChangeTime: 6/6/2026 7:26:23 AM, FileAttributes: D, AllocationSize: 8,192, EndOfFile: 8,192","BUFFER OVERFLOW"
"2:08:08.5221420 PM","python.exe","78440","CloseFile","C:\Users\jimpames\Desktop\FESv8-algebraic\migration_toolkit\skeleton_engine","","SUCCESS"
"2:08:08.5259058 PM","python.exe","78440","CreateFile","C:\Users\jimpames\Desktop\FESv8-algebraic\migration_toolkit\skeleton_engine","Desired Access: Read Attributes, Synchronize, Disposition: Open, Options: Synchronous IO Non-Alert, Attributes: n/a, ShareMode: None, AllocationSize: n/a, OpenResult: Opened","SUCCESS"
"2:08:08.5259327 PM","python.exe","78440","QueryInformationVolume","C:\Users\jimpames\Desktop\FESv8-algebraic\migration_toolkit\skeleton_engine","VolumeCreationTime: 5/30/2024 3:01:34 PM, VolumeSerialNumber: 66CA-DF9F, SupportsObjects: True, VolumeLabel: Winፃ","BUFFER OVERFLOW"
"2:08:08.5259443 PM","python.exe","78440","QueryAllInformationFile","C:\Users\jimpames\Desktop\FESv8-algebraic\migration_toolkit\skeleton_engine","CreationTime: 6/6/2026 6:32:24 AM, LastAccessTime: 6/7/2026 2:08:08 PM, LastWriteTime: 6/6/2026 7:26:23 AM, ChangeTime: 6/6/2026 7:26:23 AM, FileAttributes: D, AllocationSize: 8,192, EndOfFile: 8,192","BUFFER OVERFLOW"
"2:08:08.5259564 PM","python.exe","78440","CloseFile","C:\Users\jimpames\Desktop\FESv8-algebraic\migration_toolkit\skeleton_engine","","SUCCESS"
"2:08:08.5319622 PM","python.exe","78440","CreateFile","C:\Users\jimpames\Desktop\FESv8-algebraic\migration_toolkit\skeleton_engine","Desired Access: Read Attributes, Synchronize, Disposition: Open, Options: Synchronous IO Non-Alert, Attributes: n/a, ShareMode: None, AllocationSize: n/a, OpenResult: Opened","SUCCESS"
"2:08:08.5319891 PM","python.exe","78440","QueryInformationVolume","C:\Users\jimpames\Desktop\FESv8-algebraic\migration_toolkit\skeleton_engine","VolumeCreationTime: 5/30/2024 3:01:34 PM, VolumeSerialNumber: 66CA-DF9F, SupportsObjects: True, VolumeLabel: Winხ","BUFFER OVERFLOW"
"2:08:08.5320018 PM","python.exe","78440","QueryAllInformationFile","C:\Users\jimpames\Desktop\FESv8-algebraic\migration_toolkit\skeleton_engine","CreationTime: 6/6/2026 6:32:24 AM, LastAccessTime: 6/7/2026 2:08:08 PM, LastWriteTime: 6/6/2026 7:26:23 AM, ChangeTime: 6/6/2026 7:26:23 AM, FileAttributes: D, AllocationSize: 8,192, EndOfFile: 8,192","BUFFER OVERFLOW"
"2:08:08.5320159 PM","python.exe","78440","CloseFile","C:\Users\jimpames\Desktop\FESv8-algebraic\migration_toolkit\skeleton_engine","","SUCCESS"
"2:08:08.5353710 PM","python.exe","78440","CreateFile","C:\Users\jimpames\Desktop\FESv8-algebraic\migration_toolkit\skeleton_engine","Desired Access: Read Attributes, Synchronize, Disposition: Open, Options: Synchronous IO Non-Alert, Attributes: n/a, ShareMode: None, AllocationSize: n/a, OpenResult: Opened","SUCCESS"
"2:08:08.5353968 PM","python.exe","78440","QueryInformationVolume","C:\Users\jimpames\Desktop\FESv8-algebraic\migration_toolkit\skeleton_engine","VolumeCreationTime: 5/30/2024 3:01:34 PM, VolumeSerialNumber: 66CA-DF9F, SupportsObjects: True, VolumeLabel: Winᅱ","BUFFER OVERFLOW"
"2:08:08.5354079 PM","python.exe","78440","QueryAllInformationFile","C:\Users\jimpames\Desktop\FESv8-algebraic\migration_toolkit\skeleton_engine","CreationTime: 6/6/2026 6:32:24 AM, LastAccessTime: 6/7/2026 2:08:08 PM, LastWriteTime: 6/6/2026 7:26:23 AM, ChangeTime: 6/6/2026 7:26:23 AM, FileAttributes: D, AllocationSize: 8,192, EndOfFile: 8,192","BUFFER OVERFLOW"
"2:08:08.5354361 PM","python.exe","78440","CloseFile","C:\Users\jimpames\Desktop\FESv8-algebraic\migration_toolkit\skeleton_engine","","SUCCESS"
"2:08:08.5385243 PM","python.exe","78440","CreateFile","C:\Users\jimpames\Desktop\FESv8-algebraic\migration_toolkit\skeleton_engine","Desired Access: Read Attributes, Synchronize, Disposition: Open, Options: Synchronous IO Non-Alert, Attributes: n/a, ShareMode: None, AllocationSize: n/a, OpenResult: Opened","SUCCESS"
"2:08:08.5385573 PM","python.exe","78440","QueryInformationVolume","C:\Users\jimpames\Desktop\FESv8-algebraic\migration_toolkit\skeleton_engine","VolumeCreationTime: 5/30/2024 3:01:34 PM, VolumeSerialNumber: 66CA-DF9F, SupportsObjects: True, VolumeLabel: Winፃ","BUFFER OVERFLOW"
"2:08:08.5385737 PM","python.exe","78440","QueryAllInformationFile","C:\Users\jimpames\Desktop\FESv8-algebraic\migration_toolkit\skeleton_engine","CreationTime: 6/6/2026 6:32:24 AM, LastAccessTime: 6/7/2026 2:08:08 PM, LastWriteTime: 6/6/2026 7:26:23 AM, ChangeTime: 6/6/2026 7:26:23 AM, FileAttributes: D, AllocationSize: 8,192, EndOfFile: 8,192","BUFFER OVERFLOW"
"2:08:08.5385923 PM","python.exe","78440","CloseFile","C:\Users\jimpames\Desktop\FESv8-algebraic\migration_toolkit\skeleton_engine","","SUCCESS"
"2:08:08.5402622 PM","python.exe","78440","CreateFile","C:\Users\jimpames\Desktop\FESv8-algebraic\migration_toolkit\skeleton_engine","Desired Access: Read Attributes, Synchronize, Disposition: Open, Options: Synchronous IO Non-Alert, Attributes: n/a, ShareMode: None, AllocationSize: n/a, OpenResult: Opened","SUCCESS"
"2:08:08.5402867 PM","python.exe","78440","QueryInformationVolume","C:\Users\jimpames\Desktop\FESv8-algebraic\migration_toolkit\skeleton_engine","VolumeCreationTime: 5/30/2024 3:01:34 PM, VolumeSerialNumber: 66CA-DF9F, SupportsObjects: True, VolumeLabel: Winፃ","BUFFER OVERFLOW"
"2:08:08.5402986 PM","python.exe","78440","QueryAllInformationFile","C:\Users\jimpames\Desktop\FESv8-algebraic\migration_toolkit\skeleton_engine","CreationTime: 6/6/2026 6:32:24 AM, LastAccessTime: 6/7/2026 2:08:08 PM, LastWriteTime: 6/6/2026 7:26:23 AM, ChangeTime: 6/6/2026 7:26:23 AM, FileAttributes: D, AllocationSize: 8,192, EndOfFile: 8,192","BUFFER OVERFLOW"
"2:08:08.5403133 PM","python.exe","78440","CloseFile","C:\Users\jimpames\Desktop\FESv8-algebraic\migration_toolkit\skeleton_engine","","SUCCESS"
"2:08:08.5418325 PM","python.exe","78440","CreateFile","C:\Users\jimpames\Desktop\FESv8-algebraic\migration_toolkit\skeleton_engine","Desired Access: Read Attributes, Synchronize, Disposition: Open, Options: Synchronous IO Non-Alert, Attributes: n/a, ShareMode: None, AllocationSize: n/a, OpenResult: Opened","SUCCESS"
"2:08:08.5418826 PM","python.exe","78440","QueryInformationVolume","C:\Users\jimpames\Desktop\FESv8-algebraic\migration_toolkit\skeleton_engine","VolumeCreationTime: 5/30/2024 3:01:34 PM, VolumeSerialNumber: 66CA-DF9F, SupportsObjects: True, VolumeLabel: Winᅱ","BUFFER OVERFLOW"
"2:08:08.5419002 PM","python.exe","78440","QueryAllInformationFile","C:\Users\jimpames\Desktop\FESv8-algebraic\migration_toolkit\skeleton_engine","CreationTime: 6/6/2026 6:32:24 AM, LastAccessTime: 6/7/2026 2:08:08 PM, LastWriteTime: 6/6/2026 7:26:23 AM, ChangeTime: 6/6/2026 7:26:23 AM, FileAttributes: D, AllocationSize: 8,192, EndOfFile: 8,192","BUFFER OVERFLOW"
"2:08:08.5419208 PM","python.exe","78440","CloseFile","C:\Users\jimpames\Desktop\FESv8-algebraic\migration_toolkit\skeleton_engine","","SUCCESS"
"2:08:08.5435671 PM","python.exe","78440","CreateFile","C:\Users\jimpames\Desktop\FESv8-algebraic\migration_toolkit\skeleton_engine","Desired Access: Read Attributes, Synchronize, Disposition: Open, Options: Synchronous IO Non-Alert, Attributes: n/a, ShareMode: None, AllocationSize: n/a, OpenResult: Opened","SUCCESS"
"2:08:08.5436053 PM","python.exe","78440","QueryInformationVolume","C:\Users\jimpames\Desktop\FESv8-algebraic\migration_toolkit\skeleton_engine","VolumeCreationTime: 5/30/2024 3:01:34 PM, VolumeSerialNumber: 66CA-DF9F, SupportsObjects: True, VolumeLabel: Winፃ","BUFFER OVERFLOW"
"2:08:08.5436230 PM","python.exe","78440","QueryAllInformationFile","C:\Users\jimpames\Desktop\FESv8-algebraic\migration_toolkit\skeleton_engine","CreationTime: 6/6/2026 6:32:24 AM, LastAccessTime: 6/7/2026 2:08:08 PM, LastWriteTime: 6/6/2026 7:26:23 AM, ChangeTime: 6/6/2026 7:26:23 AM, FileAttributes: D, AllocationSize: 8,192, EndOfFile: 8,192","BUFFER OVERFLOW"
"2:08:08.5436415 PM","python.exe","78440","CloseFile","C:\Users\jimpames\Desktop\FESv8-algebraic\migration_toolkit\skeleton_engine","","SUCCESS"
"2:08:08.5450194 PM","python.exe","78440","CreateFile","C:\Users\jimpames\Desktop\FESv8-algebraic\migration_toolkit\skeleton_engine","Desired Access: Read Attributes, Synchronize, Disposition: Open, Options: Synchronous IO Non-Alert, Attributes: n/a, ShareMode: None, AllocationSize: n/a, OpenResult: Opened","SUCCESS"
"2:08:08.5450538 PM","python.exe","78440","QueryInformationVolume","C:\Users\jimpames\Desktop\FESv8-algebraic\migration_toolkit\skeleton_engine","VolumeCreationTime: 5/30/2024 3:01:34 PM, VolumeSerialNumber: 66CA-DF9F, SupportsObjects: True, VolumeLabel: Winፃ","BUFFER OVERFLOW"
"2:08:08.5450720 PM","python.exe","78440","QueryAllInformationFile","C:\Users\jimpames\Desktop\FESv8-algebraic\migration_toolkit\skeleton_engine","CreationTime: 6/6/2026 6:32:24 AM, LastAccessTime: 6/7/2026 2:08:08 PM, LastWriteTime: 6/6/2026 7:26:23 AM, ChangeTime: 6/6/2026 7:26:23 AM, FileAttributes: D, AllocationSize: 8,192, EndOfFile: 8,192","BUFFER OVERFLOW"
"2:08:08.5450911 PM","python.exe","78440","CloseFile","C:\Users\jimpames\Desktop\FESv8-algebraic\migration_toolkit\skeleton_engine","","SUCCESS"
"2:08:08.5467647 PM","python.exe","78440","CreateFile","C:\Users\jimpames\Desktop\FESv8-algebraic\migration_toolkit\skeleton_engine","Desired Access: Read Attributes, Synchronize, Disposition: Open, Options: Synchronous IO Non-Alert, Attributes: n/a, ShareMode: None, AllocationSize: n/a, OpenResult: Opened","SUCCESS"
"2:08:08.5467966 PM","python.exe","78440","QueryInformationVolume","C:\Users\jimpames\Desktop\FESv8-algebraic\migration_toolkit\skeleton_engine","VolumeCreationTime: 5/30/2024 3:01:34 PM, VolumeSerialNumber: 66CA-DF9F, SupportsObjects: True, VolumeLabel: Winፃ","BUFFER OVERFLOW"
"2:08:08.5468109 PM","python.exe","78440","QueryAllInformationFile","C:\Users\jimpames\Desktop\FESv8-algebraic\migration_toolkit\skeleton_engine","CreationTime: 6/6/2026 6:32:24 AM, LastAccessTime: 6/7/2026 2:08:08 PM, LastWriteTime: 6/6/2026 7:26:23 AM, ChangeTime: 6/6/2026 7:26:23 AM, FileAttributes: D, AllocationSize: 8,192, EndOfFile: 8,192","BUFFER OVERFLOW"
"2:08:08.5468260 PM","python.exe","78440","CloseFile","C:\Users\jimpames\Desktop\FESv8-algebraic\migration_toolkit\skeleton_engine","","SUCCESS"
"2:08:08.5484131 PM","python.exe","78440","CreateFile","C:\Users\jimpames\Desktop\FESv8-algebraic\migration_toolkit\skeleton_engine","Desired Access: Read Attributes, Synchronize, Disposition: Open, Options: Synchronous IO Non-Alert, Attributes: n/a, ShareMode: None, AllocationSize: n/a, OpenResult: Opened","SUCCESS"
"2:08:08.5484384 PM","python.exe","78440","QueryInformationVolume","C:\Users\jimpames\Desktop\FESv8-algebraic\migration_toolkit\skeleton_engine","VolumeCreationTime: 5/30/2024 3:01:34 PM, VolumeSerialNumber: 66CA-DF9F, SupportsObjects: True, VolumeLabel: Winხ","BUFFER OVERFLOW"
"2:08:08.5484491 PM","python.exe","78440","QueryAllInformationFile","C:\Users\jimpames\Desktop\FESv8-algebraic\migration_toolkit\skeleton_engine","CreationTime: 6/6/2026 6:32:24 AM, LastAccessTime: 6/7/2026 2:08:08 PM, LastWriteTime: 6/6/2026 7:26:23 AM, ChangeTime: 6/6/2026 7:26:23 AM, FileAttributes: D, AllocationSize: 8,192, EndOfFile: 8,192","BUFFER OVERFLOW"
"2:08:08.5484599 PM","python.exe","78440","CloseFile","C:\Users\jimpames\Desktop\FESv8-algebraic\migration_toolkit\skeleton_engine","","SUCCESS"
"2:08:08.5501247 PM","python.exe","78440","CreateFile","C:\Users\jimpames\Desktop\FESv8-algebraic\migration_toolkit\skeleton_engine","Desired Access: Read Attributes, Synchronize, Disposition: Open, Options: Synchronous IO Non-Alert, Attributes: n/a, ShareMode: None, AllocationSize: n/a, OpenResult: Opened","SUCCESS"
"2:08:08.5501481 PM","python.exe","78440","QueryInformationVolume","C:\Users\jimpames\Desktop\FESv8-algebraic\migration_toolkit\skeleton_engine","VolumeCreationTime: 5/30/2024 3:01:34 PM, VolumeSerialNumber: 66CA-DF9F, SupportsObjects: True, VolumeLabel: Win","BUFFER OVERFLOW"
"2:08:08.5501622 PM","python.exe","78440","QueryAllInformationFile","C:\Users\jimpames\Desktop\FESv8-algebraic\migration_toolkit\skeleton_engine","CreationTime: 6/6/2026 6:32:24 AM, LastAccessTime: 6/7/2026 2:08:08 PM, LastWriteTime: 6/6/2026 7:26:23 AM, ChangeTime: 6/6/2026 7:26:23 AM, FileAttributes: D, AllocationSize: 8,192, EndOfFile: 8,192","BUFFER OVERFLOW"
"2:08:08.5501735 PM","python.exe","78440","CloseFile","C:\Users\jimpames\Desktop\FESv8-algebraic\migration_toolkit\skeleton_engine","","SUCCESS"
"2:08:08.5514720 PM","python.exe","78440","CreateFile","C:\Users\jimpames\Desktop\FESv8-algebraic\migration_toolkit\skeleton_engine","Desired Access: Read Attributes, Synchronize, Disposition: Open, Options: Synchronous IO Non-Alert, Attributes: n/a, ShareMode: None, AllocationSize: n/a, OpenResult: Opened","SUCCESS"
"2:08:08.5514935 PM","python.exe","78440","QueryInformationVolume","C:\Users\jimpames\Desktop\FESv8-algebraic\migration_toolkit\skeleton_engine","VolumeCreationTime: 5/30/2024 3:01:34 PM, VolumeSerialNumber: 66CA-DF9F, SupportsObjects: True, VolumeLabel: Winፃ","BUFFER OVERFLOW"
"2:08:08.5515036 PM","python.exe","78440","QueryAllInformationFile","C:\Users\jimpames\Desktop\FESv8-algebraic\migration_toolkit\skeleton_engine","CreationTime: 6/6/2026 6:32:24 AM, LastAccessTime: 6/7/2026 2:08:08 PM, LastWriteTime: 6/6/2026 7:26:23 AM, ChangeTime: 6/6/2026 7:26:23 AM, FileAttributes: D, AllocationSize: 8,192, EndOfFile: 8,192","BUFFER OVERFLOW"
"2:08:08.5515152 PM","python.exe","78440","CloseFile","C:\Users\jimpames\Desktop\FESv8-algebraic\migration_toolkit\skeleton_engine","","SUCCESS"
"2:08:08.5529892 PM","python.exe","78440","CreateFile","C:\Users\jimpames\Desktop\FESv8-algebraic\migration_toolkit\skeleton_engine","Desired Access: Read Attributes, Synchronize, Disposition: Open, Options: Synchronous IO Non-Alert, Attributes: n/a, ShareMode: None, AllocationSize: n/a, OpenResult: Opened","SUCCESS"
"2:08:08.5530209 PM","python.exe","78440","QueryInformationVolume","C:\Users\jimpames\Desktop\FESv8-algebraic\migration_toolkit\skeleton_engine","VolumeCreationTime: 5/30/2024 3:01:34 PM, VolumeSerialNumber: 66CA-DF9F, SupportsObjects: True, VolumeLabel: Winፃ","BUFFER OVERFLOW"
"2:08:08.5530339 PM","python.exe","78440","QueryAllInformationFile","C:\Users\jimpames\Desktop\FESv8-algebraic\migration_toolkit\skeleton_engine","CreationTime: 6/6/2026 6:32:24 AM, LastAccessTime: 6/7/2026 2:08:08 PM, LastWriteTime: 6/6/2026 7:26:23 AM, ChangeTime: 6/6/2026 7:26:23 AM, FileAttributes: D, AllocationSize: 8,192, EndOfFile: 8,192","BUFFER OVERFLOW"
"2:08:08.5530454 PM","python.exe","78440","CloseFile","C:\Users\jimpames\Desktop\FESv8-algebraic\migration_toolkit\skeleton_engine","","SUCCESS"
"2:08:08.5542460 PM","python.exe","78440","CreateFile","C:\Users\jimpames\Desktop\FESv8-algebraic\migration_toolkit\skeleton_engine","Desired Access: Read Attributes, Synchronize, Disposition: Open, Options: Synchronous IO Non-Alert, Attributes: n/a, ShareMode: None, AllocationSize: n/a, OpenResult: Opened","SUCCESS"
"2:08:08.5542774 PM","python.exe","78440","QueryInformationVolume","C:\Users\jimpames\Desktop\FESv8-algebraic\migration_toolkit\skeleton_engine","VolumeCreationTime: 5/30/2024 3:01:34 PM, VolumeSerialNumber: 66CA-DF9F, SupportsObjects: True, VolumeLabel: Winᅱ","BUFFER OVERFLOW"
"2:08:08.5542960 PM","python.exe","78440","QueryAllInformationFile","C:\Users\jimpames\Desktop\FESv8-algebraic\migration_toolkit\skeleton_engine","CreationTime: 6/6/2026 6:32:24 AM, LastAccessTime: 6/7/2026 2:08:08 PM, LastWriteTime: 6/6/2026 7:26:23 AM, ChangeTime: 6/6/2026 7:26:23 AM, FileAttributes: D, AllocationSize: 8,192, EndOfFile: 8,192","BUFFER OVERFLOW"
"2:08:08.5543198 PM","python.exe","78440","CloseFile","C:\Users\jimpames\Desktop\FESv8-algebraic\migration_toolkit\skeleton_engine","","SUCCESS"
"2:08:08.5556275 PM","python.exe","78440","CreateFile","C:\Users\jimpames\Desktop\FESv8-algebraic\migration_toolkit\skeleton_engine","Desired Access: Read Attributes, Synchronize, Disposition: Open, Options: Synchronous IO Non-Alert, Attributes: n/a, ShareMode: None, AllocationSize: n/a, OpenResult: Opened","SUCCESS"
"2:08:08.5556599 PM","python.exe","78440","QueryInformationVolume","C:\Users\jimpames\Desktop\FESv8-algebraic\migration_toolkit\skeleton_engine","VolumeCreationTime: 5/30/2024 3:01:34 PM, VolumeSerialNumber: 66CA-DF9F, SupportsObjects: True, VolumeLabel: Winፃ","BUFFER OVERFLOW"
"2:08:08.5556756 PM","python.exe","78440","QueryAllInformationFile","C:\Users\jimpames\Desktop\FESv8-algebraic\migration_toolkit\skeleton_engine","CreationTime: 6/6/2026 6:32:24 AM, LastAccessTime: 6/7/2026 2:08:08 PM, LastWriteTime: 6/6/2026 7:26:23 AM, ChangeTime: 6/6/2026 7:26:23 AM, FileAttributes: D, AllocationSize: 8,192, EndOfFile: 8,192","BUFFER OVERFLOW"
"2:08:08.5556893 PM","python.exe","78440","CloseFile","C:\Users\jimpames\Desktop\FESv8-algebraic\migration_toolkit\skeleton_engine","","SUCCESS"
"2:08:08.5591270 PM","python.exe","78440","CreateFile","C:\Users\jimpames\Desktop\FESv8-algebraic\migration_toolkit\skeleton_engine","Desired Access: Read Attributes, Synchronize, Disposition: Open, Options: Synchronous IO Non-Alert, Attributes: n/a, ShareMode: None, AllocationSize: n/a, OpenResult: Opened","SUCCESS"
"2:08:08.5591617 PM","python.exe","78440","QueryInformationVolume","C:\Users\jimpames\Desktop\FESv8-algebraic\migration_toolkit\skeleton_engine","VolumeCreationTime: 5/30/2024 3:01:34 PM, VolumeSerialNumber: 66CA-DF9F, SupportsObjects: True, VolumeLabel: Winፃ","BUFFER OVERFLOW"
"2:08:08.5591738 PM","python.exe","78440","QueryAllInformationFile","C:\Users\jimpames\Desktop\FESv8-algebraic\migration_toolkit\skeleton_engine","CreationTime: 6/6/2026 6:32:24 AM, LastAccessTime: 6/7/2026 2:08:08 PM, LastWriteTime: 6/6/2026 7:26:23 AM, ChangeTime: 6/6/2026 7:26:23 AM, FileAttributes: D, AllocationSize: 8,192, EndOfFile: 8,192","BUFFER OVERFLOW"
"2:08:08.5591855 PM","python.exe","78440","CloseFile","C:\Users\jimpames\Desktop\FESv8-algebraic\migration_toolkit\skeleton_engine","","SUCCESS"
"2:08:08.5611473 PM","python.exe","78440","CreateFile","C:\Users\jimpames\Desktop\FESv8-algebraic\migration_toolkit\skeleton_engine","Desired Access: Read Attributes, Synchronize, Disposition: Open, Options: Synchronous IO Non-Alert, Attributes: n/a, ShareMode: None, AllocationSize: n/a, OpenResult: Opened","SUCCESS"
"2:08:08.5611727 PM","python.exe","78440","QueryInformationVolume","C:\Users\jimpames\Desktop\FESv8-algebraic\migration_toolkit\skeleton_engine","VolumeCreationTime: 5/30/2024 3:01:34 PM, VolumeSerialNumber: 66CA-DF9F, SupportsObjects: True, VolumeLabel: Win","BUFFER OVERFLOW"
"2:08:08.5611832 PM","python.exe","78440","QueryAllInformationFile","C:\Users\jimpames\Desktop\FESv8-algebraic\migration_toolkit\skeleton_engine","CreationTime: 6/6/2026 6:32:24 AM, LastAccessTime: 6/7/2026 2:08:08 PM, LastWriteTime: 6/6/2026 7:26:23 AM, ChangeTime: 6/6/2026 7:26:23 AM, FileAttributes: D, AllocationSize: 8,192, EndOfFile: 8,192","BUFFER OVERFLOW"
"2:08:08.5611992 PM","python.exe","78440","CloseFile","C:\Users\jimpames\Desktop\FESv8-algebraic\migration_toolkit\skeleton_engine","","SUCCESS"
"2:08:08.5626832 PM","python.exe","78440","CreateFile","C:\Users\jimpames\Desktop\FESv8-algebraic\migration_toolkit\skeleton_engine","Desired Access: Read Attributes, Synchronize, Disposition: Open, Options: Synchronous IO Non-Alert, Attributes: n/a, ShareMode: None, AllocationSize: n/a, OpenResult: Opened","SUCCESS"
"2:08:08.5627209 PM","python.exe","78440","QueryInformationVolume","C:\Users\jimpames\Desktop\FESv8-algebraic\migration_toolkit\skeleton_engine","VolumeCreationTime: 5/30/2024 3:01:34 PM, VolumeSerialNumber: 66CA-DF9F, SupportsObjects: True, VolumeLabel: Winᅱ","BUFFER OVERFLOW"
"2:08:08.5627376 PM","python.exe","78440","QueryAllInformationFile","C:\Users\jimpames\Desktop\FESv8-algebraic\migration_toolkit\skeleton_engine","CreationTime: 6/6/2026 6:32:24 AM, LastAccessTime: 6/7/2026 2:08:08 PM, LastWriteTime: 6/6/2026 7:26:23 AM, ChangeTime: 6/6/2026 7:26:23 AM, FileAttributes: D, AllocationSize: 8,192, EndOfFile: 8,192","BUFFER OVERFLOW"
"2:08:08.5627556 PM","python.exe","78440","CloseFile","C:\Users\jimpames\Desktop\FESv8-algebraic\migration_toolkit\skeleton_engine","","SUCCESS"
"2:08:08.5639486 PM","python.exe","78440","CreateFile","C:\Users\jimpames\Desktop\FESv8-algebraic\migration_toolkit\skeleton_engine","Desired Access: Read Attributes, Synchronize, Disposition: Open, Options: Synchronous IO Non-Alert, Attributes: n/a, ShareMode: None, AllocationSize: n/a, OpenResult: Opened","SUCCESS"
"2:08:08.5639704 PM","python.exe","78440","QueryInformationVolume","C:\Users\jimpames\Desktop\FESv8-algebraic\migration_toolkit\skeleton_engine","VolumeCreationTime: 5/30/2024 3:01:34 PM, VolumeSerialNumber: 66CA-DF9F, SupportsObjects: True, VolumeLabel: Winხ","BUFFER OVERFLOW"
"2:08:08.5639856 PM","python.exe","78440","QueryAllInformationFile","C:\Users\jimpames\Desktop\FESv8-algebraic\migration_toolkit\skeleton_engine","CreationTime: 6/6/2026 6:32:24 AM, LastAccessTime: 6/7/2026 2:08:08 PM, LastWriteTime: 6/6/2026 7:26:23 AM, ChangeTime: 6/6/2026 7:26:23 AM, FileAttributes: D, AllocationSize: 8,192, EndOfFile: 8,192","BUFFER OVERFLOW"
"2:08:08.5639984 PM","python.exe","78440","CloseFile","C:\Users\jimpames\Desktop\FESv8-algebraic\migration_toolkit\skeleton_engine","","SUCCESS"
"2:08:08.5653590 PM","python.exe","78440","CreateFile","C:\Users\jimpames\Desktop\FESv8-algebraic\migration_toolkit\skeleton_engine","Desired Access: Read Attributes, Synchronize, Disposition: Open, Options: Synchronous IO Non-Alert, Attributes: n/a, ShareMode: None, AllocationSize: n/a, OpenResult: Opened","SUCCESS"
"2:08:08.5653850 PM","python.exe","78440","QueryInformationVolume","C:\Users\jimpames\Desktop\FESv8-algebraic\migration_toolkit\skeleton_engine","VolumeCreationTime: 5/30/2024 3:01:34 PM, VolumeSerialNumber: 66CA-DF9F, SupportsObjects: True, VolumeLabel: Winፃ","BUFFER OVERFLOW"
"2:08:08.5653973 PM","python.exe","78440","QueryAllInformationFile","C:\Users\jimpames\Desktop\FESv8-algebraic\migration_toolkit\skeleton_engine","CreationTime: 6/6/2026 6:32:24 AM, LastAccessTime: 6/7/2026 2:08:08 PM, LastWriteTime: 6/6/2026 7:26:23 AM, ChangeTime: 6/6/2026 7:26:23 AM, FileAttributes: D, AllocationSize: 8,192, EndOfFile: 8,192","BUFFER OVERFLOW"
"2:08:08.5654105 PM","python.exe","78440","CloseFile","C:\Users\jimpames\Desktop\FESv8-algebraic\migration_toolkit\skeleton_engine","","SUCCESS"
"2:08:08.5669995 PM","python.exe","78440","CreateFile","C:\Users\jimpames\Desktop\FESv8-algebraic\migration_toolkit\skeleton_engine","Desired Access: Read Attributes, Synchronize, Disposition: Open, Options: Synchronous IO Non-Alert, Attributes: n/a, ShareMode: None, AllocationSize: n/a, OpenResult: Opened","SUCCESS"
"2:08:08.5670283 PM","python.exe","78440","QueryInformationVolume","C:\Users\jimpames\Desktop\FESv8-algebraic\migration_toolkit\skeleton_engine","VolumeCreationTime: 5/30/2024 3:01:34 PM, VolumeSerialNumber: 66CA-DF9F, SupportsObjects: True, VolumeLabel: Winፃ","BUFFER OVERFLOW"
"2:08:08.5670433 PM","python.exe","78440","QueryAllInformationFile","C:\Users\jimpames\Desktop\FESv8-algebraic\migration_toolkit\skeleton_engine","CreationTime: 6/6/2026 6:32:24 AM, LastAccessTime: 6/7/2026 2:08:08 PM, LastWriteTime: 6/6/2026 7:26:23 AM, ChangeTime: 6/6/2026 7:26:23 AM, FileAttributes: D, AllocationSize: 8,192, EndOfFile: 8,192","BUFFER OVERFLOW"
"2:08:08.5670599 PM","python.exe","78440","CloseFile","C:\Users\jimpames\Desktop\FESv8-algebraic\migration_toolkit\skeleton_engine","","SUCCESS"
"2:08:08.5682669 PM","python.exe","78440","CreateFile","C:\Users\jimpames\Desktop\FESv8-algebraic\migration_toolkit\skeleton_engine","Desired Access: Read Attributes, Synchronize, Disposition: Open, Options: Synchronous IO Non-Alert, Attributes: n/a, ShareMode: None, AllocationSize: n/a, OpenResult: Opened","SUCCESS"
"2:08:08.5682964 PM","python.exe","78440","QueryInformationVolume","C:\Users\jimpames\Desktop\FESv8-algebraic\migration_toolkit\skeleton_engine","VolumeCreationTime: 5/30/2024 3:01:34 PM, VolumeSerialNumber: 66CA-DF9F, SupportsObjects: True, VolumeLabel: Winᅱ","BUFFER OVERFLOW"
"2:08:08.5683204 PM","python.exe","78440","QueryAllInformationFile","C:\Users\jimpames\Desktop\FESv8-algebraic\migration_toolkit\skeleton_engine","CreationTime: 6/6/2026 6:32:24 AM, LastAccessTime: 6/7/2026 2:08:08 PM, LastWriteTime: 6/6/2026 7:26:23 AM, ChangeTime: 6/6/2026 7:26:23 AM, FileAttributes: D, AllocationSize: 8,192, EndOfFile: 8,192","BUFFER OVERFLOW"
"2:08:08.5683377 PM","python.exe","78440","CloseFile","C:\Users\jimpames\Desktop\FESv8-algebraic\migration_toolkit\skeleton_engine","","SUCCESS"
"2:08:08.6070144 PM","python.exe","78440","CreateFile","C:\Users\jimpames\Desktop\FESv8-algebraic\migration_toolkit\skeleton_engine","Desired Access: Read Attributes, Synchronize, Disposition: Open, Options: Synchronous IO Non-Alert, Attributes: n/a, ShareMode: None, AllocationSize: n/a, OpenResult: Opened","SUCCESS"
"2:08:08.6070444 PM","python.exe","78440","QueryInformationVolume","C:\Users\jimpames\Desktop\FESv8-algebraic\migration_toolkit\skeleton_engine","VolumeCreationTime: 5/30/2024 3:01:34 PM, VolumeSerialNumber: 66CA-DF9F, SupportsObjects: True, VolumeLabel: Winხ","BUFFER OVERFLOW"
"2:08:08.6070557 PM","python.exe","78440","QueryAllInformationFile","C:\Users\jimpames\Desktop\FESv8-algebraic\migration_toolkit\skeleton_engine","CreationTime: 6/6/2026 6:32:24 AM, LastAccessTime: 6/7/2026 2:08:08 PM, LastWriteTime: 6/6/2026 7:26:23 AM, ChangeTime: 6/6/2026 7:26:23 AM, FileAttributes: D, AllocationSize: 8,192, EndOfFile: 8,192","BUFFER OVERFLOW"
"2:08:08.6070770 PM","python.exe","78440","CloseFile","C:\Users\jimpames\Desktop\FESv8-algebraic\migration_toolkit\skeleton_engine","","SUCCESS"
"2:08:08.6297692 PM","SearchProtocolHost.exe","23224","CreateFile","C:\Users\jimpames\Desktop\FESv8-algebraic\migration_toolkit\skeleton_engine\output","Desired Access: Read Attributes, Synchronize, Disposition: Open, Options: Synchronous IO Non-Alert, Non-Directory File, Attributes: n/a, ShareMode: Read, Write, AllocationSize: n/a","IS DIRECTORY"
"2:08:08.6298660 PM","SearchProtocolHost.exe","23224","CreateFile","C:\Users\jimpames\Desktop\FESv8-algebraic\migration_toolkit\skeleton_engine\output","Desired Access: Read Attributes, Synchronize, Disposition: Open, Options: Synchronous IO Non-Alert, Open Reparse Point, Attributes: N, ShareMode: Read, Write, AllocationSize: n/a, OpenResult: Opened","SUCCESS"
"2:08:08.6298846 PM","SearchProtocolHost.exe","23224","FileSystemControl","C:\Users\jimpames\Desktop\FESv8-algebraic\migration_toolkit\skeleton_engine\output","Control: FSCTL_GET_REPARSE_POINT","NOT REPARSE POINT"
"2:08:08.6298951 PM","SearchProtocolHost.exe","23224","CloseFile","C:\Users\jimpames\Desktop\FESv8-algebraic\migration_toolkit\skeleton_engine\output","","SUCCESS"
"2:08:08.6299543 PM","SearchProtocolHost.exe","23224","CreateFile","C:\Users\jimpames\Desktop\FESv8-algebraic\migration_toolkit\skeleton_engine\output","Desired Access: Read Attributes, Synchronize, Disposition: Open, Options: Synchronous IO Non-Alert, Attributes: n/a, ShareMode: Read, Write, AllocationSize: n/a, OpenResult: Opened","SUCCESS"
"2:08:08.6299699 PM","SearchProtocolHost.exe","23224","CloseFile","C:\Users\jimpames\Desktop\FESv8-algebraic\migration_toolkit\skeleton_engine\output","","SUCCESS"
"2:08:08.6300258 PM","SearchProtocolHost.exe","23224","CreateFile","C:\Users\jimpames\Desktop\FESv8-algebraic\migration_toolkit\skeleton_engine\output","Desired Access: Read Attributes, Synchronize, Disposition: Open, Options: Synchronous IO Alert, Attributes: n/a, ShareMode: Read, Write, AllocationSize: n/a, OpenResult: Opened","SUCCESS"
"2:08:08.6300541 PM","SearchProtocolHost.exe","23224","DeviceIoControl","C:\Users\jimpames\Desktop\FESv8-algebraic\migration_toolkit\skeleton_engine\output","Control: IOCTL_MOUNTDEV_QUERY_DEVICE_NAME","INVALID PARAMETER"
"2:08:08.6300637 PM","SearchProtocolHost.exe","23224","CloseFile","C:\Users\jimpames\Desktop\FESv8-algebraic\migration_toolkit\skeleton_engine\output","","SUCCESS"
"2:08:08.6301328 PM","SearchProtocolHost.exe","23224","CreateFile","C:\Users\jimpames\Desktop\FESv8-algebraic\migration_toolkit\skeleton_engine\output","Desired Access: Read Attributes, Synchronize, Disposition: Open, Options: Synchronous IO Non-Alert, Open Reparse Point, Attributes: N, ShareMode: Read, Write, AllocationSize: n/a, OpenResult: Opened","SUCCESS"
"2:08:08.6301474 PM","SearchProtocolHost.exe","23224","FileSystemControl","C:\Users\jimpames\Desktop\FESv8-algebraic\migration_toolkit\skeleton_engine\output","Control: FSCTL_GET_REPARSE_POINT","NOT REPARSE POINT"
"2:08:08.6301549 PM","SearchProtocolHost.exe","23224","CloseFile","C:\Users\jimpames\Desktop\FESv8-algebraic\migration_toolkit\skeleton_engine\output","","SUCCESS"
"2:08:08.6302096 PM","SearchProtocolHost.exe","23224","CreateFile","C:\Users\jimpames\Desktop\FESv8-algebraic\migration_toolkit\skeleton_engine","Desired Access: Read Attributes, Synchronize, Disposition: Open, Options: Synchronous IO Non-Alert, Non-Directory File, Attributes: n/a, ShareMode: Read, Write, AllocationSize: n/a","IS DIRECTORY"
"2:08:08.6302542 PM","SearchProtocolHost.exe","23224","CreateFile","C:\Users\jimpames\Desktop\FESv8-algebraic\migration_toolkit\skeleton_engine","Desired Access: Read Attributes, Synchronize, Disposition: Open, Options: Synchronous IO Non-Alert, Open Reparse Point, Attributes: N, ShareMode: Read, Write, AllocationSize: n/a, OpenResult: Opened","SUCCESS"
"2:08:08.6302648 PM","SearchProtocolHost.exe","23224","FileSystemControl","C:\Users\jimpames\Desktop\FESv8-algebraic\migration_toolkit\skeleton_engine","Control: FSCTL_GET_REPARSE_POINT","NOT REPARSE POINT"
"2:08:08.6302709 PM","SearchProtocolHost.exe","23224","CloseFile","C:\Users\jimpames\Desktop\FESv8-algebraic\migration_toolkit\skeleton_engine","","SUCCESS"
"2:08:08.6303142 PM","SearchProtocolHost.exe","23224","CreateFile","C:\Users\jimpames\Desktop\FESv8-algebraic\migration_toolkit\skeleton_engine","Desired Access: Read Attributes, Synchronize, Disposition: Open, Options: Synchronous IO Non-Alert, Attributes: n/a, ShareMode: Read, Write, AllocationSize: n/a, OpenResult: Opened","SUCCESS"
"2:08:08.6303247 PM","SearchProtocolHost.exe","23224","CloseFile","C:\Users\jimpames\Desktop\FESv8-algebraic\migration_toolkit\skeleton_engine","","SUCCESS"
"2:08:08.6303784 PM","SearchProtocolHost.exe","23224","CreateFile","C:\Users\jimpames\Desktop\FESv8-algebraic\migration_toolkit\skeleton_engine","Desired Access: Read Attributes, Synchronize, Disposition: Open, Options: Synchronous IO Alert, Attributes: n/a, ShareMode: Read, Write, AllocationSize: n/a, OpenResult: Opened","SUCCESS"
"2:08:08.6304001 PM","SearchProtocolHost.exe","23224","DeviceIoControl","C:\Users\jimpames\Desktop\FESv8-algebraic\migration_toolkit\skeleton_engine","Control: IOCTL_MOUNTDEV_QUERY_DEVICE_NAME","INVALID PARAMETER"
"2:08:08.6304057 PM","SearchProtocolHost.exe","23224","CloseFile","C:\Users\jimpames\Desktop\FESv8-algebraic\migration_toolkit\skeleton_engine","","SUCCESS"
"2:08:08.6304509 PM","SearchProtocolHost.exe","23224","CreateFile","C:\Users\jimpames\Desktop\FESv8-algebraic\migration_toolkit\skeleton_engine","Desired Access: Read Attributes, Synchronize, Disposition: Open, Options: Synchronous IO Non-Alert, Open Reparse Point, Attributes: N, ShareMode: Read, Write, AllocationSize: n/a, OpenResult: Opened","SUCCESS"
"2:08:08.6304606 PM","SearchProtocolHost.exe","23224","FileSystemControl","C:\Users\jimpames\Desktop\FESv8-algebraic\migration_toolkit\skeleton_engine","Control: FSCTL_GET_REPARSE_POINT","NOT REPARSE POINT"
"2:08:08.6304663 PM","SearchProtocolHost.exe","23224","CloseFile","C:\Users\jimpames\Desktop\FESv8-algebraic\migration_toolkit\skeleton_engine","","SUCCESS"
"2:08:08.6305168 PM","SearchProtocolHost.exe","23224","CreateFile","C:\Users\jimpames\Desktop\FESv8-algebraic\migration_toolkit","Desired Access: Read Attributes, Synchronize, Disposition: Open, Options: Synchronous IO Non-Alert, Non-Directory File, Attributes: n/a, ShareMode: Read, Write, AllocationSize: n/a","IS DIRECTORY"
"2:08:08.6305554 PM","SearchProtocolHost.exe","23224","CreateFile","C:\Users\jimpames\Desktop\FESv8-algebraic\migration_toolkit","Desired Access: Read Attributes, Synchronize, Disposition: Open, Options: Synchronous IO Non-Alert, Open Reparse Point, Attributes: N, ShareMode: Read, Write, AllocationSize: n/a, OpenResult: Opened","SUCCESS"
"2:08:08.6305658 PM","SearchProtocolHost.exe","23224","FileSystemControl","C:\Users\jimpames\Desktop\FESv8-algebraic\migration_toolkit","Control: FSCTL_GET_REPARSE_POINT","NOT REPARSE POINT"
"2:08:08.6305720 PM","SearchProtocolHost.exe","23224","CloseFile","C:\Users\jimpames\Desktop\FESv8-algebraic\migration_toolkit","","SUCCESS"
"2:08:08.6306175 PM","SearchProtocolHost.exe","23224","CreateFile","C:\Users\jimpames\Desktop\FESv8-algebraic\migration_toolkit","Desired Access: Read Attributes, Synchronize, Disposition: Open, Options: Synchronous IO Non-Alert, Attributes: n/a, ShareMode: Read, Write, AllocationSize: n/a, OpenResult: Opened","SUCCESS"
"2:08:08.6306337 PM","SearchProtocolHost.exe","23224","CloseFile","C:\Users\jimpames\Desktop\FESv8-algebraic\migration_toolkit","","SUCCESS"
"2:08:08.6306918 PM","SearchProtocolHost.exe","23224","CreateFile","C:\Users\jimpames\Desktop\FESv8-algebraic\migration_toolkit","Desired Access: Read Attributes, Synchronize, Disposition: Open, Options: Synchronous IO Alert, Attributes: n/a, ShareMode: Read, Write, AllocationSize: n/a, OpenResult: Opened","SUCCESS"
"2:08:08.6307137 PM","SearchProtocolHost.exe","23224","DeviceIoControl","C:\Users\jimpames\Desktop\FESv8-algebraic\migration_toolkit","Control: IOCTL_MOUNTDEV_QUERY_DEVICE_NAME","INVALID PARAMETER"
"2:08:08.6307220 PM","SearchProtocolHost.exe","23224","CloseFile","C:\Users\jimpames\Desktop\FESv8-algebraic\migration_toolkit","","SUCCESS"
"2:08:08.6307825 PM","SearchProtocolHost.exe","23224","CreateFile","C:\Users\jimpames\Desktop\FESv8-algebraic\migration_toolkit","Desired Access: Read Attributes, Synchronize, Disposition: Open, Options: Synchronous IO Non-Alert, Open Reparse Point, Attributes: N, ShareMode: Read, Write, AllocationSize: n/a, OpenResult: Opened","SUCCESS"
"2:08:08.6307964 PM","SearchProtocolHost.exe","23224","FileSystemControl","C:\Users\jimpames\Desktop\FESv8-algebraic\migration_toolkit","Control: FSCTL_GET_REPARSE_POINT","NOT REPARSE POINT"
"2:08:08.6308062 PM","SearchProtocolHost.exe","23224","CloseFile","C:\Users\jimpames\Desktop\FESv8-algebraic\migration_toolkit","","SUCCESS"
"2:08:08.6829138 PM","python.exe","78440","CreateFile","C:\Users\jimpames\Desktop\FESv8-algebraic\migration_toolkit\skeleton_engine\output","Desired Access: Read Data/List Directory, Synchronize, Disposition: Create, Options: Directory, Synchronous IO Non-Alert, Open Reparse Point, Attributes: N, ShareMode: Read, Write, AllocationSize: 0","NAME COLLISION"
"2:08:08.6830377 PM","python.exe","78440","CreateFile","C:\Users\jimpames\Desktop\FESv8-algebraic\migration_toolkit\skeleton_engine\output","Desired Access: Read Attributes, Synchronize, Disposition: Open, Options: Synchronous IO Non-Alert, Attributes: n/a, ShareMode: None, AllocationSize: n/a, OpenResult: Opened","SUCCESS"
"2:08:08.6830606 PM","python.exe","78440","QueryInformationVolume","C:\Users\jimpames\Desktop\FESv8-algebraic\migration_toolkit\skeleton_engine\output","VolumeCreationTime: 5/30/2024 3:01:34 PM, VolumeSerialNumber: 66CA-DF9F, SupportsObjects: True, VolumeLabel: Winᅱ","BUFFER OVERFLOW"
"2:08:08.6830789 PM","python.exe","78440","QueryAllInformationFile","C:\Users\jimpames\Desktop\FESv8-algebraic\migration_toolkit\skeleton_engine\output","CreationTime: 6/6/2026 6:32:24 AM, LastAccessTime: 6/7/2026 2:08:08 PM, LastWriteTime: 6/6/2026 11:46:05 AM, ChangeTime: 6/6/2026 11:46:05 AM, FileAttributes: D, AllocationSize: 4,096, EndOfFile: 4,096","BUFFER OVERFLOW"
"2:08:08.6830983 PM","python.exe","78440","CloseFile","C:\Users\jimpames\Desktop\FESv8-algebraic\migration_toolkit\skeleton_engine\output","","SUCCESS"
"2:08:08.7223999 PM","python.exe","78440","CloseFile","C:\Users\jimpames\Desktop\FESv8-algebraic\migration_toolkit","","SUCCESS"
"2:08:08.7249644 PM","python.exe","38584","CloseFile","C:\Users\jimpames\Desktop\FESv8-algebraic\migration_toolkit","","SUCCESS"
"2:08:08.7262325 PM","python.exe","35508","CreateFile","C:\Users\jimpames\Desktop\FESv8-algebraic\migration_toolkit","Desired Access: Read Attributes, Disposition: Open, Options: Open Reparse Point, Attributes: n/a, ShareMode: Read, Write, Delete, AllocationSize: n/a, OpenResult: Opened","SUCCESS"
"2:08:08.7262544 PM","python.exe","35508","QueryBasicInformationFile","C:\Users\jimpames\Desktop\FESv8-algebraic\migration_toolkit","CreationTime: 6/6/2026 6:32:22 AM, LastAccessTime: 6/7/2026 2:08:08 PM, LastWriteTime: 6/6/2026 7:26:22 AM, ChangeTime: 6/6/2026 7:26:22 AM, FileAttributes: D","SUCCESS"
"2:08:08.7262622 PM","python.exe","35508","CloseFile","C:\Users\jimpames\Desktop\FESv8-algebraic\migration_toolkit","","SUCCESS"
"2:08:08.7333252 PM","python.exe","86064","CreateFile","C:\Users\jimpames\Desktop\FESv8-algebraic\migration_toolkit","Desired Access: Execute/Traverse, Synchronize, Disposition: Open, Options: Directory, Synchronous IO Non-Alert, Attributes: n/a, ShareMode: Read, Write, AllocationSize: n/a, OpenResult: Opened","SUCCESS"
"2:08:08.7454334 PM","python.exe","33400","CreateFile","C:\Users\jimpames\Desktop\FESv8-algebraic\migration_toolkit","Desired Access: Execute/Traverse, Synchronize, Disposition: Open, Options: Directory, Synchronous IO Non-Alert, Attributes: n/a, ShareMode: Read, Write, AllocationSize: n/a, OpenResult: Opened","SUCCESS"
"2:08:08.7937204 PM","python.exe","33400","CreateFile","C:\Users\jimpames\Desktop\FESv8-algebraic\migration_toolkit\skeleton_engine","Desired Access: Read Attributes, Synchronize, Disposition: Open, Options: Synchronous IO Non-Alert, Attributes: n/a, ShareMode: None, AllocationSize: n/a, OpenResult: Opened","SUCCESS"
"2:08:08.7937628 PM","python.exe","33400","QueryInformationVolume","C:\Users\jimpames\Desktop\FESv8-algebraic\migration_toolkit\skeleton_engine","VolumeCreationTime: 5/30/2024 3:01:34 PM, VolumeSerialNumber: 66CA-DF9F, SupportsObjects: True, VolumeLabel: Winፅ","BUFFER OVERFLOW"
"2:08:08.7937755 PM","python.exe","33400","QueryAllInformationFile","C:\Users\jimpames\Desktop\FESv8-algebraic\migration_toolkit\skeleton_engine","CreationTime: 6/6/2026 6:32:24 AM, LastAccessTime: 6/7/2026 2:08:08 PM, LastWriteTime: 6/6/2026 7:26:23 AM, ChangeTime: 6/6/2026 7:26:23 AM, FileAttributes: D, AllocationSize: 8,192, EndOfFile: 8,192","BUFFER OVERFLOW"
"2:08:08.7937872 PM","python.exe","33400","CloseFile","C:\Users\jimpames\Desktop\FESv8-algebraic\migration_toolkit\skeleton_engine","","SUCCESS"
"2:08:08.7938779 PM","python.exe","33400","CreateFile","C:\Users\jimpames\Desktop\FESv8-algebraic\migration_toolkit\skeleton_engine","Desired Access: Read Attributes, Synchronize, Disposition: Open, Options: Synchronous IO Non-Alert, Attributes: n/a, ShareMode: None, AllocationSize: n/a, OpenResult: Opened","SUCCESS"
"2:08:08.7938930 PM","python.exe","33400","QueryInformationVolume","C:\Users\jimpames\Desktop\FESv8-algebraic\migration_toolkit\skeleton_engine","VolumeCreationTime: 5/30/2024 3:01:34 PM, VolumeSerialNumber: 66CA-DF9F, SupportsObjects: True, VolumeLabel: Winፅ","BUFFER OVERFLOW"
"2:08:08.7939009 PM","python.exe","33400","QueryAllInformationFile","C:\Users\jimpames\Desktop\FESv8-algebraic\migration_toolkit\skeleton_engine","CreationTime: 6/6/2026 6:32:24 AM, LastAccessTime: 6/7/2026 2:08:08 PM, LastWriteTime: 6/6/2026 7:26:23 AM, ChangeTime: 6/6/2026 7:26:23 AM, FileAttributes: D, AllocationSize: 8,192, EndOfFile: 8,192","BUFFER OVERFLOW"
"2:08:08.7939100 PM","python.exe","33400","CloseFile","C:\Users\jimpames\Desktop\FESv8-algebraic\migration_toolkit\skeleton_engine","","SUCCESS"
"2:08:08.7939965 PM","python.exe","33400","CreateFile","C:\Users\jimpames\Desktop\FESv8-algebraic\migration_toolkit\skeleton_engine","Desired Access: Read Attributes, Synchronize, Disposition: Open, Options: Synchronous IO Non-Alert, Attributes: n/a, ShareMode: None, AllocationSize: n/a, OpenResult: Opened","SUCCESS"
"2:08:08.7940140 PM","python.exe","33400","QueryInformationVolume","C:\Users\jimpames\Desktop\FESv8-algebraic\migration_toolkit\skeleton_engine","VolumeCreationTime: 5/30/2024 3:01:34 PM, VolumeSerialNumber: 66CA-DF9F, SupportsObjects: True, VolumeLabel: Winხ","BUFFER OVERFLOW"
"2:08:08.7940241 PM","python.exe","33400","QueryAllInformationFile","C:\Users\jimpames\Desktop\FESv8-algebraic\migration_toolkit\skeleton_engine","CreationTime: 6/6/2026 6:32:24 AM, LastAccessTime: 6/7/2026 2:08:08 PM, LastWriteTime: 6/6/2026 7:26:23 AM, ChangeTime: 6/6/2026 7:26:23 AM, FileAttributes: D, AllocationSize: 8,192, EndOfFile: 8,192","BUFFER OVERFLOW"
"2:08:08.7940360 PM","python.exe","33400","CloseFile","C:\Users\jimpames\Desktop\FESv8-algebraic\migration_toolkit\skeleton_engine","","SUCCESS"
"2:08:08.7941254 PM","python.exe","33400","CreateFile","C:\Users\jimpames\Desktop\FESv8-algebraic\migration_toolkit\skeleton_engine","Desired Access: Read Data/List Directory, Synchronize, Disposition: Open, Options: Directory, Synchronous IO Non-Alert, Attributes: n/a, ShareMode: Read, Write, Delete, AllocationSize: n/a, OpenResult: Opened","SUCCESS"
"2:08:08.7941714 PM","python.exe","33400","QueryDirectory","C:\Users\jimpames\Desktop\FESv8-algebraic\migration_toolkit\skeleton_engine","FileInformationClass: FileBothDirectoryInformation, 1: .., 2: build_pipeline.py, 3: customer_fidelity_validator.py, 4: immutables_classifier.py, 5: immutables_validator.py, 6: jpa_scrubber.py","SUCCESS"
"2:08:08.7941967 PM","python.exe","33400","QueryDirectory","C:\Users\jimpames\Desktop\FESv8-algebraic\migration_toolkit\skeleton_engine","FileInformationClass: FileBothDirectoryInformation","NO MORE FILES"
"2:08:08.7942049 PM","python.exe","33400","CloseFile","C:\Users\jimpames\Desktop\FESv8-algebraic\migration_toolkit\skeleton_engine","","SUCCESS"
"2:08:08.7953446 PM","python.exe","33400","CreateFile","C:\Users\jimpames\Desktop\FESv8-algebraic\migration_toolkit\skeleton_engine","Desired Access: Read Attributes, Synchronize, Disposition: Open, Options: Synchronous IO Non-Alert, Attributes: n/a, ShareMode: None, AllocationSize: n/a, OpenResult: Opened","SUCCESS"
"2:08:08.7953631 PM","python.exe","33400","QueryInformationVolume","C:\Users\jimpames\Desktop\FESv8-algebraic\migration_toolkit\skeleton_engine","VolumeCreationTime: 5/30/2024 3:01:34 PM, VolumeSerialNumber: 66CA-DF9F, SupportsObjects: True, VolumeLabel: Winხ","BUFFER OVERFLOW"
"2:08:08.7953710 PM","python.exe","33400","QueryAllInformationFile","C:\Users\jimpames\Desktop\FESv8-algebraic\migration_toolkit\skeleton_engine","CreationTime: 6/6/2026 6:32:24 AM, LastAccessTime: 6/7/2026 2:08:08 PM, LastWriteTime: 6/6/2026 7:26:23 AM, ChangeTime: 6/6/2026 7:26:23 AM, FileAttributes: D, AllocationSize: 8,192, EndOfFile: 8,192","BUFFER OVERFLOW"
"2:08:08.7953796 PM","python.exe","33400","CloseFile","C:\Users\jimpames\Desktop\FESv8-algebraic\migration_toolkit\skeleton_engine","","SUCCESS"
"2:08:08.7965924 PM","python.exe","33400","CreateFile","C:\Users\jimpames\Desktop\FESv8-algebraic\migration_toolkit\skeleton_engine","Desired Access: Read Attributes, Synchronize, Disposition: Open, Options: Synchronous IO Non-Alert, Attributes: n/a, ShareMode: None, AllocationSize: n/a, OpenResult: Opened","SUCCESS"
"2:08:08.7966146 PM","python.exe","33400","QueryInformationVolume","C:\Users\jimpames\Desktop\FESv8-algebraic\migration_toolkit\skeleton_engine","VolumeCreationTime: 5/30/2024 3:01:34 PM, VolumeSerialNumber: 66CA-DF9F, SupportsObjects: True, VolumeLabel: Winፅ","BUFFER OVERFLOW"
"2:08:08.7966241 PM","python.exe","33400","QueryAllInformationFile","C:\Users\jimpames\Desktop\FESv8-algebraic\migration_toolkit\skeleton_engine","CreationTime: 6/6/2026 6:32:24 AM, LastAccessTime: 6/7/2026 2:08:08 PM, LastWriteTime: 6/6/2026 7:26:23 AM, ChangeTime: 6/6/2026 7:26:23 AM, FileAttributes: D, AllocationSize: 8,192, EndOfFile: 8,192","BUFFER OVERFLOW"
"2:08:08.7966345 PM","python.exe","33400","CloseFile","C:\Users\jimpames\Desktop\FESv8-algebraic\migration_toolkit\skeleton_engine","","SUCCESS"
"2:08:08.7978470 PM","python.exe","33400","CreateFile","C:\Users\jimpames\Desktop\FESv8-algebraic\migration_toolkit\skeleton_engine","Desired Access: Read Attributes, Synchronize, Disposition: Open, Options: Synchronous IO Non-Alert, Attributes: n/a, ShareMode: None, AllocationSize: n/a, OpenResult: Opened","SUCCESS"
"2:08:08.7978687 PM","python.exe","33400","QueryInformationVolume","C:\Users\jimpames\Desktop\FESv8-algebraic\migration_toolkit\skeleton_engine","VolumeCreationTime: 5/30/2024 3:01:34 PM, VolumeSerialNumber: 66CA-DF9F, SupportsObjects: True, VolumeLabel: Winፅ","BUFFER OVERFLOW"
"2:08:08.7978788 PM","python.exe","33400","QueryAllInformationFile","C:\Users\jimpames\Desktop\FESv8-algebraic\migration_toolkit\skeleton_engine","CreationTime: 6/6/2026 6:32:24 AM, LastAccessTime: 6/7/2026 2:08:08 PM, LastWriteTime: 6/6/2026 7:26:23 AM, ChangeTime: 6/6/2026 7:26:23 AM, FileAttributes: D, AllocationSize: 8,192, EndOfFile: 8,192","BUFFER OVERFLOW"
"2:08:08.7978899 PM","python.exe","33400","CloseFile","C:\Users\jimpames\Desktop\FESv8-algebraic\migration_toolkit\skeleton_engine","","SUCCESS"
"2:08:08.7993000 PM","python.exe","33400","CreateFile","C:\Users\jimpames\Desktop\FESv8-algebraic\migration_toolkit\skeleton_engine","Desired Access: Read Attributes, Synchronize, Disposition: Open, Options: Synchronous IO Non-Alert, Attributes: n/a, ShareMode: None, AllocationSize: n/a, OpenResult: Opened","SUCCESS"
"2:08:08.7993235 PM","python.exe","33400","QueryInformationVolume","C:\Users\jimpames\Desktop\FESv8-algebraic\migration_toolkit\skeleton_engine","VolumeCreationTime: 5/30/2024 3:01:34 PM, VolumeSerialNumber: 66CA-DF9F, SupportsObjects: True, VolumeLabel: Winხ","BUFFER OVERFLOW"
"2:08:08.7993349 PM","python.exe","33400","QueryAllInformationFile","C:\Users\jimpames\Desktop\FESv8-algebraic\migration_toolkit\skeleton_engine","CreationTime: 6/6/2026 6:32:24 AM, LastAccessTime: 6/7/2026 2:08:08 PM, LastWriteTime: 6/6/2026 7:26:23 AM, ChangeTime: 6/6/2026 7:26:23 AM, FileAttributes: D, AllocationSize: 8,192, EndOfFile: 8,192","BUFFER OVERFLOW"
"2:08:08.7993477 PM","python.exe","33400","CloseFile","C:\Users\jimpames\Desktop\FESv8-algebraic\migration_toolkit\skeleton_engine","","SUCCESS"
"2:08:08.8013375 PM","python.exe","33400","CreateFile","C:\Users\jimpames\Desktop\FESv8-algebraic\migration_toolkit\skeleton_engine","Desired Access: Read Attributes, Synchronize, Disposition: Open, Options: Synchronous IO Non-Alert, Attributes: n/a, ShareMode: None, AllocationSize: n/a, OpenResult: Opened","SUCCESS"
"2:08:08.8013648 PM","python.exe","33400","QueryInformationVolume","C:\Users\jimpames\Desktop\FESv8-algebraic\migration_toolkit\skeleton_engine","VolumeCreationTime: 5/30/2024 3:01:34 PM, VolumeSerialNumber: 66CA-DF9F, SupportsObjects: True, VolumeLabel: Win","BUFFER OVERFLOW"
"2:08:08.8013782 PM","python.exe","33400","QueryAllInformationFile","C:\Users\jimpames\Desktop\FESv8-algebraic\migration_toolkit\skeleton_engine","CreationTime: 6/6/2026 6:32:24 AM, LastAccessTime: 6/7/2026 2:08:08 PM, LastWriteTime: 6/6/2026 7:26:23 AM, ChangeTime: 6/6/2026 7:26:23 AM, FileAttributes: D, AllocationSize: 8,192, EndOfFile: 8,192","BUFFER OVERFLOW"
"2:08:08.8013928 PM","python.exe","33400","CloseFile","C:\Users\jimpames\Desktop\FESv8-algebraic\migration_toolkit\skeleton_engine","","SUCCESS"
"2:08:08.8026161 PM","python.exe","33400","CreateFile","C:\Users\jimpames\Desktop\FESv8-algebraic\migration_toolkit\skeleton_engine","Desired Access: Read Attributes, Synchronize, Disposition: Open, Options: Synchronous IO Non-Alert, Attributes: n/a, ShareMode: None, AllocationSize: n/a, OpenResult: Opened","SUCCESS"
"2:08:08.8026361 PM","python.exe","33400","QueryInformationVolume","C:\Users\jimpames\Desktop\FESv8-algebraic\migration_toolkit\skeleton_engine","VolumeCreationTime: 5/30/2024 3:01:34 PM, VolumeSerialNumber: 66CA-DF9F, SupportsObjects: True, VolumeLabel: Winხ","BUFFER OVERFLOW"
"2:08:08.8026468 PM","python.exe","33400","QueryAllInformationFile","C:\Users\jimpames\Desktop\FESv8-algebraic\migration_toolkit\skeleton_engine","CreationTime: 6/6/2026 6:32:24 AM, LastAccessTime: 6/7/2026 2:08:08 PM, LastWriteTime: 6/6/2026 7:26:23 AM, ChangeTime: 6/6/2026 7:26:23 AM, FileAttributes: D, AllocationSize: 8,192, EndOfFile: 8,192","BUFFER OVERFLOW"
"2:08:08.8026589 PM","python.exe","33400","CloseFile","C:\Users\jimpames\Desktop\FESv8-algebraic\migration_toolkit\skeleton_engine","","SUCCESS"
"2:08:08.8038779 PM","python.exe","33400","CreateFile","C:\Users\jimpames\Desktop\FESv8-algebraic\migration_toolkit\skeleton_engine","Desired Access: Read Attributes, Synchronize, Disposition: Open, Options: Synchronous IO Non-Alert, Attributes: n/a, ShareMode: None, AllocationSize: n/a, OpenResult: Opened","SUCCESS"
"2:08:08.8039150 PM","python.exe","33400","QueryInformationVolume","C:\Users\jimpames\Desktop\FESv8-algebraic\migration_toolkit\skeleton_engine","VolumeCreationTime: 5/30/2024 3:01:34 PM, VolumeSerialNumber: 66CA-DF9F, SupportsObjects: True, VolumeLabel: Winፅ","BUFFER OVERFLOW"
"2:08:08.8039382 PM","python.exe","33400","QueryAllInformationFile","C:\Users\jimpames\Desktop\FESv8-algebraic\migration_toolkit\skeleton_engine","CreationTime: 6/6/2026 6:32:24 AM, LastAccessTime: 6/7/2026 2:08:08 PM, LastWriteTime: 6/6/2026 7:26:23 AM, ChangeTime: 6/6/2026 7:26:23 AM, FileAttributes: D, AllocationSize: 8,192, EndOfFile: 8,192","BUFFER OVERFLOW"
"2:08:08.8039631 PM","python.exe","33400","CloseFile","C:\Users\jimpames\Desktop\FESv8-algebraic\migration_toolkit\skeleton_engine","","SUCCESS"
"2:08:08.8056157 PM","python.exe","33400","CreateFile","C:\Users\jimpames\Desktop\FESv8-algebraic\migration_toolkit\skeleton_engine","Desired Access: Read Attributes, Synchronize, Disposition: Open, Options: Synchronous IO Non-Alert, Attributes: n/a, ShareMode: None, AllocationSize: n/a, OpenResult: Opened","SUCCESS"
"2:08:08.8056414 PM","python.exe","33400","QueryInformationVolume","C:\Users\jimpames\Desktop\FESv8-algebraic\migration_toolkit\skeleton_engine","VolumeCreationTime: 5/30/2024 3:01:34 PM, VolumeSerialNumber: 66CA-DF9F, SupportsObjects: True, VolumeLabel: Winხ","BUFFER OVERFLOW"
"2:08:08.8056535 PM","python.exe","33400","QueryAllInformationFile","C:\Users\jimpames\Desktop\FESv8-algebraic\migration_toolkit\skeleton_engine","CreationTime: 6/6/2026 6:32:24 AM, LastAccessTime: 6/7/2026 2:08:08 PM, LastWriteTime: 6/6/2026 7:26:23 AM, ChangeTime: 6/6/2026 7:26:23 AM, FileAttributes: D, AllocationSize: 8,192, EndOfFile: 8,192","BUFFER OVERFLOW"
"2:08:08.8056662 PM","python.exe","33400","CloseFile","C:\Users\jimpames\Desktop\FESv8-algebraic\migration_toolkit\skeleton_engine","","SUCCESS"
"2:08:08.8069090 PM","python.exe","33400","CreateFile","C:\Users\jimpames\Desktop\FESv8-algebraic\migration_toolkit\skeleton_engine","Desired Access: Read Attributes, Synchronize, Disposition: Open, Options: Synchronous IO Non-Alert, Attributes: n/a, ShareMode: None, AllocationSize: n/a, OpenResult: Opened","SUCCESS"
"2:08:08.8069400 PM","python.exe","33400","QueryInformationVolume","C:\Users\jimpames\Desktop\FESv8-algebraic\migration_toolkit\skeleton_engine","VolumeCreationTime: 5/30/2024 3:01:34 PM, VolumeSerialNumber: 66CA-DF9F, SupportsObjects: True, VolumeLabel: Winፅ","BUFFER OVERFLOW"
"2:08:08.8069531 PM","python.exe","33400","QueryAllInformationFile","C:\Users\jimpames\Desktop\FESv8-algebraic\migration_toolkit\skeleton_engine","CreationTime: 6/6/2026 6:32:24 AM, LastAccessTime: 6/7/2026 2:08:08 PM, LastWriteTime: 6/6/2026 7:26:23 AM, ChangeTime: 6/6/2026 7:26:23 AM, FileAttributes: D, AllocationSize: 8,192, EndOfFile: 8,192","BUFFER OVERFLOW"
"2:08:08.8069670 PM","python.exe","33400","CloseFile","C:\Users\jimpames\Desktop\FESv8-algebraic\migration_toolkit\skeleton_engine","","SUCCESS"
"2:08:08.8084535 PM","python.exe","33400","CreateFile","C:\Users\jimpames\Desktop\FESv8-algebraic\migration_toolkit\skeleton_engine","Desired Access: Read Attributes, Synchronize, Disposition: Open, Options: Synchronous IO Non-Alert, Attributes: n/a, ShareMode: None, AllocationSize: n/a, OpenResult: Opened","SUCCESS"
"2:08:08.8084776 PM","python.exe","33400","QueryInformationVolume","C:\Users\jimpames\Desktop\FESv8-algebraic\migration_toolkit\skeleton_engine","VolumeCreationTime: 5/30/2024 3:01:34 PM, VolumeSerialNumber: 66CA-DF9F, SupportsObjects: True, VolumeLabel: Winፅ","BUFFER OVERFLOW"
"2:08:08.8084905 PM","python.exe","33400","QueryAllInformationFile","C:\Users\jimpames\Desktop\FESv8-algebraic\migration_toolkit\skeleton_engine","CreationTime: 6/6/2026 6:32:24 AM, LastAccessTime: 6/7/2026 2:08:08 PM, LastWriteTime: 6/6/2026 7:26:23 AM, ChangeTime: 6/6/2026 7:26:23 AM, FileAttributes: D, AllocationSize: 8,192, EndOfFile: 8,192","BUFFER OVERFLOW"
"2:08:08.8085038 PM","python.exe","33400","CloseFile","C:\Users\jimpames\Desktop\FESv8-algebraic\migration_toolkit\skeleton_engine","","SUCCESS"
"2:08:08.8099752 PM","python.exe","33400","CreateFile","C:\Users\jimpames\Desktop\FESv8-algebraic\migration_toolkit\skeleton_engine","Desired Access: Read Attributes, Synchronize, Disposition: Open, Options: Synchronous IO Non-Alert, Attributes: n/a, ShareMode: None, AllocationSize: n/a, OpenResult: Opened","SUCCESS"
"2:08:08.8099959 PM","python.exe","33400","QueryInformationVolume","C:\Users\jimpames\Desktop\FESv8-algebraic\migration_toolkit\skeleton_engine","VolumeCreationTime: 5/30/2024 3:01:34 PM, VolumeSerialNumber: 66CA-DF9F, SupportsObjects: True, VolumeLabel: Winፅ","BUFFER OVERFLOW"
"2:08:08.8100077 PM","python.exe","33400","QueryAllInformationFile","C:\Users\jimpames\Desktop\FESv8-algebraic\migration_toolkit\skeleton_engine","CreationTime: 6/6/2026 6:32:24 AM, LastAccessTime: 6/7/2026 2:08:08 PM, LastWriteTime: 6/6/2026 7:26:23 AM, ChangeTime: 6/6/2026 7:26:23 AM, FileAttributes: D, AllocationSize: 8,192, EndOfFile: 8,192","BUFFER OVERFLOW"
"2:08:08.8100213 PM","python.exe","33400","CloseFile","C:\Users\jimpames\Desktop\FESv8-algebraic\migration_toolkit\skeleton_engine","","SUCCESS"
"2:08:08.8116550 PM","python.exe","33400","CreateFile","C:\Users\jimpames\Desktop\FESv8-algebraic\migration_toolkit\skeleton_engine","Desired Access: Read Attributes, Synchronize, Disposition: Open, Options: Synchronous IO Non-Alert, Attributes: n/a, ShareMode: None, AllocationSize: n/a, OpenResult: Opened","SUCCESS"
"2:08:08.8116895 PM","python.exe","33400","QueryInformationVolume","C:\Users\jimpames\Desktop\FESv8-algebraic\migration_toolkit\skeleton_engine","VolumeCreationTime: 5/30/2024 3:01:34 PM, VolumeSerialNumber: 66CA-DF9F, SupportsObjects: True, VolumeLabel: Winፅ","BUFFER OVERFLOW"
"2:08:08.8117135 PM","python.exe","33400","QueryAllInformationFile","C:\Users\jimpames\Desktop\FESv8-algebraic\migration_toolkit\skeleton_engine","CreationTime: 6/6/2026 6:32:24 AM, LastAccessTime: 6/7/2026 2:08:08 PM, LastWriteTime: 6/6/2026 7:26:23 AM, ChangeTime: 6/6/2026 7:26:23 AM, FileAttributes: D, AllocationSize: 8,192, EndOfFile: 8,192","BUFFER OVERFLOW"
"2:08:08.8117445 PM","python.exe","33400","CloseFile","C:\Users\jimpames\Desktop\FESv8-algebraic\migration_toolkit\skeleton_engine","","SUCCESS"
"2:08:08.8144599 PM","python.exe","33400","CreateFile","C:\Users\jimpames\Desktop\FESv8-algebraic\migration_toolkit\skeleton_engine","Desired Access: Read Attributes, Synchronize, Disposition: Open, Options: Synchronous IO Non-Alert, Attributes: n/a, ShareMode: None, AllocationSize: n/a, OpenResult: Opened","SUCCESS"
"2:08:08.8144935 PM","python.exe","33400","QueryInformationVolume","C:\Users\jimpames\Desktop\FESv8-algebraic\migration_toolkit\skeleton_engine","VolumeCreationTime: 5/30/2024 3:01:34 PM, VolumeSerialNumber: 66CA-DF9F, SupportsObjects: True, VolumeLabel: Winፅ","BUFFER OVERFLOW"
"2:08:08.8145139 PM","python.exe","33400","QueryAllInformationFile","C:\Users\jimpames\Desktop\FESv8-algebraic\migration_toolkit\skeleton_engine","CreationTime: 6/6/2026 6:32:24 AM, LastAccessTime: 6/7/2026 2:08:08 PM, LastWriteTime: 6/6/2026 7:26:23 AM, ChangeTime: 6/6/2026 7:26:23 AM, FileAttributes: D, AllocationSize: 8,192, EndOfFile: 8,192","BUFFER OVERFLOW"
"2:08:08.8145353 PM","python.exe","33400","CloseFile","C:\Users\jimpames\Desktop\FESv8-algebraic\migration_toolkit\skeleton_engine","","SUCCESS"
"2:08:08.8158003 PM","python.exe","33400","CreateFile","C:\Users\jimpames\Desktop\FESv8-algebraic\migration_toolkit\skeleton_engine","Desired Access: Read Attributes, Synchronize, Disposition: Open, Options: Synchronous IO Non-Alert, Attributes: n/a, ShareMode: None, AllocationSize: n/a, OpenResult: Opened","SUCCESS"
"2:08:08.8158205 PM","python.exe","33400","QueryInformationVolume","C:\Users\jimpames\Desktop\FESv8-algebraic\migration_toolkit\skeleton_engine","VolumeCreationTime: 5/30/2024 3:01:34 PM, VolumeSerialNumber: 66CA-DF9F, SupportsObjects: True, VolumeLabel: Winፅ","BUFFER OVERFLOW"
"2:08:08.8158289 PM","python.exe","33400","QueryAllInformationFile","C:\Users\jimpames\Desktop\FESv8-algebraic\migration_toolkit\skeleton_engine","CreationTime: 6/6/2026 6:32:24 AM, LastAccessTime: 6/7/2026 2:08:08 PM, LastWriteTime: 6/6/2026 7:26:23 AM, ChangeTime: 6/6/2026 7:26:23 AM, FileAttributes: D, AllocationSize: 8,192, EndOfFile: 8,192","BUFFER OVERFLOW"
"2:08:08.8158390 PM","python.exe","33400","CloseFile","C:\Users\jimpames\Desktop\FESv8-algebraic\migration_toolkit\skeleton_engine","","SUCCESS"
"2:08:08.8184396 PM","python.exe","33400","CreateFile","C:\Users\jimpames\Desktop\FESv8-algebraic\migration_toolkit\skeleton_engine","Desired Access: Read Attributes, Synchronize, Disposition: Open, Options: Synchronous IO Non-Alert, Attributes: n/a, ShareMode: None, AllocationSize: n/a, OpenResult: Opened","SUCCESS"
"2:08:08.8184679 PM","python.exe","33400","QueryInformationVolume","C:\Users\jimpames\Desktop\FESv8-algebraic\migration_toolkit\skeleton_engine","VolumeCreationTime: 5/30/2024 3:01:34 PM, VolumeSerialNumber: 66CA-DF9F, SupportsObjects: True, VolumeLabel: Winხ","BUFFER OVERFLOW"
"2:08:08.8184823 PM","python.exe","33400","QueryAllInformationFile","C:\Users\jimpames\Desktop\FESv8-algebraic\migration_toolkit\skeleton_engine","CreationTime: 6/6/2026 6:32:24 AM, LastAccessTime: 6/7/2026 2:08:08 PM, LastWriteTime: 6/6/2026 7:26:23 AM, ChangeTime: 6/6/2026 7:26:23 AM, FileAttributes: D, AllocationSize: 8,192, EndOfFile: 8,192","BUFFER OVERFLOW"
"2:08:08.8184972 PM","python.exe","33400","CloseFile","C:\Users\jimpames\Desktop\FESv8-algebraic\migration_toolkit\skeleton_engine","","SUCCESS"
"2:08:08.8198453 PM","python.exe","33400","CreateFile","C:\Users\jimpames\Desktop\FESv8-algebraic\migration_toolkit\skeleton_engine","Desired Access: Read Attributes, Synchronize, Disposition: Open, Options: Synchronous IO Non-Alert, Attributes: n/a, ShareMode: None, AllocationSize: n/a, OpenResult: Opened","SUCCESS"
"2:08:08.8198666 PM","python.exe","33400","QueryInformationVolume","C:\Users\jimpames\Desktop\FESv8-algebraic\migration_toolkit\skeleton_engine","VolumeCreationTime: 5/30/2024 3:01:34 PM, VolumeSerialNumber: 66CA-DF9F, SupportsObjects: True, VolumeLabel: Winፅ","BUFFER OVERFLOW"
"2:08:08.8198751 PM","python.exe","33400","QueryAllInformationFile","C:\Users\jimpames\Desktop\FESv8-algebraic\migration_toolkit\skeleton_engine","CreationTime: 6/6/2026 6:32:24 AM, LastAccessTime: 6/7/2026 2:08:08 PM, LastWriteTime: 6/6/2026 7:26:23 AM, ChangeTime: 6/6/2026 7:26:23 AM, FileAttributes: D, AllocationSize: 8,192, EndOfFile: 8,192","BUFFER OVERFLOW"
"2:08:08.8198852 PM","python.exe","33400","CloseFile","C:\Users\jimpames\Desktop\FESv8-algebraic\migration_toolkit\skeleton_engine","","SUCCESS"
"2:08:08.8209985 PM","python.exe","33400","CreateFile","C:\Users\jimpames\Desktop\FESv8-algebraic\migration_toolkit\skeleton_engine","Desired Access: Read Attributes, Synchronize, Disposition: Open, Options: Synchronous IO Non-Alert, Attributes: n/a, ShareMode: None, AllocationSize: n/a, OpenResult: Opened","SUCCESS"
"2:08:08.8210204 PM","python.exe","33400","QueryInformationVolume","C:\Users\jimpames\Desktop\FESv8-algebraic\migration_toolkit\skeleton_engine","VolumeCreationTime: 5/30/2024 3:01:34 PM, VolumeSerialNumber: 66CA-DF9F, SupportsObjects: True, VolumeLabel: Winፅ","BUFFER OVERFLOW"
"2:08:08.8210302 PM","python.exe","33400","QueryAllInformationFile","C:\Users\jimpames\Desktop\FESv8-algebraic\migration_toolkit\skeleton_engine","CreationTime: 6/6/2026 6:32:24 AM, LastAccessTime: 6/7/2026 2:08:08 PM, LastWriteTime: 6/6/2026 7:26:23 AM, ChangeTime: 6/6/2026 7:26:23 AM, FileAttributes: D, AllocationSize: 8,192, EndOfFile: 8,192","BUFFER OVERFLOW"
"2:08:08.8210411 PM","python.exe","33400","CloseFile","C:\Users\jimpames\Desktop\FESv8-algebraic\migration_toolkit\skeleton_engine","","SUCCESS"
"2:08:08.8224681 PM","python.exe","33400","CreateFile","C:\Users\jimpames\Desktop\FESv8-algebraic\migration_toolkit\skeleton_engine","Desired Access: Read Attributes, Synchronize, Disposition: Open, Options: Synchronous IO Non-Alert, Attributes: n/a, ShareMode: None, AllocationSize: n/a, OpenResult: Opened","SUCCESS"
"2:08:08.8224911 PM","python.exe","33400","QueryInformationVolume","C:\Users\jimpames\Desktop\FESv8-algebraic\migration_toolkit\skeleton_engine","VolumeCreationTime: 5/30/2024 3:01:34 PM, VolumeSerialNumber: 66CA-DF9F, SupportsObjects: True, VolumeLabel: Winხ","BUFFER OVERFLOW"
"2:08:08.8225020 PM","python.exe","33400","QueryAllInformationFile","C:\Users\jimpames\Desktop\FESv8-algebraic\migration_toolkit\skeleton_engine","CreationTime: 6/6/2026 6:32:24 AM, LastAccessTime: 6/7/2026 2:08:08 PM, LastWriteTime: 6/6/2026 7:26:23 AM, ChangeTime: 6/6/2026 7:26:23 AM, FileAttributes: D, AllocationSize: 8,192, EndOfFile: 8,192","BUFFER OVERFLOW"
"2:08:08.8225137 PM","python.exe","33400","CloseFile","C:\Users\jimpames\Desktop\FESv8-algebraic\migration_toolkit\skeleton_engine","","SUCCESS"
"2:08:08.8233447 PM","python.exe","33400","CreateFile","C:\Users\jimpames\Desktop\FESv8-algebraic\migration_toolkit\skeleton_engine","Desired Access: Read Attributes, Synchronize, Disposition: Open, Options: Synchronous IO Non-Alert, Attributes: n/a, ShareMode: None, AllocationSize: n/a, OpenResult: Opened","SUCCESS"
"2:08:08.8233630 PM","python.exe","33400","QueryInformationVolume","C:\Users\jimpames\Desktop\FESv8-algebraic\migration_toolkit\skeleton_engine","VolumeCreationTime: 5/30/2024 3:01:34 PM, VolumeSerialNumber: 66CA-DF9F, SupportsObjects: True, VolumeLabel: Win","BUFFER OVERFLOW"
"2:08:08.8233699 PM","python.exe","33400","QueryAllInformationFile","C:\Users\jimpames\Desktop\FESv8-algebraic\migration_toolkit\skeleton_engine","CreationTime: 6/6/2026 6:32:24 AM, LastAccessTime: 6/7/2026 2:08:08 PM, LastWriteTime: 6/6/2026 7:26:23 AM, ChangeTime: 6/6/2026 7:26:23 AM, FileAttributes: D, AllocationSize: 8,192, EndOfFile: 8,192","BUFFER OVERFLOW"
"2:08:08.8233780 PM","python.exe","33400","CloseFile","C:\Users\jimpames\Desktop\FESv8-algebraic\migration_toolkit\skeleton_engine","","SUCCESS"
"2:08:08.8288794 PM","python.exe","33400","CreateFile","C:\Users\jimpames\Desktop\FESv8-algebraic\migration_toolkit\skeleton_engine","Desired Access: Read Attributes, Synchronize, Disposition: Open, Options: Synchronous IO Non-Alert, Attributes: n/a, ShareMode: None, AllocationSize: n/a, OpenResult: Opened","SUCCESS"
"2:08:08.8289059 PM","python.exe","33400","QueryInformationVolume","C:\Users\jimpames\Desktop\FESv8-algebraic\migration_toolkit\skeleton_engine","VolumeCreationTime: 5/30/2024 3:01:34 PM, VolumeSerialNumber: 66CA-DF9F, SupportsObjects: True, VolumeLabel: Win","BUFFER OVERFLOW"
"2:08:08.8289172 PM","python.exe","33400","QueryAllInformationFile","C:\Users\jimpames\Desktop\FESv8-algebraic\migration_toolkit\skeleton_engine","CreationTime: 6/6/2026 6:32:24 AM, LastAccessTime: 6/7/2026 2:08:08 PM, LastWriteTime: 6/6/2026 7:26:23 AM, ChangeTime: 6/6/2026 7:26:23 AM, FileAttributes: D, AllocationSize: 8,192, EndOfFile: 8,192","BUFFER OVERFLOW"
"2:08:08.8289309 PM","python.exe","33400","CloseFile","C:\Users\jimpames\Desktop\FESv8-algebraic\migration_toolkit\skeleton_engine","","SUCCESS"
"2:08:08.8306339 PM","python.exe","33400","CreateFile","C:\Users\jimpames\Desktop\FESv8-algebraic\migration_toolkit\skeleton_engine","Desired Access: Read Attributes, Synchronize, Disposition: Open, Options: Synchronous IO Non-Alert, Attributes: n/a, ShareMode: None, AllocationSize: n/a, OpenResult: Opened","SUCCESS"
"2:08:08.8306652 PM","python.exe","33400","QueryInformationVolume","C:\Users\jimpames\Desktop\FESv8-algebraic\migration_toolkit\skeleton_engine","VolumeCreationTime: 5/30/2024 3:01:34 PM, VolumeSerialNumber: 66CA-DF9F, SupportsObjects: True, VolumeLabel: Winხ","BUFFER OVERFLOW"
"2:08:08.8306800 PM","python.exe","33400","QueryAllInformationFile","C:\Users\jimpames\Desktop\FESv8-algebraic\migration_toolkit\skeleton_engine","CreationTime: 6/6/2026 6:32:24 AM, LastAccessTime: 6/7/2026 2:08:08 PM, LastWriteTime: 6/6/2026 7:26:23 AM, ChangeTime: 6/6/2026 7:26:23 AM, FileAttributes: D, AllocationSize: 8,192, EndOfFile: 8,192","BUFFER OVERFLOW"
"2:08:08.8306964 PM","python.exe","33400","CloseFile","C:\Users\jimpames\Desktop\FESv8-algebraic\migration_toolkit\skeleton_engine","","SUCCESS"
"2:08:08.8321584 PM","python.exe","33400","CreateFile","C:\Users\jimpames\Desktop\FESv8-algebraic\migration_toolkit\skeleton_engine","Desired Access: Read Attributes, Synchronize, Disposition: Open, Options: Synchronous IO Non-Alert, Attributes: n/a, ShareMode: None, AllocationSize: n/a, OpenResult: Opened","SUCCESS"
"2:08:08.8321882 PM","python.exe","33400","QueryInformationVolume","C:\Users\jimpames\Desktop\FESv8-algebraic\migration_toolkit\skeleton_engine","VolumeCreationTime: 5/30/2024 3:01:34 PM, VolumeSerialNumber: 66CA-DF9F, SupportsObjects: True, VolumeLabel: Winፅ","BUFFER OVERFLOW"
"2:08:08.8322011 PM","python.exe","33400","QueryAllInformationFile","C:\Users\jimpames\Desktop\FESv8-algebraic\migration_toolkit\skeleton_engine","CreationTime: 6/6/2026 6:32:24 AM, LastAccessTime: 6/7/2026 2:08:08 PM, LastWriteTime: 6/6/2026 7:26:23 AM, ChangeTime: 6/6/2026 7:26:23 AM, FileAttributes: D, AllocationSize: 8,192, EndOfFile: 8,192","BUFFER OVERFLOW"
"2:08:08.8322157 PM","python.exe","33400","CloseFile","C:\Users\jimpames\Desktop\FESv8-algebraic\migration_toolkit\skeleton_engine","","SUCCESS"
"2:08:08.8336821 PM","python.exe","33400","CreateFile","C:\Users\jimpames\Desktop\FESv8-algebraic\migration_toolkit\skeleton_engine","Desired Access: Read Attributes, Synchronize, Disposition: Open, Options: Synchronous IO Non-Alert, Attributes: n/a, ShareMode: None, AllocationSize: n/a, OpenResult: Opened","SUCCESS"
"2:08:08.8337066 PM","python.exe","33400","QueryInformationVolume","C:\Users\jimpames\Desktop\FESv8-algebraic\migration_toolkit\skeleton_engine","VolumeCreationTime: 5/30/2024 3:01:34 PM, VolumeSerialNumber: 66CA-DF9F, SupportsObjects: True, VolumeLabel: Winፅ","BUFFER OVERFLOW"
"2:08:08.8337178 PM","python.exe","33400","QueryAllInformationFile","C:\Users\jimpames\Desktop\FESv8-algebraic\migration_toolkit\skeleton_engine","CreationTime: 6/6/2026 6:32:24 AM, LastAccessTime: 6/7/2026 2:08:08 PM, LastWriteTime: 6/6/2026 7:26:23 AM, ChangeTime: 6/6/2026 7:26:23 AM, FileAttributes: D, AllocationSize: 8,192, EndOfFile: 8,192","BUFFER OVERFLOW"
"2:08:08.8337307 PM","python.exe","33400","CloseFile","C:\Users\jimpames\Desktop\FESv8-algebraic\migration_toolkit\skeleton_engine","","SUCCESS"
"2:08:08.8353520 PM","python.exe","33400","CreateFile","C:\Users\jimpames\Desktop\FESv8-algebraic\migration_toolkit\skeleton_engine","Desired Access: Read Attributes, Synchronize, Disposition: Open, Options: Synchronous IO Non-Alert, Attributes: n/a, ShareMode: None, AllocationSize: n/a, OpenResult: Opened","SUCCESS"
"2:08:08.8353811 PM","python.exe","33400","QueryInformationVolume","C:\Users\jimpames\Desktop\FESv8-algebraic\migration_toolkit\skeleton_engine","VolumeCreationTime: 5/30/2024 3:01:34 PM, VolumeSerialNumber: 66CA-DF9F, SupportsObjects: True, VolumeLabel: Winხ","BUFFER OVERFLOW"
"2:08:08.8353954 PM","python.exe","33400","QueryAllInformationFile","C:\Users\jimpames\Desktop\FESv8-algebraic\migration_toolkit\skeleton_engine","CreationTime: 6/6/2026 6:32:24 AM, LastAccessTime: 6/7/2026 2:08:08 PM, LastWriteTime: 6/6/2026 7:26:23 AM, ChangeTime: 6/6/2026 7:26:23 AM, FileAttributes: D, AllocationSize: 8,192, EndOfFile: 8,192","BUFFER OVERFLOW"
"2:08:08.8354104 PM","python.exe","33400","CloseFile","C:\Users\jimpames\Desktop\FESv8-algebraic\migration_toolkit\skeleton_engine","","SUCCESS"
"2:08:08.8394129 PM","python.exe","33400","CreateFile","C:\Users\jimpames\Desktop\FESv8-algebraic\migration_toolkit\skeleton_engine","Desired Access: Read Attributes, Synchronize, Disposition: Open, Options: Synchronous IO Non-Alert, Attributes: n/a, ShareMode: None, AllocationSize: n/a, OpenResult: Opened","SUCCESS"
"2:08:08.8394532 PM","python.exe","33400","QueryInformationVolume","C:\Users\jimpames\Desktop\FESv8-algebraic\migration_toolkit\skeleton_engine","VolumeCreationTime: 5/30/2024 3:01:34 PM, VolumeSerialNumber: 66CA-DF9F, SupportsObjects: True, VolumeLabel: Winხ","BUFFER OVERFLOW"
"2:08:08.8394680 PM","python.exe","33400","QueryAllInformationFile","C:\Users\jimpames\Desktop\FESv8-algebraic\migration_toolkit\skeleton_engine","CreationTime: 6/6/2026 6:32:24 AM, LastAccessTime: 6/7/2026 2:08:08 PM, LastWriteTime: 6/6/2026 7:26:23 AM, ChangeTime: 6/6/2026 7:26:23 AM, FileAttributes: D, AllocationSize: 8,192, EndOfFile: 8,192","BUFFER OVERFLOW"
"2:08:08.8394831 PM","python.exe","33400","CloseFile","C:\Users\jimpames\Desktop\FESv8-algebraic\migration_toolkit\skeleton_engine","","SUCCESS"
"2:08:08.8456999 PM","python.exe","33400","CreateFile","C:\Users\jimpames\Desktop\FESv8-algebraic\migration_toolkit\skeleton_engine","Desired Access: Read Attributes, Synchronize, Disposition: Open, Options: Synchronous IO Non-Alert, Attributes: n/a, ShareMode: None, AllocationSize: n/a, OpenResult: Opened","SUCCESS"
"2:08:08.8457189 PM","python.exe","33400","QueryInformationVolume","C:\Users\jimpames\Desktop\FESv8-algebraic\migration_toolkit\skeleton_engine","VolumeCreationTime: 5/30/2024 3:01:34 PM, VolumeSerialNumber: 66CA-DF9F, SupportsObjects: True, VolumeLabel: Winፅ","BUFFER OVERFLOW"
"2:08:08.8457270 PM","python.exe","33400","QueryAllInformationFile","C:\Users\jimpames\Desktop\FESv8-algebraic\migration_toolkit\skeleton_engine","CreationTime: 6/6/2026 6:32:24 AM, LastAccessTime: 6/7/2026 2:08:08 PM, LastWriteTime: 6/6/2026 7:26:23 AM, ChangeTime: 6/6/2026 7:26:23 AM, FileAttributes: D, AllocationSize: 8,192, EndOfFile: 8,192","BUFFER OVERFLOW"
"2:08:08.8457362 PM","python.exe","33400","CloseFile","C:\Users\jimpames\Desktop\FESv8-algebraic\migration_toolkit\skeleton_engine","","SUCCESS"
"2:08:08.8489058 PM","python.exe","33400","CreateFile","C:\Users\jimpames\Desktop\FESv8-algebraic\migration_toolkit\skeleton_engine","Desired Access: Read Attributes, Synchronize, Disposition: Open, Options: Synchronous IO Non-Alert, Attributes: n/a, ShareMode: None, AllocationSize: n/a, OpenResult: Opened","SUCCESS"
"2:08:08.8489359 PM","python.exe","33400","QueryInformationVolume","C:\Users\jimpames\Desktop\FESv8-algebraic\migration_toolkit\skeleton_engine","VolumeCreationTime: 5/30/2024 3:01:34 PM, VolumeSerialNumber: 66CA-DF9F, SupportsObjects: True, VolumeLabel: Winხ","BUFFER OVERFLOW"
"2:08:08.8489523 PM","python.exe","33400","QueryAllInformationFile","C:\Users\jimpames\Desktop\FESv8-algebraic\migration_toolkit\skeleton_engine","CreationTime: 6/6/2026 6:32:24 AM, LastAccessTime: 6/7/2026 2:08:08 PM, LastWriteTime: 6/6/2026 7:26:23 AM, ChangeTime: 6/6/2026 7:26:23 AM, FileAttributes: D, AllocationSize: 8,192, EndOfFile: 8,192","BUFFER OVERFLOW"
"2:08:08.8489688 PM","python.exe","33400","CloseFile","C:\Users\jimpames\Desktop\FESv8-algebraic\migration_toolkit\skeleton_engine","","SUCCESS"
"2:08:08.8520416 PM","python.exe","33400","CreateFile","C:\Users\jimpames\Desktop\FESv8-algebraic\migration_toolkit\skeleton_engine","Desired Access: Read Attributes, Synchronize, Disposition: Open, Options: Synchronous IO Non-Alert, Attributes: n/a, ShareMode: None, AllocationSize: n/a, OpenResult: Opened","SUCCESS"
"2:08:08.8520664 PM","python.exe","33400","QueryInformationVolume","C:\Users\jimpames\Desktop\FESv8-algebraic\migration_toolkit\skeleton_engine","VolumeCreationTime: 5/30/2024 3:01:34 PM, VolumeSerialNumber: 66CA-DF9F, SupportsObjects: True, VolumeLabel: Winፅ","BUFFER OVERFLOW"
"2:08:08.8520787 PM","python.exe","33400","QueryAllInformationFile","C:\Users\jimpames\Desktop\FESv8-algebraic\migration_toolkit\skeleton_engine","CreationTime: 6/6/2026 6:32:24 AM, LastAccessTime: 6/7/2026 2:08:08 PM, LastWriteTime: 6/6/2026 7:26:23 AM, ChangeTime: 6/6/2026 7:26:23 AM, FileAttributes: D, AllocationSize: 8,192, EndOfFile: 8,192","BUFFER OVERFLOW"
"2:08:08.8520914 PM","python.exe","33400","CloseFile","C:\Users\jimpames\Desktop\FESv8-algebraic\migration_toolkit\skeleton_engine","","SUCCESS"
"2:08:08.8542665 PM","python.exe","33400","CreateFile","C:\Users\jimpames\Desktop\FESv8-algebraic\migration_toolkit\skeleton_engine","Desired Access: Read Attributes, Synchronize, Disposition: Open, Options: Synchronous IO Non-Alert, Attributes: n/a, ShareMode: None, AllocationSize: n/a, OpenResult: Opened","SUCCESS"
"2:08:08.8542936 PM","python.exe","33400","QueryInformationVolume","C:\Users\jimpames\Desktop\FESv8-algebraic\migration_toolkit\skeleton_engine","VolumeCreationTime: 5/30/2024 3:01:34 PM, VolumeSerialNumber: 66CA-DF9F, SupportsObjects: True, VolumeLabel: Winፅ","BUFFER OVERFLOW"
"2:08:08.8543045 PM","python.exe","33400","QueryAllInformationFile","C:\Users\jimpames\Desktop\FESv8-algebraic\migration_toolkit\skeleton_engine","CreationTime: 6/6/2026 6:32:24 AM, LastAccessTime: 6/7/2026 2:08:08 PM, LastWriteTime: 6/6/2026 7:26:23 AM, ChangeTime: 6/6/2026 7:26:23 AM, FileAttributes: D, AllocationSize: 8,192, EndOfFile: 8,192","BUFFER OVERFLOW"
"2:08:08.8543159 PM","python.exe","33400","CloseFile","C:\Users\jimpames\Desktop\FESv8-algebraic\migration_toolkit\skeleton_engine","","SUCCESS"
"2:08:08.8560143 PM","python.exe","33400","CreateFile","C:\Users\jimpames\Desktop\FESv8-algebraic\migration_toolkit\skeleton_engine","Desired Access: Read Attributes, Synchronize, Disposition: Open, Options: Synchronous IO Non-Alert, Attributes: n/a, ShareMode: None, AllocationSize: n/a, OpenResult: Opened","SUCCESS"
"2:08:08.8560393 PM","python.exe","33400","QueryInformationVolume","C:\Users\jimpames\Desktop\FESv8-algebraic\migration_toolkit\skeleton_engine","VolumeCreationTime: 5/30/2024 3:01:34 PM, VolumeSerialNumber: 66CA-DF9F, SupportsObjects: True, VolumeLabel: Winፅ","BUFFER OVERFLOW"
"2:08:08.8560493 PM","python.exe","33400","QueryAllInformationFile","C:\Users\jimpames\Desktop\FESv8-algebraic\migration_toolkit\skeleton_engine","CreationTime: 6/6/2026 6:32:24 AM, LastAccessTime: 6/7/2026 2:08:08 PM, LastWriteTime: 6/6/2026 7:26:23 AM, ChangeTime: 6/6/2026 7:26:23 AM, FileAttributes: D, AllocationSize: 8,192, EndOfFile: 8,192","BUFFER OVERFLOW"
"2:08:08.8560606 PM","python.exe","33400","CloseFile","C:\Users\jimpames\Desktop\FESv8-algebraic\migration_toolkit\skeleton_engine","","SUCCESS"
"2:08:08.8573459 PM","python.exe","33400","CreateFile","C:\Users\jimpames\Desktop\FESv8-algebraic\migration_toolkit\skeleton_engine","Desired Access: Read Attributes, Synchronize, Disposition: Open, Options: Synchronous IO Non-Alert, Attributes: n/a, ShareMode: None, AllocationSize: n/a, OpenResult: Opened","SUCCESS"
"2:08:08.8573686 PM","python.exe","33400","QueryInformationVolume","C:\Users\jimpames\Desktop\FESv8-algebraic\migration_toolkit\skeleton_engine","VolumeCreationTime: 5/30/2024 3:01:34 PM, VolumeSerialNumber: 66CA-DF9F, SupportsObjects: True, VolumeLabel: Winፅ","BUFFER OVERFLOW"
"2:08:08.8573787 PM","python.exe","33400","QueryAllInformationFile","C:\Users\jimpames\Desktop\FESv8-algebraic\migration_toolkit\skeleton_engine","CreationTime: 6/6/2026 6:32:24 AM, LastAccessTime: 6/7/2026 2:08:08 PM, LastWriteTime: 6/6/2026 7:26:23 AM, ChangeTime: 6/6/2026 7:26:23 AM, FileAttributes: D, AllocationSize: 8,192, EndOfFile: 8,192","BUFFER OVERFLOW"
"2:08:08.8573898 PM","python.exe","33400","CloseFile","C:\Users\jimpames\Desktop\FESv8-algebraic\migration_toolkit\skeleton_engine","","SUCCESS"
"2:08:08.8586446 PM","python.exe","33400","CreateFile","C:\Users\jimpames\Desktop\FESv8-algebraic\migration_toolkit\skeleton_engine","Desired Access: Read Attributes, Synchronize, Disposition: Open, Options: Synchronous IO Non-Alert, Attributes: n/a, ShareMode: None, AllocationSize: n/a, OpenResult: Opened","SUCCESS"
"2:08:08.8586668 PM","python.exe","33400","QueryInformationVolume","C:\Users\jimpames\Desktop\FESv8-algebraic\migration_toolkit\skeleton_engine","VolumeCreationTime: 5/30/2024 3:01:34 PM, VolumeSerialNumber: 66CA-DF9F, SupportsObjects: True, VolumeLabel: Winხ","BUFFER OVERFLOW"
"2:08:08.8586777 PM","python.exe","33400","QueryAllInformationFile","C:\Users\jimpames\Desktop\FESv8-algebraic\migration_toolkit\skeleton_engine","CreationTime: 6/6/2026 6:32:24 AM, LastAccessTime: 6/7/2026 2:08:08 PM, LastWriteTime: 6/6/2026 7:26:23 AM, ChangeTime: 6/6/2026 7:26:23 AM, FileAttributes: D, AllocationSize: 8,192, EndOfFile: 8,192","BUFFER OVERFLOW"
"2:08:08.8586900 PM","python.exe","33400","CloseFile","C:\Users\jimpames\Desktop\FESv8-algebraic\migration_toolkit\skeleton_engine","","SUCCESS"
"2:08:08.8599246 PM","python.exe","33400","CreateFile","C:\Users\jimpames\Desktop\FESv8-algebraic\migration_toolkit\skeleton_engine","Desired Access: Read Attributes, Synchronize, Disposition: Open, Options: Synchronous IO Non-Alert, Attributes: n/a, ShareMode: None, AllocationSize: n/a, OpenResult: Opened","SUCCESS"
"2:08:08.8599436 PM","python.exe","33400","QueryInformationVolume","C:\Users\jimpames\Desktop\FESv8-algebraic\migration_toolkit\skeleton_engine","VolumeCreationTime: 5/30/2024 3:01:34 PM, VolumeSerialNumber: 66CA-DF9F, SupportsObjects: True, VolumeLabel: Winፅ","BUFFER OVERFLOW"
"2:08:08.8599584 PM","python.exe","33400","QueryAllInformationFile","C:\Users\jimpames\Desktop\FESv8-algebraic\migration_toolkit\skeleton_engine","CreationTime: 6/6/2026 6:32:24 AM, LastAccessTime: 6/7/2026 2:08:08 PM, LastWriteTime: 6/6/2026 7:26:23 AM, ChangeTime: 6/6/2026 7:26:23 AM, FileAttributes: D, AllocationSize: 8,192, EndOfFile: 8,192","BUFFER OVERFLOW"
"2:08:08.8599745 PM","python.exe","33400","CloseFile","C:\Users\jimpames\Desktop\FESv8-algebraic\migration_toolkit\skeleton_engine","","SUCCESS"
"2:08:08.8614069 PM","python.exe","33400","CreateFile","C:\Users\jimpames\Desktop\FESv8-algebraic\migration_toolkit\skeleton_engine","Desired Access: Read Attributes, Synchronize, Disposition: Open, Options: Synchronous IO Non-Alert, Attributes: n/a, ShareMode: None, AllocationSize: n/a, OpenResult: Opened","SUCCESS"
"2:08:08.8614311 PM","python.exe","33400","QueryInformationVolume","C:\Users\jimpames\Desktop\FESv8-algebraic\migration_toolkit\skeleton_engine","VolumeCreationTime: 5/30/2024 3:01:34 PM, VolumeSerialNumber: 66CA-DF9F, SupportsObjects: True, VolumeLabel: Winፅ","BUFFER OVERFLOW"
"2:08:08.8614423 PM","python.exe","33400","QueryAllInformationFile","C:\Users\jimpames\Desktop\FESv8-algebraic\migration_toolkit\skeleton_engine","CreationTime: 6/6/2026 6:32:24 AM, LastAccessTime: 6/7/2026 2:08:08 PM, LastWriteTime: 6/6/2026 7:26:23 AM, ChangeTime: 6/6/2026 7:26:23 AM, FileAttributes: D, AllocationSize: 8,192, EndOfFile: 8,192","BUFFER OVERFLOW"
"2:08:08.8614540 PM","python.exe","33400","CloseFile","C:\Users\jimpames\Desktop\FESv8-algebraic\migration_toolkit\skeleton_engine","","SUCCESS"
"2:08:08.8627065 PM","python.exe","33400","CreateFile","C:\Users\jimpames\Desktop\FESv8-algebraic\migration_toolkit\skeleton_engine","Desired Access: Read Attributes, Synchronize, Disposition: Open, Options: Synchronous IO Non-Alert, Attributes: n/a, ShareMode: None, AllocationSize: n/a, OpenResult: Opened","SUCCESS"
"2:08:08.8627307 PM","python.exe","33400","QueryInformationVolume","C:\Users\jimpames\Desktop\FESv8-algebraic\migration_toolkit\skeleton_engine","VolumeCreationTime: 5/30/2024 3:01:34 PM, VolumeSerialNumber: 66CA-DF9F, SupportsObjects: True, VolumeLabel: Winხ","BUFFER OVERFLOW"
"2:08:08.8627423 PM","python.exe","33400","QueryAllInformationFile","C:\Users\jimpames\Desktop\FESv8-algebraic\migration_toolkit\skeleton_engine","CreationTime: 6/6/2026 6:32:24 AM, LastAccessTime: 6/7/2026 2:08:08 PM, LastWriteTime: 6/6/2026 7:26:23 AM, ChangeTime: 6/6/2026 7:26:23 AM, FileAttributes: D, AllocationSize: 8,192, EndOfFile: 8,192","BUFFER OVERFLOW"
"2:08:08.8627548 PM","python.exe","33400","CloseFile","C:\Users\jimpames\Desktop\FESv8-algebraic\migration_toolkit\skeleton_engine","","SUCCESS"
"2:08:08.8646147 PM","python.exe","33400","CreateFile","C:\Users\jimpames\Desktop\FESv8-algebraic\migration_toolkit\skeleton_engine\output","Desired Access: Read Data/List Directory, Synchronize, Disposition: Create, Options: Directory, Synchronous IO Non-Alert, Open Reparse Point, Attributes: N, ShareMode: Read, Write, AllocationSize: 0","NAME COLLISION"
"2:08:08.8647053 PM","python.exe","33400","CreateFile","C:\Users\jimpames\Desktop\FESv8-algebraic\migration_toolkit\skeleton_engine\output","Desired Access: Read Attributes, Synchronize, Disposition: Open, Options: Synchronous IO Non-Alert, Attributes: n/a, ShareMode: None, AllocationSize: n/a, OpenResult: Opened","SUCCESS"
"2:08:08.8647257 PM","python.exe","33400","QueryInformationVolume","C:\Users\jimpames\Desktop\FESv8-algebraic\migration_toolkit\skeleton_engine\output","VolumeCreationTime: 5/30/2024 3:01:34 PM, VolumeSerialNumber: 66CA-DF9F, SupportsObjects: True, VolumeLabel: Winხ","BUFFER OVERFLOW"
"2:08:08.8647347 PM","python.exe","33400","QueryAllInformationFile","C:\Users\jimpames\Desktop\FESv8-algebraic\migration_toolkit\skeleton_engine\output","CreationTime: 6/6/2026 6:32:24 AM, LastAccessTime: 6/7/2026 2:08:08 PM, LastWriteTime: 6/6/2026 11:46:05 AM, ChangeTime: 6/6/2026 11:46:05 AM, FileAttributes: D, AllocationSize: 4,096, EndOfFile: 4,096","BUFFER OVERFLOW"
"2:08:08.8647442 PM","python.exe","33400","CloseFile","C:\Users\jimpames\Desktop\FESv8-algebraic\migration_toolkit\skeleton_engine\output","","SUCCESS"
"2:08:08.9589231 PM","python.exe","33400","CreateFile","C:\Users\jimpames\Desktop\FESv8-algebraic\migration_toolkit\skeleton_engine","Desired Access: Read Attributes, Synchronize, Disposition: Open, Options: Synchronous IO Non-Alert, Attributes: n/a, ShareMode: None, AllocationSize: n/a, OpenResult: Opened","SUCCESS"
"2:08:08.9589570 PM","python.exe","33400","QueryInformationVolume","C:\Users\jimpames\Desktop\FESv8-algebraic\migration_toolkit\skeleton_engine","VolumeCreationTime: 5/30/2024 3:01:34 PM, VolumeSerialNumber: 66CA-DF9F, SupportsObjects: True, VolumeLabel: Winხ","BUFFER OVERFLOW"
"2:08:08.9589698 PM","python.exe","33400","QueryAllInformationFile","C:\Users\jimpames\Desktop\FESv8-algebraic\migration_toolkit\skeleton_engine","CreationTime: 6/6/2026 6:32:24 AM, LastAccessTime: 6/7/2026 2:08:08 PM, LastWriteTime: 6/6/2026 7:26:23 AM, ChangeTime: 6/6/2026 7:26:23 AM, FileAttributes: D, AllocationSize: 8,192, EndOfFile: 8,192","BUFFER OVERFLOW"
"2:08:08.9589844 PM","python.exe","33400","CloseFile","C:\Users\jimpames\Desktop\FESv8-algebraic\migration_toolkit\skeleton_engine","","SUCCESS"
"2:08:08.9978899 PM","python.exe","33400","CreateFile","C:\Users\jimpames\Desktop\FESv8-algebraic\migration_toolkit\skeleton_engine","Desired Access: Read Attributes, Synchronize, Disposition: Open, Options: Synchronous IO Non-Alert, Attributes: n/a, ShareMode: None, AllocationSize: n/a, OpenResult: Opened","SUCCESS"
"2:08:08.9979259 PM","python.exe","33400","QueryInformationVolume","C:\Users\jimpames\Desktop\FESv8-algebraic\migration_toolkit\skeleton_engine","VolumeCreationTime: 5/30/2024 3:01:34 PM, VolumeSerialNumber: 66CA-DF9F, SupportsObjects: True, VolumeLabel: Winፅ","BUFFER OVERFLOW"
"2:08:08.9979378 PM","python.exe","33400","QueryAllInformationFile","C:\Users\jimpames\Desktop\FESv8-algebraic\migration_toolkit\skeleton_engine","CreationTime: 6/6/2026 6:32:24 AM, LastAccessTime: 6/7/2026 2:08:08 PM, LastWriteTime: 6/6/2026 7:26:23 AM, ChangeTime: 6/6/2026 7:26:23 AM, FileAttributes: D, AllocationSize: 8,192, EndOfFile: 8,192","BUFFER OVERFLOW"
"2:08:08.9979535 PM","python.exe","33400","CloseFile","C:\Users\jimpames\Desktop\FESv8-algebraic\migration_toolkit\skeleton_engine","","SUCCESS"
"2:08:08.9989478 PM","python.exe","33400","CreateFile","C:\Users\jimpames\Desktop\FESv8-algebraic\migration_toolkit\skeleton_engine","Desired Access: Read Attributes, Synchronize, Disposition: Open, Options: Synchronous IO Non-Alert, Attributes: n/a, ShareMode: None, AllocationSize: n/a, OpenResult: Opened","SUCCESS"
"2:08:08.9989765 PM","python.exe","33400","QueryInformationVolume","C:\Users\jimpames\Desktop\FESv8-algebraic\migration_toolkit\skeleton_engine","VolumeCreationTime: 5/30/2024 3:01:34 PM, VolumeSerialNumber: 66CA-DF9F, SupportsObjects: True, VolumeLabel: Winხ","BUFFER OVERFLOW"
"2:08:08.9989896 PM","python.exe","33400","QueryAllInformationFile","C:\Users\jimpames\Desktop\FESv8-algebraic\migration_toolkit\skeleton_engine","CreationTime: 6/6/2026 6:32:24 AM, LastAccessTime: 6/7/2026 2:08:08 PM, LastWriteTime: 6/6/2026 7:26:23 AM, ChangeTime: 6/6/2026 7:26:23 AM, FileAttributes: D, AllocationSize: 8,192, EndOfFile: 8,192","BUFFER OVERFLOW"
"2:08:08.9990054 PM","python.exe","33400","CloseFile","C:\Users\jimpames\Desktop\FESv8-algebraic\migration_toolkit\skeleton_engine","","SUCCESS"
"2:08:09.0695461 PM","python.exe","33400","CloseFile","C:\Users\jimpames\Desktop\FESv8-algebraic\migration_toolkit","","SUCCESS"
"2:08:09.0729871 PM","python.exe","86064","CloseFile","C:\Users\jimpames\Desktop\FESv8-algebraic\migration_toolkit","","SUCCESS"
"2:08:09.0745145 PM","python.exe","35508","CreateFile","C:\Users\jimpames\Desktop\FESv8-algebraic\migration_toolkit","Desired Access: Read Attributes, Disposition: Open, Options: Open Reparse Point, Attributes: n/a, ShareMode: Read, Write, Delete, AllocationSize: n/a, OpenResult: Opened","SUCCESS"
"2:08:09.0745387 PM","python.exe","35508","QueryBasicInformationFile","C:\Users\jimpames\Desktop\FESv8-algebraic\migration_toolkit","CreationTime: 6/6/2026 6:32:22 AM, LastAccessTime: 6/7/2026 2:08:08 PM, LastWriteTime: 6/6/2026 7:26:22 AM, ChangeTime: 6/6/2026 7:26:22 AM, FileAttributes: D","SUCCESS"
"2:08:09.0745486 PM","python.exe","35508","CloseFile","C:\Users\jimpames\Desktop\FESv8-algebraic\migration_toolkit","","SUCCESS"
"2:08:09.0828966 PM","python.exe","95724","CreateFile","C:\Users\jimpames\Desktop\FESv8-algebraic\migration_toolkit","Desired Access: Execute/Traverse, Synchronize, Disposition: Open, Options: Directory, Synchronous IO Non-Alert, Attributes: n/a, ShareMode: Read, Write, AllocationSize: n/a, OpenResult: Opened","SUCCESS"
"2:08:09.0971584 PM","python.exe","55556","CreateFile","C:\Users\jimpames\Desktop\FESv8-algebraic\migration_toolkit","Desired Access: Execute/Traverse, Synchronize, Disposition: Open, Options: Directory, Synchronous IO Non-Alert, Attributes: n/a, ShareMode: Read, Write, AllocationSize: n/a, OpenResult: Opened","SUCCESS"
"2:08:09.1469480 PM","python.exe","55556","CreateFile","C:\Users\jimpames\Desktop\FESv8-algebraic\migration_toolkit\skeleton_engine","Desired Access: Read Attributes, Synchronize, Disposition: Open, Options: Synchronous IO Non-Alert, Attributes: n/a, ShareMode: None, AllocationSize: n/a, OpenResult: Opened","SUCCESS"
"2:08:09.1469739 PM","python.exe","55556","QueryInformationVolume","C:\Users\jimpames\Desktop\FESv8-algebraic\migration_toolkit\skeleton_engine","VolumeCreationTime: 5/30/2024 3:01:34 PM, VolumeSerialNumber: 66CA-DF9F, SupportsObjects: True, VolumeLabel: Winፇ","BUFFER OVERFLOW"
"2:08:09.1469842 PM","python.exe","55556","QueryAllInformationFile","C:\Users\jimpames\Desktop\FESv8-algebraic\migration_toolkit\skeleton_engine","CreationTime: 6/6/2026 6:32:24 AM, LastAccessTime: 6/7/2026 2:08:09 PM, LastWriteTime: 6/6/2026 7:26:23 AM, ChangeTime: 6/6/2026 7:26:23 AM, FileAttributes: D, AllocationSize: 8,192, EndOfFile: 8,192","BUFFER OVERFLOW"
"2:08:09.1469952 PM","python.exe","55556","CloseFile","C:\Users\jimpames\Desktop\FESv8-algebraic\migration_toolkit\skeleton_engine","","SUCCESS"
"2:08:09.1470767 PM","python.exe","55556","CreateFile","C:\Users\jimpames\Desktop\FESv8-algebraic\migration_toolkit\skeleton_engine","Desired Access: Read Attributes, Synchronize, Disposition: Open, Options: Synchronous IO Non-Alert, Attributes: n/a, ShareMode: None, AllocationSize: n/a, OpenResult: Opened","SUCCESS"
"2:08:09.1470908 PM","python.exe","55556","QueryInformationVolume","C:\Users\jimpames\Desktop\FESv8-algebraic\migration_toolkit\skeleton_engine","VolumeCreationTime: 5/30/2024 3:01:34 PM, VolumeSerialNumber: 66CA-DF9F, SupportsObjects: True, VolumeLabel: Win","BUFFER OVERFLOW"
"2:08:09.1470986 PM","python.exe","55556","QueryAllInformationFile","C:\Users\jimpames\Desktop\FESv8-algebraic\migration_toolkit\skeleton_engine","CreationTime: 6/6/2026 6:32:24 AM, LastAccessTime: 6/7/2026 2:08:09 PM, LastWriteTime: 6/6/2026 7:26:23 AM, ChangeTime: 6/6/2026 7:26:23 AM, FileAttributes: D, AllocationSize: 8,192, EndOfFile: 8,192","BUFFER OVERFLOW"
"2:08:09.1471073 PM","python.exe","55556","CloseFile","C:\Users\jimpames\Desktop\FESv8-algebraic\migration_toolkit\skeleton_engine","","SUCCESS"
"2:08:09.1471921 PM","python.exe","55556","CreateFile","C:\Users\jimpames\Desktop\FESv8-algebraic\migration_toolkit\skeleton_engine","Desired Access: Read Attributes, Synchronize, Disposition: Open, Options: Synchronous IO Non-Alert, Attributes: n/a, ShareMode: None, AllocationSize: n/a, OpenResult: Opened","SUCCESS"
"2:08:09.1472242 PM","python.exe","55556","QueryInformationVolume","C:\Users\jimpames\Desktop\FESv8-algebraic\migration_toolkit\skeleton_engine","VolumeCreationTime: 5/30/2024 3:01:34 PM, VolumeSerialNumber: 66CA-DF9F, SupportsObjects: True, VolumeLabel: Winხ","BUFFER OVERFLOW"
"2:08:09.1472343 PM","python.exe","55556","QueryAllInformationFile","C:\Users\jimpames\Desktop\FESv8-algebraic\migration_toolkit\skeleton_engine","CreationTime: 6/6/2026 6:32:24 AM, LastAccessTime: 6/7/2026 2:08:09 PM, LastWriteTime: 6/6/2026 7:26:23 AM, ChangeTime: 6/6/2026 7:26:23 AM, FileAttributes: D, AllocationSize: 8,192, EndOfFile: 8,192","BUFFER OVERFLOW"
"2:08:09.1472473 PM","python.exe","55556","CloseFile","C:\Users\jimpames\Desktop\FESv8-algebraic\migration_toolkit\skeleton_engine","","SUCCESS"
"2:08:09.1473797 PM","python.exe","55556","CreateFile","C:\Users\jimpames\Desktop\FESv8-algebraic\migration_toolkit\skeleton_engine","Desired Access: Read Data/List Directory, Synchronize, Disposition: Open, Options: Directory, Synchronous IO Non-Alert, Attributes: n/a, ShareMode: Read, Write, Delete, AllocationSize: n/a, OpenResult: Opened","SUCCESS"
"2:08:09.1474424 PM","python.exe","55556","QueryDirectory","C:\Users\jimpames\Desktop\FESv8-algebraic\migration_toolkit\skeleton_engine","FileInformationClass: FileBothDirectoryInformation, 1: .., 2: build_pipeline.py, 3: customer_fidelity_validator.py, 4: immutables_classifier.py, 5: immutables_validator.py, 6: jpa_scrubber.py","SUCCESS"
"2:08:09.1474708 PM","python.exe","55556","QueryDirectory","C:\Users\jimpames\Desktop\FESv8-algebraic\migration_toolkit\skeleton_engine","FileInformationClass: FileBothDirectoryInformation","NO MORE FILES"
"2:08:09.1474802 PM","python.exe","55556","CloseFile","C:\Users\jimpames\Desktop\FESv8-algebraic\migration_toolkit\skeleton_engine","","SUCCESS"
"2:08:09.1487630 PM","python.exe","55556","CreateFile","C:\Users\jimpames\Desktop\FESv8-algebraic\migration_toolkit\skeleton_engine","Desired Access: Read Attributes, Synchronize, Disposition: Open, Options: Synchronous IO Non-Alert, Attributes: n/a, ShareMode: None, AllocationSize: n/a, OpenResult: Opened","SUCCESS"
"2:08:09.1488011 PM","python.exe","55556","QueryInformationVolume","C:\Users\jimpames\Desktop\FESv8-algebraic\migration_toolkit\skeleton_engine","VolumeCreationTime: 5/30/2024 3:01:34 PM, VolumeSerialNumber: 66CA-DF9F, SupportsObjects: True, VolumeLabel: Winፇ","BUFFER OVERFLOW"
"2:08:09.1488122 PM","python.exe","55556","QueryAllInformationFile","C:\Users\jimpames\Desktop\FESv8-algebraic\migration_toolkit\skeleton_engine","CreationTime: 6/6/2026 6:32:24 AM, LastAccessTime: 6/7/2026 2:08:09 PM, LastWriteTime: 6/6/2026 7:26:23 AM, ChangeTime: 6/6/2026 7:26:23 AM, FileAttributes: D, AllocationSize: 8,192, EndOfFile: 8,192","BUFFER OVERFLOW"
"2:08:09.1488233 PM","python.exe","55556","CloseFile","C:\Users\jimpames\Desktop\FESv8-algebraic\migration_toolkit\skeleton_engine","","SUCCESS"
"2:08:09.1503720 PM","python.exe","55556","CreateFile","C:\Users\jimpames\Desktop\FESv8-algebraic\migration_toolkit\skeleton_engine","Desired Access: Read Attributes, Synchronize, Disposition: Open, Options: Synchronous IO Non-Alert, Attributes: n/a, ShareMode: None, AllocationSize: n/a, OpenResult: Opened","SUCCESS"
"2:08:09.1504052 PM","python.exe","55556","QueryInformationVolume","C:\Users\jimpames\Desktop\FESv8-algebraic\migration_toolkit\skeleton_engine","VolumeCreationTime: 5/30/2024 3:01:34 PM, VolumeSerialNumber: 66CA-DF9F, SupportsObjects: True, VolumeLabel: Winხ","BUFFER OVERFLOW"
"2:08:09.1504207 PM","python.exe","55556","QueryAllInformationFile","C:\Users\jimpames\Desktop\FESv8-algebraic\migration_toolkit\skeleton_engine","CreationTime: 6/6/2026 6:32:24 AM, LastAccessTime: 6/7/2026 2:08:09 PM, LastWriteTime: 6/6/2026 7:26:23 AM, ChangeTime: 6/6/2026 7:26:23 AM, FileAttributes: D, AllocationSize: 8,192, EndOfFile: 8,192","BUFFER OVERFLOW"
"2:08:09.1504375 PM","python.exe","55556","CloseFile","C:\Users\jimpames\Desktop\FESv8-algebraic\migration_toolkit\skeleton_engine","","SUCCESS"
"2:08:09.1518535 PM","python.exe","55556","CreateFile","C:\Users\jimpames\Desktop\FESv8-algebraic\migration_toolkit\skeleton_engine","Desired Access: Read Attributes, Synchronize, Disposition: Open, Options: Synchronous IO Non-Alert, Attributes: n/a, ShareMode: None, AllocationSize: n/a, OpenResult: Opened","SUCCESS"
"2:08:09.1518809 PM","python.exe","55556","QueryInformationVolume","C:\Users\jimpames\Desktop\FESv8-algebraic\migration_toolkit\skeleton_engine","VolumeCreationTime: 5/30/2024 3:01:34 PM, VolumeSerialNumber: 66CA-DF9F, SupportsObjects: True, VolumeLabel: Winፇ","BUFFER OVERFLOW"
"2:08:09.1518908 PM","python.exe","55556","QueryAllInformationFile","C:\Users\jimpames\Desktop\FESv8-algebraic\migration_toolkit\skeleton_engine","CreationTime: 6/6/2026 6:32:24 AM, LastAccessTime: 6/7/2026 2:08:09 PM, LastWriteTime: 6/6/2026 7:26:23 AM, ChangeTime: 6/6/2026 7:26:23 AM, FileAttributes: D, AllocationSize: 8,192, EndOfFile: 8,192","BUFFER OVERFLOW"
"2:08:09.1519027 PM","python.exe","55556","CloseFile","C:\Users\jimpames\Desktop\FESv8-algebraic\migration_toolkit\skeleton_engine","","SUCCESS"
"2:08:09.1535432 PM","python.exe","55556","CreateFile","C:\Users\jimpames\Desktop\FESv8-algebraic\migration_toolkit\skeleton_engine","Desired Access: Read Attributes, Synchronize, Disposition: Open, Options: Synchronous IO Non-Alert, Attributes: n/a, ShareMode: None, AllocationSize: n/a, OpenResult: Opened","SUCCESS"
"2:08:09.1535725 PM","python.exe","55556","QueryInformationVolume","C:\Users\jimpames\Desktop\FESv8-algebraic\migration_toolkit\skeleton_engine","VolumeCreationTime: 5/30/2024 3:01:34 PM, VolumeSerialNumber: 66CA-DF9F, SupportsObjects: True, VolumeLabel: Winፇ","BUFFER OVERFLOW"
"2:08:09.1535855 PM","python.exe","55556","QueryAllInformationFile","C:\Users\jimpames\Desktop\FESv8-algebraic\migration_toolkit\skeleton_engine","CreationTime: 6/6/2026 6:32:24 AM, LastAccessTime: 6/7/2026 2:08:09 PM, LastWriteTime: 6/6/2026 7:26:23 AM, ChangeTime: 6/6/2026 7:26:23 AM, FileAttributes: D, AllocationSize: 8,192, EndOfFile: 8,192","BUFFER OVERFLOW"
"2:08:09.1536020 PM","python.exe","55556","CloseFile","C:\Users\jimpames\Desktop\FESv8-algebraic\migration_toolkit\skeleton_engine","","SUCCESS"
"2:08:09.1558985 PM","python.exe","55556","CreateFile","C:\Users\jimpames\Desktop\FESv8-algebraic\migration_toolkit\skeleton_engine","Desired Access: Read Attributes, Synchronize, Disposition: Open, Options: Synchronous IO Non-Alert, Attributes: n/a, ShareMode: None, AllocationSize: n/a, OpenResult: Opened","SUCCESS"
"2:08:09.1559371 PM","python.exe","55556","QueryInformationVolume","C:\Users\jimpames\Desktop\FESv8-algebraic\migration_toolkit\skeleton_engine","VolumeCreationTime: 5/30/2024 3:01:34 PM, VolumeSerialNumber: 66CA-DF9F, SupportsObjects: True, VolumeLabel: Winፇ","BUFFER OVERFLOW"
"2:08:09.1559545 PM","python.exe","55556","QueryAllInformationFile","C:\Users\jimpames\Desktop\FESv8-algebraic\migration_toolkit\skeleton_engine","CreationTime: 6/6/2026 6:32:24 AM, LastAccessTime: 6/7/2026 2:08:09 PM, LastWriteTime: 6/6/2026 7:26:23 AM, ChangeTime: 6/6/2026 7:26:23 AM, FileAttributes: D, AllocationSize: 8,192, EndOfFile: 8,192","BUFFER OVERFLOW"
"2:08:09.1559743 PM","python.exe","55556","CloseFile","C:\Users\jimpames\Desktop\FESv8-algebraic\migration_toolkit\skeleton_engine","","SUCCESS"
"2:08:09.1579827 PM","python.exe","55556","CreateFile","C:\Users\jimpames\Desktop\FESv8-algebraic\migration_toolkit\skeleton_engine","Desired Access: Read Attributes, Synchronize, Disposition: Open, Options: Synchronous IO Non-Alert, Attributes: n/a, ShareMode: None, AllocationSize: n/a, OpenResult: Opened","SUCCESS"
"2:08:09.1580183 PM","python.exe","55556","QueryInformationVolume","C:\Users\jimpames\Desktop\FESv8-algebraic\migration_toolkit\skeleton_engine","VolumeCreationTime: 5/30/2024 3:01:34 PM, VolumeSerialNumber: 66CA-DF9F, SupportsObjects: True, VolumeLabel: Winፇ","BUFFER OVERFLOW"
"2:08:09.1580369 PM","python.exe","55556","QueryAllInformationFile","C:\Users\jimpames\Desktop\FESv8-algebraic\migration_toolkit\skeleton_engine","CreationTime: 6/6/2026 6:32:24 AM, LastAccessTime: 6/7/2026 2:08:09 PM, LastWriteTime: 6/6/2026 7:26:23 AM, ChangeTime: 6/6/2026 7:26:23 AM, FileAttributes: D, AllocationSize: 8,192, EndOfFile: 8,192","BUFFER OVERFLOW"
"2:08:09.1580569 PM","python.exe","55556","CloseFile","C:\Users\jimpames\Desktop\FESv8-algebraic\migration_toolkit\skeleton_engine","","SUCCESS"
"2:08:09.1608381 PM","python.exe","55556","CreateFile","C:\Users\jimpames\Desktop\FESv8-algebraic\migration_toolkit\skeleton_engine","Desired Access: Read Attributes, Synchronize, Disposition: Open, Options: Synchronous IO Non-Alert, Attributes: n/a, ShareMode: None, AllocationSize: n/a, OpenResult: Opened","SUCCESS"
"2:08:09.1608869 PM","python.exe","55556","QueryInformationVolume","C:\Users\jimpames\Desktop\FESv8-algebraic\migration_toolkit\skeleton_engine","VolumeCreationTime: 5/30/2024 3:01:34 PM, VolumeSerialNumber: 66CA-DF9F, SupportsObjects: True, VolumeLabel: Winხ","BUFFER OVERFLOW"
"2:08:09.1609201 PM","python.exe","55556","QueryAllInformationFile","C:\Users\jimpames\Desktop\FESv8-algebraic\migration_toolkit\skeleton_engine","CreationTime: 6/6/2026 6:32:24 AM, LastAccessTime: 6/7/2026 2:08:09 PM, LastWriteTime: 6/6/2026 7:26:23 AM, ChangeTime: 6/6/2026 7:26:23 AM, FileAttributes: D, AllocationSize: 8,192, EndOfFile: 8,192","BUFFER OVERFLOW"
"2:08:09.1609537 PM","python.exe","55556","CloseFile","C:\Users\jimpames\Desktop\FESv8-algebraic\migration_toolkit\skeleton_engine","","SUCCESS"
"2:08:09.1634827 PM","python.exe","55556","CreateFile","C:\Users\jimpames\Desktop\FESv8-algebraic\migration_toolkit\skeleton_engine","Desired Access: Read Attributes, Synchronize, Disposition: Open, Options: Synchronous IO Non-Alert, Attributes: n/a, ShareMode: None, AllocationSize: n/a, OpenResult: Opened","SUCCESS"
"2:08:09.1635196 PM","python.exe","55556","QueryInformationVolume","C:\Users\jimpames\Desktop\FESv8-algebraic\migration_toolkit\skeleton_engine","VolumeCreationTime: 5/30/2024 3:01:34 PM, VolumeSerialNumber: 66CA-DF9F, SupportsObjects: True, VolumeLabel: Winᅱ","BUFFER OVERFLOW"
"2:08:09.1635420 PM","python.exe","55556","QueryAllInformationFile","C:\Users\jimpames\Desktop\FESv8-algebraic\migration_toolkit\skeleton_engine","CreationTime: 6/6/2026 6:32:24 AM, LastAccessTime: 6/7/2026 2:08:09 PM, LastWriteTime: 6/6/2026 7:26:23 AM, ChangeTime: 6/6/2026 7:26:23 AM, FileAttributes: D, AllocationSize: 8,192, EndOfFile: 8,192","BUFFER OVERFLOW"
"2:08:09.1635656 PM","python.exe","55556","CloseFile","C:\Users\jimpames\Desktop\FESv8-algebraic\migration_toolkit\skeleton_engine","","SUCCESS"
"2:08:09.1652615 PM","python.exe","55556","CreateFile","C:\Users\jimpames\Desktop\FESv8-algebraic\migration_toolkit\skeleton_engine","Desired Access: Read Attributes, Synchronize, Disposition: Open, Options: Synchronous IO Non-Alert, Attributes: n/a, ShareMode: None, AllocationSize: n/a, OpenResult: Opened","SUCCESS"
"2:08:09.1652986 PM","python.exe","55556","QueryInformationVolume","C:\Users\jimpames\Desktop\FESv8-algebraic\migration_toolkit\skeleton_engine","VolumeCreationTime: 5/30/2024 3:01:34 PM, VolumeSerialNumber: 66CA-DF9F, SupportsObjects: True, VolumeLabel: Winፇ","BUFFER OVERFLOW"
"2:08:09.1653186 PM","python.exe","55556","QueryAllInformationFile","C:\Users\jimpames\Desktop\FESv8-algebraic\migration_toolkit\skeleton_engine","CreationTime: 6/6/2026 6:32:24 AM, LastAccessTime: 6/7/2026 2:08:09 PM, LastWriteTime: 6/6/2026 7:26:23 AM, ChangeTime: 6/6/2026 7:26:23 AM, FileAttributes: D, AllocationSize: 8,192, EndOfFile: 8,192","BUFFER OVERFLOW"
"2:08:09.1653486 PM","python.exe","55556","CloseFile","C:\Users\jimpames\Desktop\FESv8-algebraic\migration_toolkit\skeleton_engine","","SUCCESS"
"2:08:09.1679549 PM","python.exe","55556","CreateFile","C:\Users\jimpames\Desktop\FESv8-algebraic\migration_toolkit\skeleton_engine","Desired Access: Read Attributes, Synchronize, Disposition: Open, Options: Synchronous IO Non-Alert, Attributes: n/a, ShareMode: None, AllocationSize: n/a, OpenResult: Opened","SUCCESS"
"2:08:09.1679950 PM","python.exe","55556","QueryInformationVolume","C:\Users\jimpames\Desktop\FESv8-algebraic\migration_toolkit\skeleton_engine","VolumeCreationTime: 5/30/2024 3:01:34 PM, VolumeSerialNumber: 66CA-DF9F, SupportsObjects: True, VolumeLabel: Win","BUFFER OVERFLOW"
"2:08:09.1680294 PM","python.exe","55556","QueryAllInformationFile","C:\Users\jimpames\Desktop\FESv8-algebraic\migration_toolkit\skeleton_engine","CreationTime: 6/6/2026 6:32:24 AM, LastAccessTime: 6/7/2026 2:08:09 PM, LastWriteTime: 6/6/2026 7:26:23 AM, ChangeTime: 6/6/2026 7:26:23 AM, FileAttributes: D, AllocationSize: 8,192, EndOfFile: 8,192","BUFFER OVERFLOW"
"2:08:09.1680530 PM","python.exe","55556","CloseFile","C:\Users\jimpames\Desktop\FESv8-algebraic\migration_toolkit\skeleton_engine","","SUCCESS"
"2:08:09.1698130 PM","python.exe","55556","CreateFile","C:\Users\jimpames\Desktop\FESv8-algebraic\migration_toolkit\skeleton_engine","Desired Access: Read Attributes, Synchronize, Disposition: Open, Options: Synchronous IO Non-Alert, Attributes: n/a, ShareMode: None, AllocationSize: n/a, OpenResult: Opened","SUCCESS"
"2:08:09.1698402 PM","python.exe","55556","QueryInformationVolume","C:\Users\jimpames\Desktop\FESv8-algebraic\migration_toolkit\skeleton_engine","VolumeCreationTime: 5/30/2024 3:01:34 PM, VolumeSerialNumber: 66CA-DF9F, SupportsObjects: True, VolumeLabel: Winხ","BUFFER OVERFLOW"
"2:08:09.1698537 PM","python.exe","55556","QueryAllInformationFile","C:\Users\jimpames\Desktop\FESv8-algebraic\migration_toolkit\skeleton_engine","CreationTime: 6/6/2026 6:32:24 AM, LastAccessTime: 6/7/2026 2:08:09 PM, LastWriteTime: 6/6/2026 7:26:23 AM, ChangeTime: 6/6/2026 7:26:23 AM, FileAttributes: D, AllocationSize: 8,192, EndOfFile: 8,192","BUFFER OVERFLOW"
"2:08:09.1698681 PM","python.exe","55556","CloseFile","C:\Users\jimpames\Desktop\FESv8-algebraic\migration_toolkit\skeleton_engine","","SUCCESS"
"2:08:09.1718369 PM","python.exe","55556","CreateFile","C:\Users\jimpames\Desktop\FESv8-algebraic\migration_toolkit\skeleton_engine","Desired Access: Read Attributes, Synchronize, Disposition: Open, Options: Synchronous IO Non-Alert, Attributes: n/a, ShareMode: None, AllocationSize: n/a, OpenResult: Opened","SUCCESS"
"2:08:09.1718787 PM","python.exe","55556","QueryInformationVolume","C:\Users\jimpames\Desktop\FESv8-algebraic\migration_toolkit\skeleton_engine","VolumeCreationTime: 5/30/2024 3:01:34 PM, VolumeSerialNumber: 66CA-DF9F, SupportsObjects: True, VolumeLabel: Winᅱ","BUFFER OVERFLOW"
"2:08:09.1718966 PM","python.exe","55556","QueryAllInformationFile","C:\Users\jimpames\Desktop\FESv8-algebraic\migration_toolkit\skeleton_engine","CreationTime: 6/6/2026 6:32:24 AM, LastAccessTime: 6/7/2026 2:08:09 PM, LastWriteTime: 6/6/2026 7:26:23 AM, ChangeTime: 6/6/2026 7:26:23 AM, FileAttributes: D, AllocationSize: 8,192, EndOfFile: 8,192","BUFFER OVERFLOW"
"2:08:09.1719151 PM","python.exe","55556","CloseFile","C:\Users\jimpames\Desktop\FESv8-algebraic\migration_toolkit\skeleton_engine","","SUCCESS"
"2:08:09.1744658 PM","python.exe","55556","CreateFile","C:\Users\jimpames\Desktop\FESv8-algebraic\migration_toolkit\skeleton_engine","Desired Access: Read Attributes, Synchronize, Disposition: Open, Options: Synchronous IO Non-Alert, Attributes: n/a, ShareMode: None, AllocationSize: n/a, OpenResult: Opened","SUCCESS"
"2:08:09.1744973 PM","python.exe","55556","QueryInformationVolume","C:\Users\jimpames\Desktop\FESv8-algebraic\migration_toolkit\skeleton_engine","VolumeCreationTime: 5/30/2024 3:01:34 PM, VolumeSerialNumber: 66CA-DF9F, SupportsObjects: True, VolumeLabel: Winხ","BUFFER OVERFLOW"
"2:08:09.1745104 PM","python.exe","55556","QueryAllInformationFile","C:\Users\jimpames\Desktop\FESv8-algebraic\migration_toolkit\skeleton_engine","CreationTime: 6/6/2026 6:32:24 AM, LastAccessTime: 6/7/2026 2:08:09 PM, LastWriteTime: 6/6/2026 7:26:23 AM, ChangeTime: 6/6/2026 7:26:23 AM, FileAttributes: D, AllocationSize: 8,192, EndOfFile: 8,192","BUFFER OVERFLOW"
"2:08:09.1745246 PM","python.exe","55556","CloseFile","C:\Users\jimpames\Desktop\FESv8-algebraic\migration_toolkit\skeleton_engine","","SUCCESS"
"2:08:09.1762341 PM","python.exe","55556","CreateFile","C:\Users\jimpames\Desktop\FESv8-algebraic\migration_toolkit\skeleton_engine","Desired Access: Read Attributes, Synchronize, Disposition: Open, Options: Synchronous IO Non-Alert, Attributes: n/a, ShareMode: None, AllocationSize: n/a, OpenResult: Opened","SUCCESS"
"2:08:09.1762622 PM","python.exe","55556","QueryInformationVolume","C:\Users\jimpames\Desktop\FESv8-algebraic\migration_toolkit\skeleton_engine","VolumeCreationTime: 5/30/2024 3:01:34 PM, VolumeSerialNumber: 66CA-DF9F, SupportsObjects: True, VolumeLabel: Winፇ","BUFFER OVERFLOW"
"2:08:09.1762739 PM","python.exe","55556","QueryAllInformationFile","C:\Users\jimpames\Desktop\FESv8-algebraic\migration_toolkit\skeleton_engine","CreationTime: 6/6/2026 6:32:24 AM, LastAccessTime: 6/7/2026 2:08:09 PM, LastWriteTime: 6/6/2026 7:26:23 AM, ChangeTime: 6/6/2026 7:26:23 AM, FileAttributes: D, AllocationSize: 8,192, EndOfFile: 8,192","BUFFER OVERFLOW"
"2:08:09.1762869 PM","python.exe","55556","CloseFile","C:\Users\jimpames\Desktop\FESv8-algebraic\migration_toolkit\skeleton_engine","","SUCCESS"
"2:08:09.1788011 PM","python.exe","55556","CreateFile","C:\Users\jimpames\Desktop\FESv8-algebraic\migration_toolkit\skeleton_engine","Desired Access: Read Attributes, Synchronize, Disposition: Open, Options: Synchronous IO Non-Alert, Attributes: n/a, ShareMode: None, AllocationSize: n/a, OpenResult: Opened","SUCCESS"
"2:08:09.1788517 PM","python.exe","55556","QueryInformationVolume","C:\Users\jimpames\Desktop\FESv8-algebraic\migration_toolkit\skeleton_engine","VolumeCreationTime: 5/30/2024 3:01:34 PM, VolumeSerialNumber: 66CA-DF9F, SupportsObjects: True, VolumeLabel: Winፇ","BUFFER OVERFLOW"
"2:08:09.1788645 PM","python.exe","55556","QueryAllInformationFile","C:\Users\jimpames\Desktop\FESv8-algebraic\migration_toolkit\skeleton_engine","CreationTime: 6/6/2026 6:32:24 AM, LastAccessTime: 6/7/2026 2:08:09 PM, LastWriteTime: 6/6/2026 7:26:23 AM, ChangeTime: 6/6/2026 7:26:23 AM, FileAttributes: D, AllocationSize: 8,192, EndOfFile: 8,192","BUFFER OVERFLOW"
"2:08:09.1788768 PM","python.exe","55556","CloseFile","C:\Users\jimpames\Desktop\FESv8-algebraic\migration_toolkit\skeleton_engine","","SUCCESS"
"2:08:09.1870816 PM","python.exe","55556","CreateFile","C:\Users\jimpames\Desktop\FESv8-algebraic\migration_toolkit\skeleton_engine","Desired Access: Read Attributes, Synchronize, Disposition: Open, Options: Synchronous IO Non-Alert, Attributes: n/a, ShareMode: None, AllocationSize: n/a, OpenResult: Opened","SUCCESS"
"2:08:09.1871265 PM","python.exe","55556","QueryInformationVolume","C:\Users\jimpames\Desktop\FESv8-algebraic\migration_toolkit\skeleton_engine","VolumeCreationTime: 5/30/2024 3:01:34 PM, VolumeSerialNumber: 66CA-DF9F, SupportsObjects: True, VolumeLabel: Win","BUFFER OVERFLOW"
"2:08:09.1871399 PM","python.exe","55556","QueryAllInformationFile","C:\Users\jimpames\Desktop\FESv8-algebraic\migration_toolkit\skeleton_engine","CreationTime: 6/6/2026 6:32:24 AM, LastAccessTime: 6/7/2026 2:08:09 PM, LastWriteTime: 6/6/2026 7:26:23 AM, ChangeTime: 6/6/2026 7:26:23 AM, FileAttributes: D, AllocationSize: 8,192, EndOfFile: 8,192","BUFFER OVERFLOW"
"2:08:09.1871543 PM","python.exe","55556","CloseFile","C:\Users\jimpames\Desktop\FESv8-algebraic\migration_toolkit\skeleton_engine","","SUCCESS"
"2:08:09.1893654 PM","python.exe","55556","CreateFile","C:\Users\jimpames\Desktop\FESv8-algebraic\migration_toolkit\skeleton_engine","Desired Access: Read Attributes, Synchronize, Disposition: Open, Options: Synchronous IO Non-Alert, Attributes: n/a, ShareMode: None, AllocationSize: n/a, OpenResult: Opened","SUCCESS"
"2:08:09.1894010 PM","python.exe","55556","QueryInformationVolume","C:\Users\jimpames\Desktop\FESv8-algebraic\migration_toolkit\skeleton_engine","VolumeCreationTime: 5/30/2024 3:01:34 PM, VolumeSerialNumber: 66CA-DF9F, SupportsObjects: True, VolumeLabel: Winፇ","BUFFER OVERFLOW"
"2:08:09.1894136 PM","python.exe","55556","QueryAllInformationFile","C:\Users\jimpames\Desktop\FESv8-algebraic\migration_toolkit\skeleton_engine","CreationTime: 6/6/2026 6:32:24 AM, LastAccessTime: 6/7/2026 2:08:09 PM, LastWriteTime: 6/6/2026 7:26:23 AM, ChangeTime: 6/6/2026 7:26:23 AM, FileAttributes: D, AllocationSize: 8,192, EndOfFile: 8,192","BUFFER OVERFLOW"
"2:08:09.1894294 PM","python.exe","55556","CloseFile","C:\Users\jimpames\Desktop\FESv8-algebraic\migration_toolkit\skeleton_engine","","SUCCESS"
"2:08:09.1912894 PM","python.exe","55556","CreateFile","C:\Users\jimpames\Desktop\FESv8-algebraic\migration_toolkit\skeleton_engine","Desired Access: Read Attributes, Synchronize, Disposition: Open, Options: Synchronous IO Non-Alert, Attributes: n/a, ShareMode: None, AllocationSize: n/a, OpenResult: Opened","SUCCESS"
"2:08:09.1913229 PM","python.exe","55556","QueryInformationVolume","C:\Users\jimpames\Desktop\FESv8-algebraic\migration_toolkit\skeleton_engine","VolumeCreationTime: 5/30/2024 3:01:34 PM, VolumeSerialNumber: 66CA-DF9F, SupportsObjects: True, VolumeLabel: Winჾ","BUFFER OVERFLOW"
"2:08:09.1913530 PM","python.exe","55556","QueryAllInformationFile","C:\Users\jimpames\Desktop\FESv8-algebraic\migration_toolkit\skeleton_engine","CreationTime: 6/6/2026 6:32:24 AM, LastAccessTime: 6/7/2026 2:08:09 PM, LastWriteTime: 6/6/2026 7:26:23 AM, ChangeTime: 6/6/2026 7:26:23 AM, FileAttributes: D, AllocationSize: 8,192, EndOfFile: 8,192","BUFFER OVERFLOW"
"2:08:09.1913713 PM","python.exe","55556","CloseFile","C:\Users\jimpames\Desktop\FESv8-algebraic\migration_toolkit\skeleton_engine","","SUCCESS"
"2:08:09.1934871 PM","python.exe","55556","CreateFile","C:\Users\jimpames\Desktop\FESv8-algebraic\migration_toolkit\skeleton_engine","Desired Access: Read Attributes, Synchronize, Disposition: Open, Options: Synchronous IO Non-Alert, Attributes: n/a, ShareMode: None, AllocationSize: n/a, OpenResult: Opened","SUCCESS"
"2:08:09.1935216 PM","python.exe","55556","QueryInformationVolume","C:\Users\jimpames\Desktop\FESv8-algebraic\migration_toolkit\skeleton_engine","VolumeCreationTime: 5/30/2024 3:01:34 PM, VolumeSerialNumber: 66CA-DF9F, SupportsObjects: True, VolumeLabel: Winፇ","BUFFER OVERFLOW"
"2:08:09.1935375 PM","python.exe","55556","QueryAllInformationFile","C:\Users\jimpames\Desktop\FESv8-algebraic\migration_toolkit\skeleton_engine","CreationTime: 6/6/2026 6:32:24 AM, LastAccessTime: 6/7/2026 2:08:09 PM, LastWriteTime: 6/6/2026 7:26:23 AM, ChangeTime: 6/6/2026 7:26:23 AM, FileAttributes: D, AllocationSize: 8,192, EndOfFile: 8,192","BUFFER OVERFLOW"
"2:08:09.1935548 PM","python.exe","55556","CloseFile","C:\Users\jimpames\Desktop\FESv8-algebraic\migration_toolkit\skeleton_engine","","SUCCESS"
"2:08:09.1957486 PM","python.exe","55556","CreateFile","C:\Users\jimpames\Desktop\FESv8-algebraic\migration_toolkit\skeleton_engine","Desired Access: Read Attributes, Synchronize, Disposition: Open, Options: Synchronous IO Non-Alert, Attributes: n/a, ShareMode: None, AllocationSize: n/a, OpenResult: Opened","SUCCESS"
"2:08:09.1957851 PM","python.exe","55556","QueryInformationVolume","C:\Users\jimpames\Desktop\FESv8-algebraic\migration_toolkit\skeleton_engine","VolumeCreationTime: 5/30/2024 3:01:34 PM, VolumeSerialNumber: 66CA-DF9F, SupportsObjects: True, VolumeLabel: Win","BUFFER OVERFLOW"
"2:08:09.1958017 PM","python.exe","55556","QueryAllInformationFile","C:\Users\jimpames\Desktop\FESv8-algebraic\migration_toolkit\skeleton_engine","CreationTime: 6/6/2026 6:32:24 AM, LastAccessTime: 6/7/2026 2:08:09 PM, LastWriteTime: 6/6/2026 7:26:23 AM, ChangeTime: 6/6/2026 7:26:23 AM, FileAttributes: D, AllocationSize: 8,192, EndOfFile: 8,192","BUFFER OVERFLOW"
"2:08:09.1958230 PM","python.exe","55556","CloseFile","C:\Users\jimpames\Desktop\FESv8-algebraic\migration_toolkit\skeleton_engine","","SUCCESS"
"2:08:09.2019397 PM","python.exe","55556","CreateFile","C:\Users\jimpames\Desktop\FESv8-algebraic\migration_toolkit\skeleton_engine","Desired Access: Read Attributes, Synchronize, Disposition: Open, Options: Synchronous IO Non-Alert, Attributes: n/a, ShareMode: None, AllocationSize: n/a, OpenResult: Opened","SUCCESS"
"2:08:09.2019785 PM","python.exe","55556","QueryInformationVolume","C:\Users\jimpames\Desktop\FESv8-algebraic\migration_toolkit\skeleton_engine","VolumeCreationTime: 5/30/2024 3:01:34 PM, VolumeSerialNumber: 66CA-DF9F, SupportsObjects: True, VolumeLabel: Winᆾ","BUFFER OVERFLOW"
"2:08:09.2019982 PM","python.exe","55556","QueryAllInformationFile","C:\Users\jimpames\Desktop\FESv8-algebraic\migration_toolkit\skeleton_engine","CreationTime: 6/6/2026 6:32:24 AM, LastAccessTime: 6/7/2026 2:08:09 PM, LastWriteTime: 6/6/2026 7:26:23 AM, ChangeTime: 6/6/2026 7:26:23 AM, FileAttributes: D, AllocationSize: 8,192, EndOfFile: 8,192","BUFFER OVERFLOW"
"2:08:09.2020136 PM","python.exe","55556","CloseFile","C:\Users\jimpames\Desktop\FESv8-algebraic\migration_toolkit\skeleton_engine","","SUCCESS"
"2:08:09.2104988 PM","python.exe","55556","CreateFile","C:\Users\jimpames\Desktop\FESv8-algebraic\migration_toolkit\skeleton_engine","Desired Access: Read Attributes, Synchronize, Disposition: Open, Options: Synchronous IO Non-Alert, Attributes: n/a, ShareMode: None, AllocationSize: n/a, OpenResult: Opened","SUCCESS"
"2:08:09.2105675 PM","python.exe","55556","QueryInformationVolume","C:\Users\jimpames\Desktop\FESv8-algebraic\migration_toolkit\skeleton_engine","VolumeCreationTime: 5/30/2024 3:01:34 PM, VolumeSerialNumber: 66CA-DF9F, SupportsObjects: True, VolumeLabel: Winᅱ","BUFFER OVERFLOW"
"2:08:09.2105829 PM","python.exe","55556","QueryAllInformationFile","C:\Users\jimpames\Desktop\FESv8-algebraic\migration_toolkit\skeleton_engine","CreationTime: 6/6/2026 6:32:24 AM, LastAccessTime: 6/7/2026 2:08:09 PM, LastWriteTime: 6/6/2026 7:26:23 AM, ChangeTime: 6/6/2026 7:26:23 AM, FileAttributes: D, AllocationSize: 8,192, EndOfFile: 8,192","BUFFER OVERFLOW"
"2:08:09.2105963 PM","python.exe","55556","CloseFile","C:\Users\jimpames\Desktop\FESv8-algebraic\migration_toolkit\skeleton_engine","","SUCCESS"
"2:08:09.2151629 PM","python.exe","55556","CreateFile","C:\Users\jimpames\Desktop\FESv8-algebraic\migration_toolkit\skeleton_engine","Desired Access: Read Attributes, Synchronize, Disposition: Open, Options: Synchronous IO Non-Alert, Attributes: n/a, ShareMode: None, AllocationSize: n/a, OpenResult: Opened","SUCCESS"
"2:08:09.2151975 PM","python.exe","55556","QueryInformationVolume","C:\Users\jimpames\Desktop\FESv8-algebraic\migration_toolkit\skeleton_engine","VolumeCreationTime: 5/30/2024 3:01:34 PM, VolumeSerialNumber: 66CA-DF9F, SupportsObjects: True, VolumeLabel: Winፇ","BUFFER OVERFLOW"
"2:08:09.2152141 PM","python.exe","55556","QueryAllInformationFile","C:\Users\jimpames\Desktop\FESv8-algebraic\migration_toolkit\skeleton_engine","CreationTime: 6/6/2026 6:32:24 AM, LastAccessTime: 6/7/2026 2:08:09 PM, LastWriteTime: 6/6/2026 7:26:23 AM, ChangeTime: 6/6/2026 7:26:23 AM, FileAttributes: D, AllocationSize: 8,192, EndOfFile: 8,192","BUFFER OVERFLOW"
"2:08:09.2152313 PM","python.exe","55556","CloseFile","C:\Users\jimpames\Desktop\FESv8-algebraic\migration_toolkit\skeleton_engine","","SUCCESS"
"2:08:09.2195635 PM","python.exe","55556","CreateFile","C:\Users\jimpames\Desktop\FESv8-algebraic\migration_toolkit\skeleton_engine","Desired Access: Read Attributes, Synchronize, Disposition: Open, Options: Synchronous IO Non-Alert, Attributes: n/a, ShareMode: None, AllocationSize: n/a, OpenResult: Opened","SUCCESS"
"2:08:09.2196122 PM","python.exe","55556","QueryInformationVolume","C:\Users\jimpames\Desktop\FESv8-algebraic\migration_toolkit\skeleton_engine","VolumeCreationTime: 5/30/2024 3:01:34 PM, VolumeSerialNumber: 66CA-DF9F, SupportsObjects: True, VolumeLabel: Winፈ","BUFFER OVERFLOW"
"2:08:09.2196334 PM","python.exe","55556","QueryAllInformationFile","C:\Users\jimpames\Desktop\FESv8-algebraic\migration_toolkit\skeleton_engine","CreationTime: 6/6/2026 6:32:24 AM, LastAccessTime: 6/7/2026 2:08:09 PM, LastWriteTime: 6/6/2026 7:26:23 AM, ChangeTime: 6/6/2026 7:26:23 AM, FileAttributes: D, AllocationSize: 8,192, EndOfFile: 8,192","BUFFER OVERFLOW"
"2:08:09.2196713 PM","python.exe","55556","CloseFile","C:\Users\jimpames\Desktop\FESv8-algebraic\migration_toolkit\skeleton_engine","","SUCCESS"
"2:08:09.2218594 PM","python.exe","55556","CreateFile","C:\Users\jimpames\Desktop\FESv8-algebraic\migration_toolkit\skeleton_engine","Desired Access: Read Attributes, Synchronize, Disposition: Open, Options: Synchronous IO Non-Alert, Attributes: n/a, ShareMode: None, AllocationSize: n/a, OpenResult: Opened","SUCCESS"
"2:08:09.2219032 PM","python.exe","55556","QueryInformationVolume","C:\Users\jimpames\Desktop\FESv8-algebraic\migration_toolkit\skeleton_engine","VolumeCreationTime: 5/30/2024 3:01:34 PM, VolumeSerialNumber: 66CA-DF9F, SupportsObjects: True, VolumeLabel: Winፈ","BUFFER OVERFLOW"
"2:08:09.2219256 PM","python.exe","55556","QueryAllInformationFile","C:\Users\jimpames\Desktop\FESv8-algebraic\migration_toolkit\skeleton_engine","CreationTime: 6/6/2026 6:32:24 AM, LastAccessTime: 6/7/2026 2:08:09 PM, LastWriteTime: 6/6/2026 7:26:23 AM, ChangeTime: 6/6/2026 7:26:23 AM, FileAttributes: D, AllocationSize: 8,192, EndOfFile: 8,192","BUFFER OVERFLOW"
"2:08:09.2219493 PM","python.exe","55556","CloseFile","C:\Users\jimpames\Desktop\FESv8-algebraic\migration_toolkit\skeleton_engine","","SUCCESS"
"2:08:09.2244351 PM","python.exe","55556","CreateFile","C:\Users\jimpames\Desktop\FESv8-algebraic\migration_toolkit\skeleton_engine","Desired Access: Read Attributes, Synchronize, Disposition: Open, Options: Synchronous IO Non-Alert, Attributes: n/a, ShareMode: None, AllocationSize: n/a, OpenResult: Opened","SUCCESS"
"2:08:09.2244737 PM","python.exe","55556","QueryInformationVolume","C:\Users\jimpames\Desktop\FESv8-algebraic\migration_toolkit\skeleton_engine","VolumeCreationTime: 5/30/2024 3:01:34 PM, VolumeSerialNumber: 66CA-DF9F, SupportsObjects: True, VolumeLabel: Winፈ","BUFFER OVERFLOW"
"2:08:09.2244969 PM","python.exe","55556","QueryAllInformationFile","C:\Users\jimpames\Desktop\FESv8-algebraic\migration_toolkit\skeleton_engine","CreationTime: 6/6/2026 6:32:24 AM, LastAccessTime: 6/7/2026 2:08:09 PM, LastWriteTime: 6/6/2026 7:26:23 AM, ChangeTime: 6/6/2026 7:26:23 AM, FileAttributes: D, AllocationSize: 8,192, EndOfFile: 8,192","BUFFER OVERFLOW"
"2:08:09.2245521 PM","python.exe","55556","CloseFile","C:\Users\jimpames\Desktop\FESv8-algebraic\migration_toolkit\skeleton_engine","","SUCCESS"
"2:08:09.2279030 PM","python.exe","55556","CreateFile","C:\Users\jimpames\Desktop\FESv8-algebraic\migration_toolkit\skeleton_engine","Desired Access: Read Attributes, Synchronize, Disposition: Open, Options: Synchronous IO Non-Alert, Attributes: n/a, ShareMode: None, AllocationSize: n/a, OpenResult: Opened","SUCCESS"
"2:08:09.2279446 PM","python.exe","55556","QueryInformationVolume","C:\Users\jimpames\Desktop\FESv8-algebraic\migration_toolkit\skeleton_engine","VolumeCreationTime: 5/30/2024 3:01:34 PM, VolumeSerialNumber: 66CA-DF9F, SupportsObjects: True, VolumeLabel: Winᅱ","BUFFER OVERFLOW"
"2:08:09.2279686 PM","python.exe","55556","QueryAllInformationFile","C:\Users\jimpames\Desktop\FESv8-algebraic\migration_toolkit\skeleton_engine","CreationTime: 6/6/2026 6:32:24 AM, LastAccessTime: 6/7/2026 2:08:09 PM, LastWriteTime: 6/6/2026 7:26:23 AM, ChangeTime: 6/6/2026 7:26:23 AM, FileAttributes: D, AllocationSize: 8,192, EndOfFile: 8,192","BUFFER OVERFLOW"
"2:08:09.2279948 PM","python.exe","55556","CloseFile","C:\Users\jimpames\Desktop\FESv8-algebraic\migration_toolkit\skeleton_engine","","SUCCESS"
"2:08:09.2297759 PM","python.exe","55556","CreateFile","C:\Users\jimpames\Desktop\FESv8-algebraic\migration_toolkit\skeleton_engine","Desired Access: Read Attributes, Synchronize, Disposition: Open, Options: Synchronous IO Non-Alert, Attributes: n/a, ShareMode: None, AllocationSize: n/a, OpenResult: Opened","SUCCESS"
"2:08:09.2298088 PM","python.exe","55556","QueryInformationVolume","C:\Users\jimpames\Desktop\FESv8-algebraic\migration_toolkit\skeleton_engine","VolumeCreationTime: 5/30/2024 3:01:34 PM, VolumeSerialNumber: 66CA-DF9F, SupportsObjects: True, VolumeLabel: Winხ","BUFFER OVERFLOW"
"2:08:09.2298240 PM","python.exe","55556","QueryAllInformationFile","C:\Users\jimpames\Desktop\FESv8-algebraic\migration_toolkit\skeleton_engine","CreationTime: 6/6/2026 6:32:24 AM, LastAccessTime: 6/7/2026 2:08:09 PM, LastWriteTime: 6/6/2026 7:26:23 AM, ChangeTime: 6/6/2026 7:26:23 AM, FileAttributes: D, AllocationSize: 8,192, EndOfFile: 8,192","BUFFER OVERFLOW"
"2:08:09.2298913 PM","python.exe","55556","CloseFile","C:\Users\jimpames\Desktop\FESv8-algebraic\migration_toolkit\skeleton_engine","","SUCCESS"
"2:08:09.2324317 PM","python.exe","55556","CreateFile","C:\Users\jimpames\Desktop\FESv8-algebraic\migration_toolkit\skeleton_engine","Desired Access: Read Attributes, Synchronize, Disposition: Open, Options: Synchronous IO Non-Alert, Attributes: n/a, ShareMode: None, AllocationSize: n/a, OpenResult: Opened","SUCCESS"
"2:08:09.2324637 PM","python.exe","55556","QueryInformationVolume","C:\Users\jimpames\Desktop\FESv8-algebraic\migration_toolkit\skeleton_engine","VolumeCreationTime: 5/30/2024 3:01:34 PM, VolumeSerialNumber: 66CA-DF9F, SupportsObjects: True, VolumeLabel: Winხ","BUFFER OVERFLOW"
"2:08:09.2324821 PM","python.exe","55556","QueryAllInformationFile","C:\Users\jimpames\Desktop\FESv8-algebraic\migration_toolkit\skeleton_engine","CreationTime: 6/6/2026 6:32:24 AM, LastAccessTime: 6/7/2026 2:08:09 PM, LastWriteTime: 6/6/2026 7:26:23 AM, ChangeTime: 6/6/2026 7:26:23 AM, FileAttributes: D, AllocationSize: 8,192, EndOfFile: 8,192","BUFFER OVERFLOW"
"2:08:09.2324964 PM","python.exe","55556","CloseFile","C:\Users\jimpames\Desktop\FESv8-algebraic\migration_toolkit\skeleton_engine","","SUCCESS"
"2:08:09.2341998 PM","python.exe","55556","CreateFile","C:\Users\jimpames\Desktop\FESv8-algebraic\migration_toolkit\skeleton_engine","Desired Access: Read Attributes, Synchronize, Disposition: Open, Options: Synchronous IO Non-Alert, Attributes: n/a, ShareMode: None, AllocationSize: n/a, OpenResult: Opened","SUCCESS"
"2:08:09.2342306 PM","python.exe","55556","QueryInformationVolume","C:\Users\jimpames\Desktop\FESv8-algebraic\migration_toolkit\skeleton_engine","VolumeCreationTime: 5/30/2024 3:01:34 PM, VolumeSerialNumber: 66CA-DF9F, SupportsObjects: True, VolumeLabel: Winፇ","BUFFER OVERFLOW"
"2:08:09.2342451 PM","python.exe","55556","QueryAllInformationFile","C:\Users\jimpames\Desktop\FESv8-algebraic\migration_toolkit\skeleton_engine","CreationTime: 6/6/2026 6:32:24 AM, LastAccessTime: 6/7/2026 2:08:09 PM, LastWriteTime: 6/6/2026 7:26:23 AM, ChangeTime: 6/6/2026 7:26:23 AM, FileAttributes: D, AllocationSize: 8,192, EndOfFile: 8,192","BUFFER OVERFLOW"
"2:08:09.2342605 PM","python.exe","55556","CloseFile","C:\Users\jimpames\Desktop\FESv8-algebraic\migration_toolkit\skeleton_engine","","SUCCESS"
"2:08:09.2363605 PM","python.exe","55556","CreateFile","C:\Users\jimpames\Desktop\FESv8-algebraic\migration_toolkit\skeleton_engine","Desired Access: Read Attributes, Synchronize, Disposition: Open, Options: Synchronous IO Non-Alert, Attributes: n/a, ShareMode: None, AllocationSize: n/a, OpenResult: Opened","SUCCESS"
"2:08:09.2363921 PM","python.exe","55556","QueryInformationVolume","C:\Users\jimpames\Desktop\FESv8-algebraic\migration_toolkit\skeleton_engine","VolumeCreationTime: 5/30/2024 3:01:34 PM, VolumeSerialNumber: 66CA-DF9F, SupportsObjects: True, VolumeLabel: Winፇ","BUFFER OVERFLOW"
"2:08:09.2364086 PM","python.exe","55556","QueryAllInformationFile","C:\Users\jimpames\Desktop\FESv8-algebraic\migration_toolkit\skeleton_engine","CreationTime: 6/6/2026 6:32:24 AM, LastAccessTime: 6/7/2026 2:08:09 PM, LastWriteTime: 6/6/2026 7:26:23 AM, ChangeTime: 6/6/2026 7:26:23 AM, FileAttributes: D, AllocationSize: 8,192, EndOfFile: 8,192","BUFFER OVERFLOW"
"2:08:09.2364271 PM","python.exe","55556","CloseFile","C:\Users\jimpames\Desktop\FESv8-algebraic\migration_toolkit\skeleton_engine","","SUCCESS"
"2:08:09.2388108 PM","python.exe","55556","CreateFile","C:\Users\jimpames\Desktop\FESv8-algebraic\migration_toolkit\skeleton_engine","Desired Access: Read Attributes, Synchronize, Disposition: Open, Options: Synchronous IO Non-Alert, Attributes: n/a, ShareMode: None, AllocationSize: n/a, OpenResult: Opened","SUCCESS"
"2:08:09.2388485 PM","python.exe","55556","QueryInformationVolume","C:\Users\jimpames\Desktop\FESv8-algebraic\migration_toolkit\skeleton_engine","VolumeCreationTime: 5/30/2024 3:01:34 PM, VolumeSerialNumber: 66CA-DF9F, SupportsObjects: True, VolumeLabel: Winხ","BUFFER OVERFLOW"
"2:08:09.2388665 PM","python.exe","55556","QueryAllInformationFile","C:\Users\jimpames\Desktop\FESv8-algebraic\migration_toolkit\skeleton_engine","CreationTime: 6/6/2026 6:32:24 AM, LastAccessTime: 6/7/2026 2:08:09 PM, LastWriteTime: 6/6/2026 7:26:23 AM, ChangeTime: 6/6/2026 7:26:23 AM, FileAttributes: D, AllocationSize: 8,192, EndOfFile: 8,192","BUFFER OVERFLOW"
"2:08:09.2388849 PM","python.exe","55556","CloseFile","C:\Users\jimpames\Desktop\FESv8-algebraic\migration_toolkit\skeleton_engine","","SUCCESS"
"2:08:09.2412232 PM","python.exe","55556","CreateFile","C:\Users\jimpames\Desktop\FESv8-algebraic\migration_toolkit\skeleton_engine","Desired Access: Read Attributes, Synchronize, Disposition: Open, Options: Synchronous IO Non-Alert, Attributes: n/a, ShareMode: None, AllocationSize: n/a, OpenResult: Opened","SUCCESS"
"2:08:09.2412876 PM","python.exe","55556","QueryInformationVolume","C:\Users\jimpames\Desktop\FESv8-algebraic\migration_toolkit\skeleton_engine","VolumeCreationTime: 5/30/2024 3:01:34 PM, VolumeSerialNumber: 66CA-DF9F, SupportsObjects: True, VolumeLabel: Winᅱ","BUFFER OVERFLOW"
"2:08:09.2413069 PM","python.exe","55556","QueryAllInformationFile","C:\Users\jimpames\Desktop\FESv8-algebraic\migration_toolkit\skeleton_engine","CreationTime: 6/6/2026 6:32:24 AM, LastAccessTime: 6/7/2026 2:08:09 PM, LastWriteTime: 6/6/2026 7:26:23 AM, ChangeTime: 6/6/2026 7:26:23 AM, FileAttributes: D, AllocationSize: 8,192, EndOfFile: 8,192","BUFFER OVERFLOW"
"2:08:09.2413301 PM","python.exe","55556","CloseFile","C:\Users\jimpames\Desktop\FESv8-algebraic\migration_toolkit\skeleton_engine","","SUCCESS"
"2:08:09.2435101 PM","python.exe","55556","CreateFile","C:\Users\jimpames\Desktop\FESv8-algebraic\migration_toolkit\skeleton_engine","Desired Access: Read Attributes, Synchronize, Disposition: Open, Options: Synchronous IO Non-Alert, Attributes: n/a, ShareMode: None, AllocationSize: n/a, OpenResult: Opened","SUCCESS"
"2:08:09.2435493 PM","python.exe","55556","QueryInformationVolume","C:\Users\jimpames\Desktop\FESv8-algebraic\migration_toolkit\skeleton_engine","VolumeCreationTime: 5/30/2024 3:01:34 PM, VolumeSerialNumber: 66CA-DF9F, SupportsObjects: True, VolumeLabel: Winፇ","BUFFER OVERFLOW"
"2:08:09.2435648 PM","python.exe","55556","QueryAllInformationFile","C:\Users\jimpames\Desktop\FESv8-algebraic\migration_toolkit\skeleton_engine","CreationTime: 6/6/2026 6:32:24 AM, LastAccessTime: 6/7/2026 2:08:09 PM, LastWriteTime: 6/6/2026 7:26:23 AM, ChangeTime: 6/6/2026 7:26:23 AM, FileAttributes: D, AllocationSize: 8,192, EndOfFile: 8,192","BUFFER OVERFLOW"
"2:08:09.2435824 PM","python.exe","55556","CloseFile","C:\Users\jimpames\Desktop\FESv8-algebraic\migration_toolkit\skeleton_engine","","SUCCESS"
"2:08:09.2454718 PM","python.exe","55556","CreateFile","C:\Users\jimpames\Desktop\FESv8-algebraic\migration_toolkit\skeleton_engine","Desired Access: Read Attributes, Synchronize, Disposition: Open, Options: Synchronous IO Non-Alert, Attributes: n/a, ShareMode: None, AllocationSize: n/a, OpenResult: Opened","SUCCESS"
"2:08:09.2455094 PM","python.exe","55556","QueryInformationVolume","C:\Users\jimpames\Desktop\FESv8-algebraic\migration_toolkit\skeleton_engine","VolumeCreationTime: 5/30/2024 3:01:34 PM, VolumeSerialNumber: 66CA-DF9F, SupportsObjects: True, VolumeLabel: Winፇ","BUFFER OVERFLOW"
"2:08:09.2455801 PM","python.exe","55556","QueryAllInformationFile","C:\Users\jimpames\Desktop\FESv8-algebraic\migration_toolkit\skeleton_engine","CreationTime: 6/6/2026 6:32:24 AM, LastAccessTime: 6/7/2026 2:08:09 PM, LastWriteTime: 6/6/2026 7:26:23 AM, ChangeTime: 6/6/2026 7:26:23 AM, FileAttributes: D, AllocationSize: 8,192, EndOfFile: 8,192","BUFFER OVERFLOW"
"2:08:09.2455987 PM","python.exe","55556","CloseFile","C:\Users\jimpames\Desktop\FESv8-algebraic\migration_toolkit\skeleton_engine","","SUCCESS"
"2:08:09.2474179 PM","python.exe","55556","CreateFile","C:\Users\jimpames\Desktop\FESv8-algebraic\migration_toolkit\skeleton_engine","Desired Access: Read Attributes, Synchronize, Disposition: Open, Options: Synchronous IO Non-Alert, Attributes: n/a, ShareMode: None, AllocationSize: n/a, OpenResult: Opened","SUCCESS"
"2:08:09.2474555 PM","python.exe","55556","QueryInformationVolume","C:\Users\jimpames\Desktop\FESv8-algebraic\migration_toolkit\skeleton_engine","VolumeCreationTime: 5/30/2024 3:01:34 PM, VolumeSerialNumber: 66CA-DF9F, SupportsObjects: True, VolumeLabel: Winᅱ","BUFFER OVERFLOW"
"2:08:09.2474738 PM","python.exe","55556","QueryAllInformationFile","C:\Users\jimpames\Desktop\FESv8-algebraic\migration_toolkit\skeleton_engine","CreationTime: 6/6/2026 6:32:24 AM, LastAccessTime: 6/7/2026 2:08:09 PM, LastWriteTime: 6/6/2026 7:26:23 AM, ChangeTime: 6/6/2026 7:26:23 AM, FileAttributes: D, AllocationSize: 8,192, EndOfFile: 8,192","BUFFER OVERFLOW"
"2:08:09.2474929 PM","python.exe","55556","CloseFile","C:\Users\jimpames\Desktop\FESv8-algebraic\migration_toolkit\skeleton_engine","","SUCCESS"
"2:08:09.2521634 PM","python.exe","55556","CreateFile","C:\Users\jimpames\Desktop\FESv8-algebraic\migration_toolkit\skeleton_engine","Desired Access: Read Attributes, Synchronize, Disposition: Open, Options: Synchronous IO Non-Alert, Attributes: n/a, ShareMode: None, AllocationSize: n/a, OpenResult: Opened","SUCCESS"
"2:08:09.2522239 PM","python.exe","55556","QueryInformationVolume","C:\Users\jimpames\Desktop\FESv8-algebraic\migration_toolkit\skeleton_engine","VolumeCreationTime: 5/30/2024 3:01:34 PM, VolumeSerialNumber: 66CA-DF9F, SupportsObjects: True, VolumeLabel: Winፇ","BUFFER OVERFLOW"
"2:08:09.2522412 PM","python.exe","55556","QueryAllInformationFile","C:\Users\jimpames\Desktop\FESv8-algebraic\migration_toolkit\skeleton_engine","CreationTime: 6/6/2026 6:32:24 AM, LastAccessTime: 6/7/2026 2:08:09 PM, LastWriteTime: 6/6/2026 7:26:23 AM, ChangeTime: 6/6/2026 7:26:23 AM, FileAttributes: D, AllocationSize: 8,192, EndOfFile: 8,192","BUFFER OVERFLOW"
"2:08:09.2522584 PM","python.exe","55556","CloseFile","C:\Users\jimpames\Desktop\FESv8-algebraic\migration_toolkit\skeleton_engine","","SUCCESS"
"2:08:09.2552271 PM","python.exe","55556","CreateFile","C:\Users\jimpames\Desktop\FESv8-algebraic\migration_toolkit\skeleton_engine","Desired Access: Read Attributes, Synchronize, Disposition: Open, Options: Synchronous IO Non-Alert, Attributes: n/a, ShareMode: None, AllocationSize: n/a, OpenResult: Opened","SUCCESS"
"2:08:09.2552624 PM","python.exe","55556","QueryInformationVolume","C:\Users\jimpames\Desktop\FESv8-algebraic\migration_toolkit\skeleton_engine","VolumeCreationTime: 5/30/2024 3:01:34 PM, VolumeSerialNumber: 66CA-DF9F, SupportsObjects: True, VolumeLabel: Winፇ","BUFFER OVERFLOW"
"2:08:09.2552801 PM","python.exe","55556","QueryAllInformationFile","C:\Users\jimpames\Desktop\FESv8-algebraic\migration_toolkit\skeleton_engine","CreationTime: 6/6/2026 6:32:24 AM, LastAccessTime: 6/7/2026 2:08:09 PM, LastWriteTime: 6/6/2026 7:26:23 AM, ChangeTime: 6/6/2026 7:26:23 AM, FileAttributes: D, AllocationSize: 8,192, EndOfFile: 8,192","BUFFER OVERFLOW"
"2:08:09.2552974 PM","python.exe","55556","CloseFile","C:\Users\jimpames\Desktop\FESv8-algebraic\migration_toolkit\skeleton_engine","","SUCCESS"
"2:08:09.2576686 PM","python.exe","55556","CreateFile","C:\Users\jimpames\Desktop\FESv8-algebraic\migration_toolkit\skeleton_engine","Desired Access: Read Attributes, Synchronize, Disposition: Open, Options: Synchronous IO Non-Alert, Attributes: n/a, ShareMode: None, AllocationSize: n/a, OpenResult: Opened","SUCCESS"
"2:08:09.2576991 PM","python.exe","55556","QueryInformationVolume","C:\Users\jimpames\Desktop\FESv8-algebraic\migration_toolkit\skeleton_engine","VolumeCreationTime: 5/30/2024 3:01:34 PM, VolumeSerialNumber: 66CA-DF9F, SupportsObjects: True, VolumeLabel: Winፇ","BUFFER OVERFLOW"
"2:08:09.2577121 PM","python.exe","55556","QueryAllInformationFile","C:\Users\jimpames\Desktop\FESv8-algebraic\migration_toolkit\skeleton_engine","CreationTime: 6/6/2026 6:32:24 AM, LastAccessTime: 6/7/2026 2:08:09 PM, LastWriteTime: 6/6/2026 7:26:23 AM, ChangeTime: 6/6/2026 7:26:23 AM, FileAttributes: D, AllocationSize: 8,192, EndOfFile: 8,192","BUFFER OVERFLOW"
"2:08:09.2577262 PM","python.exe","55556","CloseFile","C:\Users\jimpames\Desktop\FESv8-algebraic\migration_toolkit\skeleton_engine","","SUCCESS"
"2:08:09.2596634 PM","python.exe","55556","CreateFile","C:\Users\jimpames\Desktop\FESv8-algebraic\migration_toolkit\skeleton_engine","Desired Access: Read Attributes, Synchronize, Disposition: Open, Options: Synchronous IO Non-Alert, Attributes: n/a, ShareMode: None, AllocationSize: n/a, OpenResult: Opened","SUCCESS"
"2:08:09.2597038 PM","python.exe","55556","QueryInformationVolume","C:\Users\jimpames\Desktop\FESv8-algebraic\migration_toolkit\skeleton_engine","VolumeCreationTime: 5/30/2024 3:01:34 PM, VolumeSerialNumber: 66CA-DF9F, SupportsObjects: True, VolumeLabel: Winፇ","BUFFER OVERFLOW"
"2:08:09.2597209 PM","python.exe","55556","QueryAllInformationFile","C:\Users\jimpames\Desktop\FESv8-algebraic\migration_toolkit\skeleton_engine","CreationTime: 6/6/2026 6:32:24 AM, LastAccessTime: 6/7/2026 2:08:09 PM, LastWriteTime: 6/6/2026 7:26:23 AM, ChangeTime: 6/6/2026 7:26:23 AM, FileAttributes: D, AllocationSize: 8,192, EndOfFile: 8,192","BUFFER OVERFLOW"
"2:08:09.2597414 PM","python.exe","55556","CloseFile","C:\Users\jimpames\Desktop\FESv8-algebraic\migration_toolkit\skeleton_engine","","SUCCESS"
"2:08:09.2618722 PM","python.exe","55556","CreateFile","C:\Users\jimpames\Desktop\FESv8-algebraic\migration_toolkit\skeleton_engine","Desired Access: Read Attributes, Synchronize, Disposition: Open, Options: Synchronous IO Non-Alert, Attributes: n/a, ShareMode: None, AllocationSize: n/a, OpenResult: Opened","SUCCESS"
"2:08:09.2619060 PM","python.exe","55556","QueryInformationVolume","C:\Users\jimpames\Desktop\FESv8-algebraic\migration_toolkit\skeleton_engine","VolumeCreationTime: 5/30/2024 3:01:34 PM, VolumeSerialNumber: 66CA-DF9F, SupportsObjects: True, VolumeLabel: Winፇ","BUFFER OVERFLOW"
"2:08:09.2619232 PM","python.exe","55556","QueryAllInformationFile","C:\Users\jimpames\Desktop\FESv8-algebraic\migration_toolkit\skeleton_engine","CreationTime: 6/6/2026 6:32:24 AM, LastAccessTime: 6/7/2026 2:08:09 PM, LastWriteTime: 6/6/2026 7:26:23 AM, ChangeTime: 6/6/2026 7:26:23 AM, FileAttributes: D, AllocationSize: 8,192, EndOfFile: 8,192","BUFFER OVERFLOW"
"2:08:09.2619414 PM","python.exe","55556","CloseFile","C:\Users\jimpames\Desktop\FESv8-algebraic\migration_toolkit\skeleton_engine","","SUCCESS"
"2:08:09.2641347 PM","python.exe","55556","CreateFile","C:\Users\jimpames\Desktop\FESv8-algebraic\migration_toolkit\skeleton_engine","Desired Access: Read Attributes, Synchronize, Disposition: Open, Options: Synchronous IO Non-Alert, Attributes: n/a, ShareMode: None, AllocationSize: n/a, OpenResult: Opened","SUCCESS"
"2:08:09.2641866 PM","python.exe","55556","QueryInformationVolume","C:\Users\jimpames\Desktop\FESv8-algebraic\migration_toolkit\skeleton_engine","VolumeCreationTime: 5/30/2024 3:01:34 PM, VolumeSerialNumber: 66CA-DF9F, SupportsObjects: True, VolumeLabel: Winᅱ","BUFFER OVERFLOW"
"2:08:09.2642027 PM","python.exe","55556","QueryAllInformationFile","C:\Users\jimpames\Desktop\FESv8-algebraic\migration_toolkit\skeleton_engine","CreationTime: 6/6/2026 6:32:24 AM, LastAccessTime: 6/7/2026 2:08:09 PM, LastWriteTime: 6/6/2026 7:26:23 AM, ChangeTime: 6/6/2026 7:26:23 AM, FileAttributes: D, AllocationSize: 8,192, EndOfFile: 8,192","BUFFER OVERFLOW"
"2:08:09.2642212 PM","python.exe","55556","CloseFile","C:\Users\jimpames\Desktop\FESv8-algebraic\migration_toolkit\skeleton_engine","","SUCCESS"
"2:08:09.2660965 PM","python.exe","55556","CreateFile","C:\Users\jimpames\Desktop\FESv8-algebraic\migration_toolkit\skeleton_engine","Desired Access: Read Attributes, Synchronize, Disposition: Open, Options: Synchronous IO Non-Alert, Attributes: n/a, ShareMode: None, AllocationSize: n/a, OpenResult: Opened","SUCCESS"
"2:08:09.2661275 PM","python.exe","55556","QueryInformationVolume","C:\Users\jimpames\Desktop\FESv8-algebraic\migration_toolkit\skeleton_engine","VolumeCreationTime: 5/30/2024 3:01:34 PM, VolumeSerialNumber: 66CA-DF9F, SupportsObjects: True, VolumeLabel: Winፇ","BUFFER OVERFLOW"
"2:08:09.2661418 PM","python.exe","55556","QueryAllInformationFile","C:\Users\jimpames\Desktop\FESv8-algebraic\migration_toolkit\skeleton_engine","CreationTime: 6/6/2026 6:32:24 AM, LastAccessTime: 6/7/2026 2:08:09 PM, LastWriteTime: 6/6/2026 7:26:23 AM, ChangeTime: 6/6/2026 7:26:23 AM, FileAttributes: D, AllocationSize: 8,192, EndOfFile: 8,192","BUFFER OVERFLOW"
"2:08:09.2661681 PM","python.exe","55556","CloseFile","C:\Users\jimpames\Desktop\FESv8-algebraic\migration_toolkit\skeleton_engine","","SUCCESS"
"2:08:09.4627831 PM","python.exe","55556","CloseFile","C:\Users\jimpames\Desktop\FESv8-algebraic\migration_toolkit","","SUCCESS"
"2:08:09.4664642 PM","python.exe","95724","CloseFile","C:\Users\jimpames\Desktop\FESv8-algebraic\migration_toolkit","","SUCCESS"
"2:08:09.4706061 PM","python.exe","35508","CreateFile","C:\Users\jimpames\Desktop\FESv8-algebraic\migration_toolkit","Desired Access: Read Attributes, Disposition: Open, Options: Open Reparse Point, Attributes: n/a, ShareMode: Read, Write, Delete, AllocationSize: n/a, OpenResult: Opened","SUCCESS"
"2:08:09.4706249 PM","python.exe","35508","QueryBasicInformationFile","C:\Users\jimpames\Desktop\FESv8-algebraic\migration_toolkit","CreationTime: 6/6/2026 6:32:22 AM, LastAccessTime: 6/7/2026 2:08:09 PM, LastWriteTime: 6/6/2026 7:26:22 AM, ChangeTime: 6/6/2026 7:26:22 AM, FileAttributes: D","SUCCESS"
"2:08:09.4706341 PM","python.exe","35508","CloseFile","C:\Users\jimpames\Desktop\FESv8-algebraic\migration_toolkit","","SUCCESS"
"2:08:09.4806323 PM","python.exe","94348","CreateFile","C:\Users\jimpames\Desktop\FESv8-algebraic\migration_toolkit","Desired Access: Execute/Traverse, Synchronize, Disposition: Open, Options: Directory, Synchronous IO Non-Alert, Attributes: n/a, ShareMode: Read, Write, AllocationSize: n/a, OpenResult: Opened","SUCCESS"
"2:08:09.4969559 PM","python.exe","78000","CreateFile","C:\Users\jimpames\Desktop\FESv8-algebraic\migration_toolkit","Desired Access: Execute/Traverse, Synchronize, Disposition: Open, Options: Directory, Synchronous IO Non-Alert, Attributes: n/a, ShareMode: Read, Write, AllocationSize: n/a, OpenResult: Opened","SUCCESS"
"2:08:09.5538077 PM","python.exe","78000","CreateFile","C:\Users\jimpames\Desktop\FESv8-algebraic\migration_toolkit\skeleton_engine","Desired Access: Read Attributes, Synchronize, Disposition: Open, Options: Synchronous IO Non-Alert, Attributes: n/a, ShareMode: None, AllocationSize: n/a, OpenResult: Opened","SUCCESS"
"2:08:09.5538450 PM","python.exe","78000","QueryInformationVolume","C:\Users\jimpames\Desktop\FESv8-algebraic\migration_toolkit\skeleton_engine","VolumeCreationTime: 5/30/2024 3:01:34 PM, VolumeSerialNumber: 66CA-DF9F, SupportsObjects: True, VolumeLabel: Winᄨ","BUFFER OVERFLOW"
"2:08:09.5538588 PM","python.exe","78000","QueryAllInformationFile","C:\Users\jimpames\Desktop\FESv8-algebraic\migration_toolkit\skeleton_engine","CreationTime: 6/6/2026 6:32:24 AM, LastAccessTime: 6/7/2026 2:08:09 PM, LastWriteTime: 6/6/2026 7:26:23 AM, ChangeTime: 6/6/2026 7:26:23 AM, FileAttributes: D, AllocationSize: 8,192, EndOfFile: 8,192","BUFFER OVERFLOW"
"2:08:09.5538783 PM","python.exe","78000","CloseFile","C:\Users\jimpames\Desktop\FESv8-algebraic\migration_toolkit\skeleton_engine","","SUCCESS"
"2:08:09.5539816 PM","python.exe","78000","CreateFile","C:\Users\jimpames\Desktop\FESv8-algebraic\migration_toolkit\skeleton_engine","Desired Access: Read Attributes, Synchronize, Disposition: Open, Options: Synchronous IO Non-Alert, Attributes: n/a, ShareMode: None, AllocationSize: n/a, OpenResult: Opened","SUCCESS"
"2:08:09.5540047 PM","python.exe","78000","QueryInformationVolume","C:\Users\jimpames\Desktop\FESv8-algebraic\migration_toolkit\skeleton_engine","VolumeCreationTime: 5/30/2024 3:01:34 PM, VolumeSerialNumber: 66CA-DF9F, SupportsObjects: True, VolumeLabel: Winხ","BUFFER OVERFLOW"
"2:08:09.5540160 PM","python.exe","78000","QueryAllInformationFile","C:\Users\jimpames\Desktop\FESv8-algebraic\migration_toolkit\skeleton_engine","CreationTime: 6/6/2026 6:32:24 AM, LastAccessTime: 6/7/2026 2:08:09 PM, LastWriteTime: 6/6/2026 7:26:23 AM, ChangeTime: 6/6/2026 7:26:23 AM, FileAttributes: D, AllocationSize: 8,192, EndOfFile: 8,192","BUFFER OVERFLOW"
"2:08:09.5540283 PM","python.exe","78000","CloseFile","C:\Users\jimpames\Desktop\FESv8-algebraic\migration_toolkit\skeleton_engine","","SUCCESS"
"2:08:09.5541366 PM","python.exe","78000","CreateFile","C:\Users\jimpames\Desktop\FESv8-algebraic\migration_toolkit\skeleton_engine","Desired Access: Read Attributes, Synchronize, Disposition: Open, Options: Synchronous IO Non-Alert, Attributes: n/a, ShareMode: None, AllocationSize: n/a, OpenResult: Opened","SUCCESS"
"2:08:09.5541562 PM","python.exe","78000","QueryInformationVolume","C:\Users\jimpames\Desktop\FESv8-algebraic\migration_toolkit\skeleton_engine","VolumeCreationTime: 5/30/2024 3:01:34 PM, VolumeSerialNumber: 66CA-DF9F, SupportsObjects: True, VolumeLabel: Winხ","BUFFER OVERFLOW"
"2:08:09.5541714 PM","python.exe","78000","QueryAllInformationFile","C:\Users\jimpames\Desktop\FESv8-algebraic\migration_toolkit\skeleton_engine","CreationTime: 6/6/2026 6:32:24 AM, LastAccessTime: 6/7/2026 2:08:09 PM, LastWriteTime: 6/6/2026 7:26:23 AM, ChangeTime: 6/6/2026 7:26:23 AM, FileAttributes: D, AllocationSize: 8,192, EndOfFile: 8,192","BUFFER OVERFLOW"
"2:08:09.5541830 PM","python.exe","78000","CloseFile","C:\Users\jimpames\Desktop\FESv8-algebraic\migration_toolkit\skeleton_engine","","SUCCESS"
"2:08:09.5542677 PM","python.exe","78000","CreateFile","C:\Users\jimpames\Desktop\FESv8-algebraic\migration_toolkit\skeleton_engine","Desired Access: Read Data/List Directory, Synchronize, Disposition: Open, Options: Directory, Synchronous IO Non-Alert, Attributes: n/a, ShareMode: Read, Write, Delete, AllocationSize: n/a, OpenResult: Opened","SUCCESS"
"2:08:09.5543245 PM","python.exe","78000","QueryDirectory","C:\Users\jimpames\Desktop\FESv8-algebraic\migration_toolkit\skeleton_engine","FileInformationClass: FileBothDirectoryInformation, 1: .., 2: build_pipeline.py, 3: customer_fidelity_validator.py, 4: immutables_classifier.py, 5: immutables_validator.py, 6: jpa_scrubber.py","SUCCESS"
"2:08:09.5543585 PM","python.exe","78000","QueryDirectory","C:\Users\jimpames\Desktop\FESv8-algebraic\migration_toolkit\skeleton_engine","FileInformationClass: FileBothDirectoryInformation","NO MORE FILES"
"2:08:09.5543694 PM","python.exe","78000","CloseFile","C:\Users\jimpames\Desktop\FESv8-algebraic\migration_toolkit\skeleton_engine","","SUCCESS"
"2:08:09.5560100 PM","python.exe","78000","CreateFile","C:\Users\jimpames\Desktop\FESv8-algebraic\migration_toolkit\skeleton_engine","Desired Access: Read Attributes, Synchronize, Disposition: Open, Options: Synchronous IO Non-Alert, Attributes: n/a, ShareMode: None, AllocationSize: n/a, OpenResult: Opened","SUCCESS"
"2:08:09.5560463 PM","python.exe","78000","QueryInformationVolume","C:\Users\jimpames\Desktop\FESv8-algebraic\migration_toolkit\skeleton_engine","VolumeCreationTime: 5/30/2024 3:01:34 PM, VolumeSerialNumber: 66CA-DF9F, SupportsObjects: True, VolumeLabel: Win","BUFFER OVERFLOW"
"2:08:09.5560701 PM","python.exe","78000","QueryAllInformationFile","C:\Users\jimpames\Desktop\FESv8-algebraic\migration_toolkit\skeleton_engine","CreationTime: 6/6/2026 6:32:24 AM, LastAccessTime: 6/7/2026 2:08:09 PM, LastWriteTime: 6/6/2026 7:26:23 AM, ChangeTime: 6/6/2026 7:26:23 AM, FileAttributes: D, AllocationSize: 8,192, EndOfFile: 8,192","BUFFER OVERFLOW"
"2:08:09.5560926 PM","python.exe","78000","CloseFile","C:\Users\jimpames\Desktop\FESv8-algebraic\migration_toolkit\skeleton_engine","","SUCCESS"
"2:08:09.5580522 PM","python.exe","78000","CreateFile","C:\Users\jimpames\Desktop\FESv8-algebraic\migration_toolkit\skeleton_engine","Desired Access: Read Attributes, Synchronize, Disposition: Open, Options: Synchronous IO Non-Alert, Attributes: n/a, ShareMode: None, AllocationSize: n/a, OpenResult: Opened","SUCCESS"
"2:08:09.5580862 PM","python.exe","78000","QueryInformationVolume","C:\Users\jimpames\Desktop\FESv8-algebraic\migration_toolkit\skeleton_engine","VolumeCreationTime: 5/30/2024 3:01:34 PM, VolumeSerialNumber: 66CA-DF9F, SupportsObjects: True, VolumeLabel: Win","BUFFER OVERFLOW"
"2:08:09.5581017 PM","python.exe","78000","QueryAllInformationFile","C:\Users\jimpames\Desktop\FESv8-algebraic\migration_toolkit\skeleton_engine","CreationTime: 6/6/2026 6:32:24 AM, LastAccessTime: 6/7/2026 2:08:09 PM, LastWriteTime: 6/6/2026 7:26:23 AM, ChangeTime: 6/6/2026 7:26:23 AM, FileAttributes: D, AllocationSize: 8,192, EndOfFile: 8,192","BUFFER OVERFLOW"
"2:08:09.5581870 PM","python.exe","78000","CloseFile","C:\Users\jimpames\Desktop\FESv8-algebraic\migration_toolkit\skeleton_engine","","SUCCESS"
"2:08:09.5600515 PM","python.exe","78000","CreateFile","C:\Users\jimpames\Desktop\FESv8-algebraic\migration_toolkit\skeleton_engine","Desired Access: Read Attributes, Synchronize, Disposition: Open, Options: Synchronous IO Non-Alert, Attributes: n/a, ShareMode: None, AllocationSize: n/a, OpenResult: Opened","SUCCESS"
"2:08:09.5600865 PM","python.exe","78000","QueryInformationVolume","C:\Users\jimpames\Desktop\FESv8-algebraic\migration_toolkit\skeleton_engine","VolumeCreationTime: 5/30/2024 3:01:34 PM, VolumeSerialNumber: 66CA-DF9F, SupportsObjects: True, VolumeLabel: Winხ","BUFFER OVERFLOW"
"2:08:09.5601058 PM","python.exe","78000","QueryAllInformationFile","C:\Users\jimpames\Desktop\FESv8-algebraic\migration_toolkit\skeleton_engine","CreationTime: 6/6/2026 6:32:24 AM, LastAccessTime: 6/7/2026 2:08:09 PM, LastWriteTime: 6/6/2026 7:26:23 AM, ChangeTime: 6/6/2026 7:26:23 AM, FileAttributes: D, AllocationSize: 8,192, EndOfFile: 8,192","BUFFER OVERFLOW"
"2:08:09.5601262 PM","python.exe","78000","CloseFile","C:\Users\jimpames\Desktop\FESv8-algebraic\migration_toolkit\skeleton_engine","","SUCCESS"
"2:08:09.5620304 PM","python.exe","78000","CreateFile","C:\Users\jimpames\Desktop\FESv8-algebraic\migration_toolkit\skeleton_engine","Desired Access: Read Attributes, Synchronize, Disposition: Open, Options: Synchronous IO Non-Alert, Attributes: n/a, ShareMode: None, AllocationSize: n/a, OpenResult: Opened","SUCCESS"
"2:08:09.5620662 PM","python.exe","78000","QueryInformationVolume","C:\Users\jimpames\Desktop\FESv8-algebraic\migration_toolkit\skeleton_engine","VolumeCreationTime: 5/30/2024 3:01:34 PM, VolumeSerialNumber: 66CA-DF9F, SupportsObjects: True, VolumeLabel: Winᅱ","BUFFER OVERFLOW"
"2:08:09.5620871 PM","python.exe","78000","QueryAllInformationFile","C:\Users\jimpames\Desktop\FESv8-algebraic\migration_toolkit\skeleton_engine","CreationTime: 6/6/2026 6:32:24 AM, LastAccessTime: 6/7/2026 2:08:09 PM, LastWriteTime: 6/6/2026 7:26:23 AM, ChangeTime: 6/6/2026 7:26:23 AM, FileAttributes: D, AllocationSize: 8,192, EndOfFile: 8,192","BUFFER OVERFLOW"
"2:08:09.5621030 PM","python.exe","78000","CloseFile","C:\Users\jimpames\Desktop\FESv8-algebraic\migration_toolkit\skeleton_engine","","SUCCESS"
"2:08:09.5639390 PM","python.exe","78000","CreateFile","C:\Users\jimpames\Desktop\FESv8-algebraic\migration_toolkit\skeleton_engine","Desired Access: Read Attributes, Synchronize, Disposition: Open, Options: Synchronous IO Non-Alert, Attributes: n/a, ShareMode: None, AllocationSize: n/a, OpenResult: Opened","SUCCESS"
"2:08:09.5639738 PM","python.exe","78000","QueryInformationVolume","C:\Users\jimpames\Desktop\FESv8-algebraic\migration_toolkit\skeleton_engine","VolumeCreationTime: 5/30/2024 3:01:34 PM, VolumeSerialNumber: 66CA-DF9F, SupportsObjects: True, VolumeLabel: Winᄨ","BUFFER OVERFLOW"
"2:08:09.5639877 PM","python.exe","78000","QueryAllInformationFile","C:\Users\jimpames\Desktop\FESv8-algebraic\migration_toolkit\skeleton_engine","CreationTime: 6/6/2026 6:32:24 AM, LastAccessTime: 6/7/2026 2:08:09 PM, LastWriteTime: 6/6/2026 7:26:23 AM, ChangeTime: 6/6/2026 7:26:23 AM, FileAttributes: D, AllocationSize: 8,192, EndOfFile: 8,192","BUFFER OVERFLOW"
"2:08:09.5640016 PM","python.exe","78000","CloseFile","C:\Users\jimpames\Desktop\FESv8-algebraic\migration_toolkit\skeleton_engine","","SUCCESS"
"2:08:09.5657338 PM","python.exe","78000","CreateFile","C:\Users\jimpames\Desktop\FESv8-algebraic\migration_toolkit\skeleton_engine","Desired Access: Read Attributes, Synchronize, Disposition: Open, Options: Synchronous IO Non-Alert, Attributes: n/a, ShareMode: None, AllocationSize: n/a, OpenResult: Opened","SUCCESS"
"2:08:09.5657684 PM","python.exe","78000","QueryInformationVolume","C:\Users\jimpames\Desktop\FESv8-algebraic\migration_toolkit\skeleton_engine","VolumeCreationTime: 5/30/2024 3:01:34 PM, VolumeSerialNumber: 66CA-DF9F, SupportsObjects: True, VolumeLabel: Win(꥾�","BUFFER OVERFLOW"
"2:08:09.5658084 PM","python.exe","78000","QueryAllInformationFile","C:\Users\jimpames\Desktop\FESv8-algebraic\migration_toolkit\skeleton_engine","CreationTime: 6/6/2026 6:32:24 AM, LastAccessTime: 6/7/2026 2:08:09 PM, LastWriteTime: 6/6/2026 7:26:23 AM, ChangeTime: 6/6/2026 7:26:23 AM, FileAttributes: D, AllocationSize: 8,192, EndOfFile: 8,192","BUFFER OVERFLOW"
"2:08:09.5658349 PM","python.exe","78000","CloseFile","C:\Users\jimpames\Desktop\FESv8-algebraic\migration_toolkit\skeleton_engine","","SUCCESS"
"2:08:09.5681587 PM","python.exe","78000","CreateFile","C:\Users\jimpames\Desktop\FESv8-algebraic\migration_toolkit\skeleton_engine","Desired Access: Read Attributes, Synchronize, Disposition: Open, Options: Synchronous IO Non-Alert, Attributes: n/a, ShareMode: None, AllocationSize: n/a, OpenResult: Opened","SUCCESS"
"2:08:09.5682041 PM","python.exe","78000","QueryInformationVolume","C:\Users\jimpames\Desktop\FESv8-algebraic\migration_toolkit\skeleton_engine","VolumeCreationTime: 5/30/2024 3:01:34 PM, VolumeSerialNumber: 66CA-DF9F, SupportsObjects: True, VolumeLabel: Win?","BUFFER OVERFLOW"
"2:08:09.5682231 PM","python.exe","78000","QueryAllInformationFile","C:\Users\jimpames\Desktop\FESv8-algebraic\migration_toolkit\skeleton_engine","CreationTime: 6/6/2026 6:32:24 AM, LastAccessTime: 6/7/2026 2:08:09 PM, LastWriteTime: 6/6/2026 7:26:23 AM, ChangeTime: 6/6/2026 7:26:23 AM, FileAttributes: D, AllocationSize: 8,192, EndOfFile: 8,192","BUFFER OVERFLOW"
"2:08:09.5682587 PM","python.exe","78000","CloseFile","C:\Users\jimpames\Desktop\FESv8-algebraic\migration_toolkit\skeleton_engine","","SUCCESS"
"2:08:09.5703981 PM","python.exe","78000","CreateFile","C:\Users\jimpames\Desktop\FESv8-algebraic\migration_toolkit\skeleton_engine","Desired Access: Read Attributes, Synchronize, Disposition: Open, Options: Synchronous IO Non-Alert, Attributes: n/a, ShareMode: None, AllocationSize: n/a, OpenResult: Opened","SUCCESS"
"2:08:09.5704392 PM","python.exe","78000","QueryInformationVolume","C:\Users\jimpames\Desktop\FESv8-algebraic\migration_toolkit\skeleton_engine","VolumeCreationTime: 5/30/2024 3:01:34 PM, VolumeSerialNumber: 66CA-DF9F, SupportsObjects: True, VolumeLabel: Win?","BUFFER OVERFLOW"
"2:08:09.5704565 PM","python.exe","78000","QueryAllInformationFile","C:\Users\jimpames\Desktop\FESv8-algebraic\migration_toolkit\skeleton_engine","CreationTime: 6/6/2026 6:32:24 AM, LastAccessTime: 6/7/2026 2:08:09 PM, LastWriteTime: 6/6/2026 7:26:23 AM, ChangeTime: 6/6/2026 7:26:23 AM, FileAttributes: D, AllocationSize: 8,192, EndOfFile: 8,192","BUFFER OVERFLOW"
"2:08:09.5704738 PM","python.exe","78000","CloseFile","C:\Users\jimpames\Desktop\FESv8-algebraic\migration_toolkit\skeleton_engine","","SUCCESS"
"2:08:09.5722403 PM","python.exe","78000","CreateFile","C:\Users\jimpames\Desktop\FESv8-algebraic\migration_toolkit\skeleton_engine","Desired Access: Read Attributes, Synchronize, Disposition: Open, Options: Synchronous IO Non-Alert, Attributes: n/a, ShareMode: None, AllocationSize: n/a, OpenResult: Opened","SUCCESS"
"2:08:09.5722877 PM","python.exe","78000","QueryInformationVolume","C:\Users\jimpames\Desktop\FESv8-algebraic\migration_toolkit\skeleton_engine","VolumeCreationTime: 5/30/2024 3:01:34 PM, VolumeSerialNumber: 66CA-DF9F, SupportsObjects: True, VolumeLabel: Win","BUFFER OVERFLOW"
"2:08:09.5723070 PM","python.exe","78000","QueryAllInformationFile","C:\Users\jimpames\Desktop\FESv8-algebraic\migration_toolkit\skeleton_engine","CreationTime: 6/6/2026 6:32:24 AM, LastAccessTime: 6/7/2026 2:08:09 PM, LastWriteTime: 6/6/2026 7:26:23 AM, ChangeTime: 6/6/2026 7:26:23 AM, FileAttributes: D, AllocationSize: 8,192, EndOfFile: 8,192","BUFFER OVERFLOW"
"2:08:09.5723232 PM","python.exe","78000","CloseFile","C:\Users\jimpames\Desktop\FESv8-algebraic\migration_toolkit\skeleton_engine","","SUCCESS"
"2:08:09.5747525 PM","python.exe","78000","CreateFile","C:\Users\jimpames\Desktop\FESv8-algebraic\migration_toolkit\skeleton_engine","Desired Access: Read Attributes, Synchronize, Disposition: Open, Options: Synchronous IO Non-Alert, Attributes: n/a, ShareMode: None, AllocationSize: n/a, OpenResult: Opened","SUCCESS"
"2:08:09.5747931 PM","python.exe","78000","QueryInformationVolume","C:\Users\jimpames\Desktop\FESv8-algebraic\migration_toolkit\skeleton_engine","VolumeCreationTime: 5/30/2024 3:01:34 PM, VolumeSerialNumber: 66CA-DF9F, SupportsObjects: True, VolumeLabel: Winᄨ","BUFFER OVERFLOW"
"2:08:09.5748102 PM","python.exe","78000","QueryAllInformationFile","C:\Users\jimpames\Desktop\FESv8-algebraic\migration_toolkit\skeleton_engine","CreationTime: 6/6/2026 6:32:24 AM, LastAccessTime: 6/7/2026 2:08:09 PM, LastWriteTime: 6/6/2026 7:26:23 AM, ChangeTime: 6/6/2026 7:26:23 AM, FileAttributes: D, AllocationSize: 8,192, EndOfFile: 8,192","BUFFER OVERFLOW"
"2:08:09.5748338 PM","python.exe","78000","CloseFile","C:\Users\jimpames\Desktop\FESv8-algebraic\migration_toolkit\skeleton_engine","","SUCCESS"
"2:08:09.5767840 PM","python.exe","78000","CreateFile","C:\Users\jimpames\Desktop\FESv8-algebraic\migration_toolkit\skeleton_engine","Desired Access: Read Attributes, Synchronize, Disposition: Open, Options: Synchronous IO Non-Alert, Attributes: n/a, ShareMode: None, AllocationSize: n/a, OpenResult: Opened","SUCCESS"
"2:08:09.5768134 PM","python.exe","78000","QueryInformationVolume","C:\Users\jimpames\Desktop\FESv8-algebraic\migration_toolkit\skeleton_engine","VolumeCreationTime: 5/30/2024 3:01:34 PM, VolumeSerialNumber: 66CA-DF9F, SupportsObjects: True, VolumeLabel: Win","BUFFER OVERFLOW"
"2:08:09.5768345 PM","python.exe","78000","QueryAllInformationFile","C:\Users\jimpames\Desktop\FESv8-algebraic\migration_toolkit\skeleton_engine","CreationTime: 6/6/2026 6:32:24 AM, LastAccessTime: 6/7/2026 2:08:09 PM, LastWriteTime: 6/6/2026 7:26:23 AM, ChangeTime: 6/6/2026 7:26:23 AM, FileAttributes: D, AllocationSize: 8,192, EndOfFile: 8,192","BUFFER OVERFLOW"
"2:08:09.5768543 PM","python.exe","78000","CloseFile","C:\Users\jimpames\Desktop\FESv8-algebraic\migration_toolkit\skeleton_engine","","SUCCESS"
"2:08:09.5787558 PM","python.exe","78000","CreateFile","C:\Users\jimpames\Desktop\FESv8-algebraic\migration_toolkit\skeleton_engine","Desired Access: Read Attributes, Synchronize, Disposition: Open, Options: Synchronous IO Non-Alert, Attributes: n/a, ShareMode: None, AllocationSize: n/a, OpenResult: Opened","SUCCESS"
"2:08:09.5787934 PM","python.exe","78000","QueryInformationVolume","C:\Users\jimpames\Desktop\FESv8-algebraic\migration_toolkit\skeleton_engine","VolumeCreationTime: 5/30/2024 3:01:34 PM, VolumeSerialNumber: 66CA-DF9F, SupportsObjects: True, VolumeLabel: Win","BUFFER OVERFLOW"
"2:08:09.5788089 PM","python.exe","78000","QueryAllInformationFile","C:\Users\jimpames\Desktop\FESv8-algebraic\migration_toolkit\skeleton_engine","CreationTime: 6/6/2026 6:32:24 AM, LastAccessTime: 6/7/2026 2:08:09 PM, LastWriteTime: 6/6/2026 7:26:23 AM, ChangeTime: 6/6/2026 7:26:23 AM, FileAttributes: D, AllocationSize: 8,192, EndOfFile: 8,192","BUFFER OVERFLOW"
"2:08:09.5788250 PM","python.exe","78000","CloseFile","C:\Users\jimpames\Desktop\FESv8-algebraic\migration_toolkit\skeleton_engine","","SUCCESS"
"2:08:09.5815845 PM","python.exe","78000","CreateFile","C:\Users\jimpames\Desktop\FESv8-algebraic\migration_toolkit\skeleton_engine","Desired Access: Read Attributes, Synchronize, Disposition: Open, Options: Synchronous IO Non-Alert, Attributes: n/a, ShareMode: None, AllocationSize: n/a, OpenResult: Opened","SUCCESS"
"2:08:09.5816578 PM","python.exe","78000","QueryInformationVolume","C:\Users\jimpames\Desktop\FESv8-algebraic\migration_toolkit\skeleton_engine","VolumeCreationTime: 5/30/2024 3:01:34 PM, VolumeSerialNumber: 66CA-DF9F, SupportsObjects: True, VolumeLabel: Win","BUFFER OVERFLOW"
"2:08:09.5816953 PM","python.exe","78000","QueryAllInformationFile","C:\Users\jimpames\Desktop\FESv8-algebraic\migration_toolkit\skeleton_engine","CreationTime: 6/6/2026 6:32:24 AM, LastAccessTime: 6/7/2026 2:08:09 PM, LastWriteTime: 6/6/2026 7:26:23 AM, ChangeTime: 6/6/2026 7:26:23 AM, FileAttributes: D, AllocationSize: 8,192, EndOfFile: 8,192","BUFFER OVERFLOW"
"2:08:09.5817357 PM","python.exe","78000","CloseFile","C:\Users\jimpames\Desktop\FESv8-algebraic\migration_toolkit\skeleton_engine","","SUCCESS"
"2:08:09.5833126 PM","python.exe","78000","CreateFile","C:\Users\jimpames\Desktop\FESv8-algebraic\migration_toolkit\skeleton_engine","Desired Access: Read Attributes, Synchronize, Disposition: Open, Options: Synchronous IO Non-Alert, Attributes: n/a, ShareMode: None, AllocationSize: n/a, OpenResult: Opened","SUCCESS"
"2:08:09.5833415 PM","python.exe","78000","QueryInformationVolume","C:\Users\jimpames\Desktop\FESv8-algebraic\migration_toolkit\skeleton_engine","VolumeCreationTime: 5/30/2024 3:01:34 PM, VolumeSerialNumber: 66CA-DF9F, SupportsObjects: True, VolumeLabel: Winხ","BUFFER OVERFLOW"
"2:08:09.5833563 PM","python.exe","78000","QueryAllInformationFile","C:\Users\jimpames\Desktop\FESv8-algebraic\migration_toolkit\skeleton_engine","CreationTime: 6/6/2026 6:32:24 AM, LastAccessTime: 6/7/2026 2:08:09 PM, LastWriteTime: 6/6/2026 7:26:23 AM, ChangeTime: 6/6/2026 7:26:23 AM, FileAttributes: D, AllocationSize: 8,192, EndOfFile: 8,192","BUFFER OVERFLOW"
"2:08:09.5833715 PM","python.exe","78000","CloseFile","C:\Users\jimpames\Desktop\FESv8-algebraic\migration_toolkit\skeleton_engine","","SUCCESS"
"2:08:09.5863759 PM","python.exe","78000","CreateFile","C:\Users\jimpames\Desktop\FESv8-algebraic\migration_toolkit\skeleton_engine","Desired Access: Read Attributes, Synchronize, Disposition: Open, Options: Synchronous IO Non-Alert, Attributes: n/a, ShareMode: None, AllocationSize: n/a, OpenResult: Opened","SUCCESS"
"2:08:09.5864101 PM","python.exe","78000","QueryInformationVolume","C:\Users\jimpames\Desktop\FESv8-algebraic\migration_toolkit\skeleton_engine","VolumeCreationTime: 5/30/2024 3:01:34 PM, VolumeSerialNumber: 66CA-DF9F, SupportsObjects: True, VolumeLabel: Winᄨ","BUFFER OVERFLOW"
"2:08:09.5864203 PM","python.exe","78000","QueryAllInformationFile","C:\Users\jimpames\Desktop\FESv8-algebraic\migration_toolkit\skeleton_engine","CreationTime: 6/6/2026 6:32:24 AM, LastAccessTime: 6/7/2026 2:08:09 PM, LastWriteTime: 6/6/2026 7:26:23 AM, ChangeTime: 6/6/2026 7:26:23 AM, FileAttributes: D, AllocationSize: 8,192, EndOfFile: 8,192","BUFFER OVERFLOW"
"2:08:09.5864344 PM","python.exe","78000","CloseFile","C:\Users\jimpames\Desktop\FESv8-algebraic\migration_toolkit\skeleton_engine","","SUCCESS"
"2:08:09.5882097 PM","python.exe","78000","CreateFile","C:\Users\jimpames\Desktop\FESv8-algebraic\migration_toolkit\skeleton_engine","Desired Access: Read Attributes, Synchronize, Disposition: Open, Options: Synchronous IO Non-Alert, Attributes: n/a, ShareMode: None, AllocationSize: n/a, OpenResult: Opened","SUCCESS"
"2:08:09.5882441 PM","python.exe","78000","QueryInformationVolume","C:\Users\jimpames\Desktop\FESv8-algebraic\migration_toolkit\skeleton_engine","VolumeCreationTime: 5/30/2024 3:01:34 PM, VolumeSerialNumber: 66CA-DF9F, SupportsObjects: True, VolumeLabel: Win","BUFFER OVERFLOW"
"2:08:09.5882822 PM","python.exe","78000","QueryAllInformationFile","C:\Users\jimpames\Desktop\FESv8-algebraic\migration_toolkit\skeleton_engine","CreationTime: 6/6/2026 6:32:24 AM, LastAccessTime: 6/7/2026 2:08:09 PM, LastWriteTime: 6/6/2026 7:26:23 AM, ChangeTime: 6/6/2026 7:26:23 AM, FileAttributes: D, AllocationSize: 8,192, EndOfFile: 8,192","BUFFER OVERFLOW"
"2:08:09.5883158 PM","python.exe","78000","CloseFile","C:\Users\jimpames\Desktop\FESv8-algebraic\migration_toolkit\skeleton_engine","","SUCCESS"
"2:08:09.5905805 PM","python.exe","78000","CreateFile","C:\Users\jimpames\Desktop\FESv8-algebraic\migration_toolkit\skeleton_engine","Desired Access: Read Attributes, Synchronize, Disposition: Open, Options: Synchronous IO Non-Alert, Attributes: n/a, ShareMode: None, AllocationSize: n/a, OpenResult: Opened","SUCCESS"
"2:08:09.5906321 PM","python.exe","78000","QueryInformationVolume","C:\Users\jimpames\Desktop\FESv8-algebraic\migration_toolkit\skeleton_engine","VolumeCreationTime: 5/30/2024 3:01:34 PM, VolumeSerialNumber: 66CA-DF9F, SupportsObjects: True, VolumeLabel: Winჳ","BUFFER OVERFLOW"
"2:08:09.5906899 PM","python.exe","78000","QueryAllInformationFile","C:\Users\jimpames\Desktop\FESv8-algebraic\migration_toolkit\skeleton_engine","CreationTime: 6/6/2026 6:32:24 AM, LastAccessTime: 6/7/2026 2:08:09 PM, LastWriteTime: 6/6/2026 7:26:23 AM, ChangeTime: 6/6/2026 7:26:23 AM, FileAttributes: D, AllocationSize: 8,192, EndOfFile: 8,192","BUFFER OVERFLOW"
"2:08:09.5907128 PM","python.exe","78000","CloseFile","C:\Users\jimpames\Desktop\FESv8-algebraic\migration_toolkit\skeleton_engine","","SUCCESS"
"2:08:09.5927972 PM","python.exe","78000","CreateFile","C:\Users\jimpames\Desktop\FESv8-algebraic\migration_toolkit\skeleton_engine","Desired Access: Read Attributes, Synchronize, Disposition: Open, Options: Synchronous IO Non-Alert, Attributes: n/a, ShareMode: None, AllocationSize: n/a, OpenResult: Opened","SUCCESS"
"2:08:09.5928382 PM","python.exe","78000","QueryInformationVolume","C:\Users\jimpames\Desktop\FESv8-algebraic\migration_toolkit\skeleton_engine","VolumeCreationTime: 5/30/2024 3:01:34 PM, VolumeSerialNumber: 66CA-DF9F, SupportsObjects: True, VolumeLabel: Winᅱ","BUFFER OVERFLOW"
"2:08:09.5928652 PM","python.exe","78000","QueryAllInformationFile","C:\Users\jimpames\Desktop\FESv8-algebraic\migration_toolkit\skeleton_engine","CreationTime: 6/6/2026 6:32:24 AM, LastAccessTime: 6/7/2026 2:08:09 PM, LastWriteTime: 6/6/2026 7:26:23 AM, ChangeTime: 6/6/2026 7:26:23 AM, FileAttributes: D, AllocationSize: 8,192, EndOfFile: 8,192","BUFFER OVERFLOW"
"2:08:09.5928946 PM","python.exe","78000","CloseFile","C:\Users\jimpames\Desktop\FESv8-algebraic\migration_toolkit\skeleton_engine","","SUCCESS"
"2:08:09.5950273 PM","python.exe","78000","CreateFile","C:\Users\jimpames\Desktop\FESv8-algebraic\migration_toolkit\skeleton_engine","Desired Access: Read Attributes, Synchronize, Disposition: Open, Options: Synchronous IO Non-Alert, Attributes: n/a, ShareMode: None, AllocationSize: n/a, OpenResult: Opened","SUCCESS"
"2:08:09.5950652 PM","python.exe","78000","QueryInformationVolume","C:\Users\jimpames\Desktop\FESv8-algebraic\migration_toolkit\skeleton_engine","VolumeCreationTime: 5/30/2024 3:01:34 PM, VolumeSerialNumber: 66CA-DF9F, SupportsObjects: True, VolumeLabel: Winᄨ","BUFFER OVERFLOW"
"2:08:09.5950833 PM","python.exe","78000","QueryAllInformationFile","C:\Users\jimpames\Desktop\FESv8-algebraic\migration_toolkit\skeleton_engine","CreationTime: 6/6/2026 6:32:24 AM, LastAccessTime: 6/7/2026 2:08:09 PM, LastWriteTime: 6/6/2026 7:26:23 AM, ChangeTime: 6/6/2026 7:26:23 AM, FileAttributes: D, AllocationSize: 8,192, EndOfFile: 8,192","BUFFER OVERFLOW"
"2:08:09.5951027 PM","python.exe","78000","CloseFile","C:\Users\jimpames\Desktop\FESv8-algebraic\migration_toolkit\skeleton_engine","","SUCCESS"
"2:08:09.6003480 PM","python.exe","78000","CreateFile","C:\Users\jimpames\Desktop\FESv8-algebraic\migration_toolkit\skeleton_engine","Desired Access: Read Attributes, Synchronize, Disposition: Open, Options: Synchronous IO Non-Alert, Attributes: n/a, ShareMode: None, AllocationSize: n/a, OpenResult: Opened","SUCCESS"
"2:08:09.6003778 PM","python.exe","78000","QueryInformationVolume","C:\Users\jimpames\Desktop\FESv8-algebraic\migration_toolkit\skeleton_engine","VolumeCreationTime: 5/30/2024 3:01:34 PM, VolumeSerialNumber: 66CA-DF9F, SupportsObjects: True, VolumeLabel: Win?","BUFFER OVERFLOW"
"2:08:09.6003914 PM","python.exe","78000","QueryAllInformationFile","C:\Users\jimpames\Desktop\FESv8-algebraic\migration_toolkit\skeleton_engine","CreationTime: 6/6/2026 6:32:24 AM, LastAccessTime: 6/7/2026 2:08:09 PM, LastWriteTime: 6/6/2026 7:26:23 AM, ChangeTime: 6/6/2026 7:26:23 AM, FileAttributes: D, AllocationSize: 8,192, EndOfFile: 8,192","BUFFER OVERFLOW"
"2:08:09.6004045 PM","python.exe","78000","CloseFile","C:\Users\jimpames\Desktop\FESv8-algebraic\migration_toolkit\skeleton_engine","","SUCCESS"
"2:08:09.6082567 PM","python.exe","78000","CreateFile","C:\Users\jimpames\Desktop\FESv8-algebraic\migration_toolkit\skeleton_engine","Desired Access: Read Attributes, Synchronize, Disposition: Open, Options: Synchronous IO Non-Alert, Attributes: n/a, ShareMode: None, AllocationSize: n/a, OpenResult: Opened","SUCCESS"
"2:08:09.6082883 PM","python.exe","78000","QueryInformationVolume","C:\Users\jimpames\Desktop\FESv8-algebraic\migration_toolkit\skeleton_engine","VolumeCreationTime: 5/30/2024 3:01:34 PM, VolumeSerialNumber: 66CA-DF9F, SupportsObjects: True, VolumeLabel: Winᄨ","BUFFER OVERFLOW"
"2:08:09.6083004 PM","python.exe","78000","QueryAllInformationFile","C:\Users\jimpames\Desktop\FESv8-algebraic\migration_toolkit\skeleton_engine","CreationTime: 6/6/2026 6:32:24 AM, LastAccessTime: 6/7/2026 2:08:09 PM, LastWriteTime: 6/6/2026 7:26:23 AM, ChangeTime: 6/6/2026 7:26:23 AM, FileAttributes: D, AllocationSize: 8,192, EndOfFile: 8,192","BUFFER OVERFLOW"
"2:08:09.6083289 PM","python.exe","78000","CloseFile","C:\Users\jimpames\Desktop\FESv8-algebraic\migration_toolkit\skeleton_engine","","SUCCESS"
"2:08:09.6125128 PM","python.exe","78000","CreateFile","C:\Users\jimpames\Desktop\FESv8-algebraic\migration_toolkit\skeleton_engine","Desired Access: Read Attributes, Synchronize, Disposition: Open, Options: Synchronous IO Non-Alert, Attributes: n/a, ShareMode: None, AllocationSize: n/a, OpenResult: Opened","SUCCESS"
"2:08:09.6125443 PM","python.exe","78000","QueryInformationVolume","C:\Users\jimpames\Desktop\FESv8-algebraic\migration_toolkit\skeleton_engine","VolumeCreationTime: 5/30/2024 3:01:34 PM, VolumeSerialNumber: 66CA-DF9F, SupportsObjects: True, VolumeLabel: Win","BUFFER OVERFLOW"
"2:08:09.6125665 PM","python.exe","78000","QueryAllInformationFile","C:\Users\jimpames\Desktop\FESv8-algebraic\migration_toolkit\skeleton_engine","CreationTime: 6/6/2026 6:32:24 AM, LastAccessTime: 6/7/2026 2:08:09 PM, LastWriteTime: 6/6/2026 7:26:23 AM, ChangeTime: 6/6/2026 7:26:23 AM, FileAttributes: D, AllocationSize: 8,192, EndOfFile: 8,192","BUFFER OVERFLOW"
"2:08:09.6125976 PM","python.exe","78000","CloseFile","C:\Users\jimpames\Desktop\FESv8-algebraic\migration_toolkit\skeleton_engine","","SUCCESS"
"2:08:09.6166983 PM","python.exe","78000","CreateFile","C:\Users\jimpames\Desktop\FESv8-algebraic\migration_toolkit\skeleton_engine","Desired Access: Read Attributes, Synchronize, Disposition: Open, Options: Synchronous IO Non-Alert, Attributes: n/a, ShareMode: None, AllocationSize: n/a, OpenResult: Opened","SUCCESS"
"2:08:09.6167362 PM","python.exe","78000","QueryInformationVolume","C:\Users\jimpames\Desktop\FESv8-algebraic\migration_toolkit\skeleton_engine","VolumeCreationTime: 5/30/2024 3:01:34 PM, VolumeSerialNumber: 66CA-DF9F, SupportsObjects: True, VolumeLabel: Winፊ","BUFFER OVERFLOW"
"2:08:09.6167571 PM","python.exe","78000","QueryAllInformationFile","C:\Users\jimpames\Desktop\FESv8-algebraic\migration_toolkit\skeleton_engine","CreationTime: 6/6/2026 6:32:24 AM, LastAccessTime: 6/7/2026 2:08:09 PM, LastWriteTime: 6/6/2026 7:26:23 AM, ChangeTime: 6/6/2026 7:26:23 AM, FileAttributes: D, AllocationSize: 8,192, EndOfFile: 8,192","BUFFER OVERFLOW"
"2:08:09.6167791 PM","python.exe","78000","CloseFile","C:\Users\jimpames\Desktop\FESv8-algebraic\migration_toolkit\skeleton_engine","","SUCCESS"
"2:08:09.6186365 PM","python.exe","78000","CreateFile","C:\Users\jimpames\Desktop\FESv8-algebraic\migration_toolkit\skeleton_engine","Desired Access: Read Attributes, Synchronize, Disposition: Open, Options: Synchronous IO Non-Alert, Attributes: n/a, ShareMode: None, AllocationSize: n/a, OpenResult: Opened","SUCCESS"
"2:08:09.6186884 PM","python.exe","78000","QueryInformationVolume","C:\Users\jimpames\Desktop\FESv8-algebraic\migration_toolkit\skeleton_engine","VolumeCreationTime: 5/30/2024 3:01:34 PM, VolumeSerialNumber: 66CA-DF9F, SupportsObjects: True, VolumeLabel: Winᄨ","BUFFER OVERFLOW"
"2:08:09.6187093 PM","python.exe","78000","QueryAllInformationFile","C:\Users\jimpames\Desktop\FESv8-algebraic\migration_toolkit\skeleton_engine","CreationTime: 6/6/2026 6:32:24 AM, LastAccessTime: 6/7/2026 2:08:09 PM, LastWriteTime: 6/6/2026 7:26:23 AM, ChangeTime: 6/6/2026 7:26:23 AM, FileAttributes: D, AllocationSize: 8,192, EndOfFile: 8,192","BUFFER OVERFLOW"
"2:08:09.6187377 PM","python.exe","78000","CloseFile","C:\Users\jimpames\Desktop\FESv8-algebraic\migration_toolkit\skeleton_engine","","SUCCESS"
"2:08:09.6204177 PM","python.exe","78000","CreateFile","C:\Users\jimpames\Desktop\FESv8-algebraic\migration_toolkit\skeleton_engine","Desired Access: Read Attributes, Synchronize, Disposition: Open, Options: Synchronous IO Non-Alert, Attributes: n/a, ShareMode: None, AllocationSize: n/a, OpenResult: Opened","SUCCESS"
"2:08:09.6204456 PM","python.exe","78000","QueryInformationVolume","C:\Users\jimpames\Desktop\FESv8-algebraic\migration_toolkit\skeleton_engine","VolumeCreationTime: 5/30/2024 3:01:34 PM, VolumeSerialNumber: 66CA-DF9F, SupportsObjects: True, VolumeLabel: Win","BUFFER OVERFLOW"
"2:08:09.6204594 PM","python.exe","78000","QueryAllInformationFile","C:\Users\jimpames\Desktop\FESv8-algebraic\migration_toolkit\skeleton_engine","CreationTime: 6/6/2026 6:32:24 AM, LastAccessTime: 6/7/2026 2:08:09 PM, LastWriteTime: 6/6/2026 7:26:23 AM, ChangeTime: 6/6/2026 7:26:23 AM, FileAttributes: D, AllocationSize: 8,192, EndOfFile: 8,192","BUFFER OVERFLOW"
"2:08:09.6204844 PM","python.exe","78000","CloseFile","C:\Users\jimpames\Desktop\FESv8-algebraic\migration_toolkit\skeleton_engine","","SUCCESS"
"2:08:09.6223469 PM","python.exe","78000","CreateFile","C:\Users\jimpames\Desktop\FESv8-algebraic\migration_toolkit\skeleton_engine","Desired Access: Read Attributes, Synchronize, Disposition: Open, Options: Synchronous IO Non-Alert, Attributes: n/a, ShareMode: None, AllocationSize: n/a, OpenResult: Opened","SUCCESS"
"2:08:09.6223921 PM","python.exe","78000","QueryInformationVolume","C:\Users\jimpames\Desktop\FESv8-algebraic\migration_toolkit\skeleton_engine","VolumeCreationTime: 5/30/2024 3:01:34 PM, VolumeSerialNumber: 66CA-DF9F, SupportsObjects: True, VolumeLabel: Winხ","BUFFER OVERFLOW"
"2:08:09.6224132 PM","python.exe","78000","QueryAllInformationFile","C:\Users\jimpames\Desktop\FESv8-algebraic\migration_toolkit\skeleton_engine","CreationTime: 6/6/2026 6:32:24 AM, LastAccessTime: 6/7/2026 2:08:09 PM, LastWriteTime: 6/6/2026 7:26:23 AM, ChangeTime: 6/6/2026 7:26:23 AM, FileAttributes: D, AllocationSize: 8,192, EndOfFile: 8,192","BUFFER OVERFLOW"
"2:08:09.6224376 PM","python.exe","78000","CloseFile","C:\Users\jimpames\Desktop\FESv8-algebraic\migration_toolkit\skeleton_engine","","SUCCESS"
"2:08:09.6239991 PM","python.exe","78000","CreateFile","C:\Users\jimpames\Desktop\FESv8-algebraic\migration_toolkit\skeleton_engine","Desired Access: Read Attributes, Synchronize, Disposition: Open, Options: Synchronous IO Non-Alert, Attributes: n/a, ShareMode: None, AllocationSize: n/a, OpenResult: Opened","SUCCESS"
"2:08:09.6240279 PM","python.exe","78000","QueryInformationVolume","C:\Users\jimpames\Desktop\FESv8-algebraic\migration_toolkit\skeleton_engine","VolumeCreationTime: 5/30/2024 3:01:34 PM, VolumeSerialNumber: 66CA-DF9F, SupportsObjects: True, VolumeLabel: Win","BUFFER OVERFLOW"
"2:08:09.6240451 PM","python.exe","78000","QueryAllInformationFile","C:\Users\jimpames\Desktop\FESv8-algebraic\migration_toolkit\skeleton_engine","CreationTime: 6/6/2026 6:32:24 AM, LastAccessTime: 6/7/2026 2:08:09 PM, LastWriteTime: 6/6/2026 7:26:23 AM, ChangeTime: 6/6/2026 7:26:23 AM, FileAttributes: D, AllocationSize: 8,192, EndOfFile: 8,192","BUFFER OVERFLOW"
"2:08:09.6240625 PM","python.exe","78000","CloseFile","C:\Users\jimpames\Desktop\FESv8-algebraic\migration_toolkit\skeleton_engine","","SUCCESS"
"2:08:09.6264521 PM","python.exe","78000","CreateFile","C:\Users\jimpames\Desktop\FESv8-algebraic\migration_toolkit\skeleton_engine","Desired Access: Read Attributes, Synchronize, Disposition: Open, Options: Synchronous IO Non-Alert, Attributes: n/a, ShareMode: None, AllocationSize: n/a, OpenResult: Opened","SUCCESS"
"2:08:09.6264953 PM","python.exe","78000","QueryInformationVolume","C:\Users\jimpames\Desktop\FESv8-algebraic\migration_toolkit\skeleton_engine","VolumeCreationTime: 5/30/2024 3:01:34 PM, VolumeSerialNumber: 66CA-DF9F, SupportsObjects: True, VolumeLabel: Winፊ","BUFFER OVERFLOW"
"2:08:09.6265122 PM","python.exe","78000","QueryAllInformationFile","C:\Users\jimpames\Desktop\FESv8-algebraic\migration_toolkit\skeleton_engine","CreationTime: 6/6/2026 6:32:24 AM, LastAccessTime: 6/7/2026 2:08:09 PM, LastWriteTime: 6/6/2026 7:26:23 AM, ChangeTime: 6/6/2026 7:26:23 AM, FileAttributes: D, AllocationSize: 8,192, EndOfFile: 8,192","BUFFER OVERFLOW"
"2:08:09.6265307 PM","python.exe","78000","CloseFile","C:\Users\jimpames\Desktop\FESv8-algebraic\migration_toolkit\skeleton_engine","","SUCCESS"
"2:08:09.6290749 PM","python.exe","78000","CreateFile","C:\Users\jimpames\Desktop\FESv8-algebraic\migration_toolkit\skeleton_engine","Desired Access: Read Attributes, Synchronize, Disposition: Open, Options: Synchronous IO Non-Alert, Attributes: n/a, ShareMode: None, AllocationSize: n/a, OpenResult: Opened","SUCCESS"
"2:08:09.6291202 PM","python.exe","78000","QueryInformationVolume","C:\Users\jimpames\Desktop\FESv8-algebraic\migration_toolkit\skeleton_engine","VolumeCreationTime: 5/30/2024 3:01:34 PM, VolumeSerialNumber: 66CA-DF9F, SupportsObjects: True, VolumeLabel: Winხ","BUFFER OVERFLOW"
"2:08:09.6291447 PM","python.exe","78000","QueryAllInformationFile","C:\Users\jimpames\Desktop\FESv8-algebraic\migration_toolkit\skeleton_engine","CreationTime: 6/6/2026 6:32:24 AM, LastAccessTime: 6/7/2026 2:08:09 PM, LastWriteTime: 6/6/2026 7:26:23 AM, ChangeTime: 6/6/2026 7:26:23 AM, FileAttributes: D, AllocationSize: 8,192, EndOfFile: 8,192","BUFFER OVERFLOW"
"2:08:09.6291829 PM","python.exe","78000","CloseFile","C:\Users\jimpames\Desktop\FESv8-algebraic\migration_toolkit\skeleton_engine","","SUCCESS"
"2:08:09.6308923 PM","python.exe","78000","CreateFile","C:\Users\jimpames\Desktop\FESv8-algebraic\migration_toolkit\skeleton_engine","Desired Access: Read Attributes, Synchronize, Disposition: Open, Options: Synchronous IO Non-Alert, Attributes: n/a, ShareMode: None, AllocationSize: n/a, OpenResult: Opened","SUCCESS"
"2:08:09.6309247 PM","python.exe","78000","QueryInformationVolume","C:\Users\jimpames\Desktop\FESv8-algebraic\migration_toolkit\skeleton_engine","VolumeCreationTime: 5/30/2024 3:01:34 PM, VolumeSerialNumber: 66CA-DF9F, SupportsObjects: True, VolumeLabel: Winᄨ","BUFFER OVERFLOW"
"2:08:09.6309429 PM","python.exe","78000","QueryAllInformationFile","C:\Users\jimpames\Desktop\FESv8-algebraic\migration_toolkit\skeleton_engine","CreationTime: 6/6/2026 6:32:24 AM, LastAccessTime: 6/7/2026 2:08:09 PM, LastWriteTime: 6/6/2026 7:26:23 AM, ChangeTime: 6/6/2026 7:26:23 AM, FileAttributes: D, AllocationSize: 8,192, EndOfFile: 8,192","BUFFER OVERFLOW"
"2:08:09.6309652 PM","python.exe","78000","CloseFile","C:\Users\jimpames\Desktop\FESv8-algebraic\migration_toolkit\skeleton_engine","","SUCCESS"
"2:08:09.6328417 PM","python.exe","78000","CreateFile","C:\Users\jimpames\Desktop\FESv8-algebraic\migration_toolkit\skeleton_engine","Desired Access: Read Attributes, Synchronize, Disposition: Open, Options: Synchronous IO Non-Alert, Attributes: n/a, ShareMode: None, AllocationSize: n/a, OpenResult: Opened","SUCCESS"
"2:08:09.6328683 PM","python.exe","78000","QueryInformationVolume","C:\Users\jimpames\Desktop\FESv8-algebraic\migration_toolkit\skeleton_engine","VolumeCreationTime: 5/30/2024 3:01:34 PM, VolumeSerialNumber: 66CA-DF9F, SupportsObjects: True, VolumeLabel: Winᄨ","BUFFER OVERFLOW"
"2:08:09.6328811 PM","python.exe","78000","QueryAllInformationFile","C:\Users\jimpames\Desktop\FESv8-algebraic\migration_toolkit\skeleton_engine","CreationTime: 6/6/2026 6:32:24 AM, LastAccessTime: 6/7/2026 2:08:09 PM, LastWriteTime: 6/6/2026 7:26:23 AM, ChangeTime: 6/6/2026 7:26:23 AM, FileAttributes: D, AllocationSize: 8,192, EndOfFile: 8,192","BUFFER OVERFLOW"
"2:08:09.6328948 PM","python.exe","78000","CloseFile","C:\Users\jimpames\Desktop\FESv8-algebraic\migration_toolkit\skeleton_engine","","SUCCESS"
"2:08:09.6346966 PM","python.exe","78000","CreateFile","C:\Users\jimpames\Desktop\FESv8-algebraic\migration_toolkit\skeleton_engine","Desired Access: Read Attributes, Synchronize, Disposition: Open, Options: Synchronous IO Non-Alert, Attributes: n/a, ShareMode: None, AllocationSize: n/a, OpenResult: Opened","SUCCESS"
"2:08:09.6347224 PM","python.exe","78000","QueryInformationVolume","C:\Users\jimpames\Desktop\FESv8-algebraic\migration_toolkit\skeleton_engine","VolumeCreationTime: 5/30/2024 3:01:34 PM, VolumeSerialNumber: 66CA-DF9F, SupportsObjects: True, VolumeLabel: Winᄨ","BUFFER OVERFLOW"
"2:08:09.6347344 PM","python.exe","78000","QueryAllInformationFile","C:\Users\jimpames\Desktop\FESv8-algebraic\migration_toolkit\skeleton_engine","CreationTime: 6/6/2026 6:32:24 AM, LastAccessTime: 6/7/2026 2:08:09 PM, LastWriteTime: 6/6/2026 7:26:23 AM, ChangeTime: 6/6/2026 7:26:23 AM, FileAttributes: D, AllocationSize: 8,192, EndOfFile: 8,192","BUFFER OVERFLOW"
"2:08:09.6347479 PM","python.exe","78000","CloseFile","C:\Users\jimpames\Desktop\FESv8-algebraic\migration_toolkit\skeleton_engine","","SUCCESS"
"2:08:09.6369613 PM","python.exe","78000","CreateFile","C:\Users\jimpames\Desktop\FESv8-algebraic\migration_toolkit\skeleton_engine","Desired Access: Read Attributes, Synchronize, Disposition: Open, Options: Synchronous IO Non-Alert, Attributes: n/a, ShareMode: None, AllocationSize: n/a, OpenResult: Opened","SUCCESS"
"2:08:09.6370095 PM","python.exe","78000","QueryInformationVolume","C:\Users\jimpames\Desktop\FESv8-algebraic\migration_toolkit\skeleton_engine","VolumeCreationTime: 5/30/2024 3:01:34 PM, VolumeSerialNumber: 66CA-DF9F, SupportsObjects: True, VolumeLabel: Win?","BUFFER OVERFLOW"
"2:08:09.6370416 PM","python.exe","78000","QueryAllInformationFile","C:\Users\jimpames\Desktop\FESv8-algebraic\migration_toolkit\skeleton_engine","CreationTime: 6/6/2026 6:32:24 AM, LastAccessTime: 6/7/2026 2:08:09 PM, LastWriteTime: 6/6/2026 7:26:23 AM, ChangeTime: 6/6/2026 7:26:23 AM, FileAttributes: D, AllocationSize: 8,192, EndOfFile: 8,192","BUFFER OVERFLOW"
"2:08:09.6370644 PM","python.exe","78000","CloseFile","C:\Users\jimpames\Desktop\FESv8-algebraic\migration_toolkit\skeleton_engine","","SUCCESS"
"2:08:09.6388769 PM","python.exe","78000","CreateFile","C:\Users\jimpames\Desktop\FESv8-algebraic\migration_toolkit\skeleton_engine","Desired Access: Read Attributes, Synchronize, Disposition: Open, Options: Synchronous IO Non-Alert, Attributes: n/a, ShareMode: None, AllocationSize: n/a, OpenResult: Opened","SUCCESS"
"2:08:09.6389029 PM","python.exe","78000","QueryInformationVolume","C:\Users\jimpames\Desktop\FESv8-algebraic\migration_toolkit\skeleton_engine","VolumeCreationTime: 5/30/2024 3:01:34 PM, VolumeSerialNumber: 66CA-DF9F, SupportsObjects: True, VolumeLabel: Winᄨ","BUFFER OVERFLOW"
"2:08:09.6389146 PM","python.exe","78000","QueryAllInformationFile","C:\Users\jimpames\Desktop\FESv8-algebraic\migration_toolkit\skeleton_engine","CreationTime: 6/6/2026 6:32:24 AM, LastAccessTime: 6/7/2026 2:08:09 PM, LastWriteTime: 6/6/2026 7:26:23 AM, ChangeTime: 6/6/2026 7:26:23 AM, FileAttributes: D, AllocationSize: 8,192, EndOfFile: 8,192","BUFFER OVERFLOW"
"2:08:09.6389284 PM","python.exe","78000","CloseFile","C:\Users\jimpames\Desktop\FESv8-algebraic\migration_toolkit\skeleton_engine","","SUCCESS"
"2:08:09.7094783 PM","python.exe","78000","CloseFile","C:\Users\jimpames\Desktop\FESv8-algebraic\migration_toolkit","","SUCCESS"
"2:08:09.7124898 PM","python.exe","94348","CloseFile","C:\Users\jimpames\Desktop\FESv8-algebraic\migration_toolkit","","SUCCESS"
"2:08:09.7151204 PM","python.exe","35508","CreateFile","C:\Users\jimpames\Desktop\FESv8-algebraic\migration_toolkit","Desired Access: Read Attributes, Disposition: Open, Options: Open Reparse Point, Attributes: n/a, ShareMode: Read, Write, Delete, AllocationSize: n/a, OpenResult: Opened","SUCCESS"
"2:08:09.7151337 PM","python.exe","35508","QueryBasicInformationFile","C:\Users\jimpames\Desktop\FESv8-algebraic\migration_toolkit","CreationTime: 6/6/2026 6:32:22 AM, LastAccessTime: 6/7/2026 2:08:09 PM, LastWriteTime: 6/6/2026 7:26:22 AM, ChangeTime: 6/6/2026 7:26:22 AM, FileAttributes: D","SUCCESS"
"2:08:09.7151400 PM","python.exe","35508","CloseFile","C:\Users\jimpames\Desktop\FESv8-algebraic\migration_toolkit","","SUCCESS"
"2:08:09.7230613 PM","python.exe","9404","CreateFile","C:\Users\jimpames\Desktop\FESv8-algebraic\migration_toolkit","Desired Access: Execute/Traverse, Synchronize, Disposition: Open, Options: Directory, Synchronous IO Non-Alert, Attributes: n/a, ShareMode: Read, Write, AllocationSize: n/a, OpenResult: Opened","SUCCESS"
"2:08:09.7383166 PM","python.exe","38896","CreateFile","C:\Users\jimpames\Desktop\FESv8-algebraic\migration_toolkit","Desired Access: Execute/Traverse, Synchronize, Disposition: Open, Options: Directory, Synchronous IO Non-Alert, Attributes: n/a, ShareMode: Read, Write, AllocationSize: n/a, OpenResult: Opened","SUCCESS"
"2:08:09.7877950 PM","python.exe","38896","CreateFile","C:\Users\jimpames\Desktop\FESv8-algebraic\migration_toolkit\skeleton_engine","Desired Access: Read Attributes, Synchronize, Disposition: Open, Options: Synchronous IO Non-Alert, Attributes: n/a, ShareMode: None, AllocationSize: n/a, OpenResult: Opened","SUCCESS"
"2:08:09.7878195 PM","python.exe","38896","QueryInformationVolume","C:\Users\jimpames\Desktop\FESv8-algebraic\migration_toolkit\skeleton_engine","VolumeCreationTime: 5/30/2024 3:01:34 PM, VolumeSerialNumber: 66CA-DF9F, SupportsObjects: True, VolumeLabel: Win","BUFFER OVERFLOW"
"2:08:09.7878289 PM","python.exe","38896","QueryAllInformationFile","C:\Users\jimpames\Desktop\FESv8-algebraic\migration_toolkit\skeleton_engine","CreationTime: 6/6/2026 6:32:24 AM, LastAccessTime: 6/7/2026 2:08:09 PM, LastWriteTime: 6/6/2026 7:26:23 AM, ChangeTime: 6/6/2026 7:26:23 AM, FileAttributes: D, AllocationSize: 8,192, EndOfFile: 8,192","BUFFER OVERFLOW"
"2:08:09.7878392 PM","python.exe","38896","CloseFile","C:\Users\jimpames\Desktop\FESv8-algebraic\migration_toolkit\skeleton_engine","","SUCCESS"
"2:08:09.7879648 PM","python.exe","38896","CreateFile","C:\Users\jimpames\Desktop\FESv8-algebraic\migration_toolkit\skeleton_engine","Desired Access: Read Attributes, Synchronize, Disposition: Open, Options: Synchronous IO Non-Alert, Attributes: n/a, ShareMode: None, AllocationSize: n/a, OpenResult: Opened","SUCCESS"
"2:08:09.7879922 PM","python.exe","38896","QueryInformationVolume","C:\Users\jimpames\Desktop\FESv8-algebraic\migration_toolkit\skeleton_engine","VolumeCreationTime: 5/30/2024 3:01:34 PM, VolumeSerialNumber: 66CA-DF9F, SupportsObjects: True, VolumeLabel: Winፌ","BUFFER OVERFLOW"
"2:08:09.7880014 PM","python.exe","38896","QueryAllInformationFile","C:\Users\jimpames\Desktop\FESv8-algebraic\migration_toolkit\skeleton_engine","CreationTime: 6/6/2026 6:32:24 AM, LastAccessTime: 6/7/2026 2:08:09 PM, LastWriteTime: 6/6/2026 7:26:23 AM, ChangeTime: 6/6/2026 7:26:23 AM, FileAttributes: D, AllocationSize: 8,192, EndOfFile: 8,192","BUFFER OVERFLOW"
"2:08:09.7880118 PM","python.exe","38896","CloseFile","C:\Users\jimpames\Desktop\FESv8-algebraic\migration_toolkit\skeleton_engine","","SUCCESS"
"2:08:09.7880905 PM","python.exe","38896","CreateFile","C:\Users\jimpames\Desktop\FESv8-algebraic\migration_toolkit\skeleton_engine","Desired Access: Read Attributes, Synchronize, Disposition: Open, Options: Synchronous IO Non-Alert, Attributes: n/a, ShareMode: None, AllocationSize: n/a, OpenResult: Opened","SUCCESS"
"2:08:09.7881036 PM","python.exe","38896","QueryInformationVolume","C:\Users\jimpames\Desktop\FESv8-algebraic\migration_toolkit\skeleton_engine","VolumeCreationTime: 5/30/2024 3:01:34 PM, VolumeSerialNumber: 66CA-DF9F, SupportsObjects: True, VolumeLabel: Winᅱ","BUFFER OVERFLOW"
"2:08:09.7881109 PM","python.exe","38896","QueryAllInformationFile","C:\Users\jimpames\Desktop\FESv8-algebraic\migration_toolkit\skeleton_engine","CreationTime: 6/6/2026 6:32:24 AM, LastAccessTime: 6/7/2026 2:08:09 PM, LastWriteTime: 6/6/2026 7:26:23 AM, ChangeTime: 6/6/2026 7:26:23 AM, FileAttributes: D, AllocationSize: 8,192, EndOfFile: 8,192","BUFFER OVERFLOW"
"2:08:09.7881190 PM","python.exe","38896","CloseFile","C:\Users\jimpames\Desktop\FESv8-algebraic\migration_toolkit\skeleton_engine","","SUCCESS"
"2:08:09.7881726 PM","python.exe","38896","CreateFile","C:\Users\jimpames\Desktop\FESv8-algebraic\migration_toolkit\skeleton_engine","Desired Access: Read Data/List Directory, Synchronize, Disposition: Open, Options: Directory, Synchronous IO Non-Alert, Attributes: n/a, ShareMode: Read, Write, Delete, AllocationSize: n/a, OpenResult: Opened","SUCCESS"
"2:08:09.7882134 PM","python.exe","38896","QueryDirectory","C:\Users\jimpames\Desktop\FESv8-algebraic\migration_toolkit\skeleton_engine","FileInformationClass: FileBothDirectoryInformation, 1: .., 2: build_pipeline.py, 3: customer_fidelity_validator.py, 4: immutables_classifier.py, 5: immutables_validator.py, 6: jpa_scrubber.py","SUCCESS"
"2:08:09.7882463 PM","python.exe","38896","QueryDirectory","C:\Users\jimpames\Desktop\FESv8-algebraic\migration_toolkit\skeleton_engine","FileInformationClass: FileBothDirectoryInformation","NO MORE FILES"
"2:08:09.7882545 PM","python.exe","38896","CloseFile","C:\Users\jimpames\Desktop\FESv8-algebraic\migration_toolkit\skeleton_engine","","SUCCESS"
"2:08:09.7895178 PM","python.exe","38896","CreateFile","C:\Users\jimpames\Desktop\FESv8-algebraic\migration_toolkit\skeleton_engine","Desired Access: Read Attributes, Synchronize, Disposition: Open, Options: Synchronous IO Non-Alert, Attributes: n/a, ShareMode: None, AllocationSize: n/a, OpenResult: Opened","SUCCESS"
"2:08:09.7895405 PM","python.exe","38896","QueryInformationVolume","C:\Users\jimpames\Desktop\FESv8-algebraic\migration_toolkit\skeleton_engine","VolumeCreationTime: 5/30/2024 3:01:34 PM, VolumeSerialNumber: 66CA-DF9F, SupportsObjects: True, VolumeLabel: Winፌ","BUFFER OVERFLOW"
"2:08:09.7895515 PM","python.exe","38896","QueryAllInformationFile","C:\Users\jimpames\Desktop\FESv8-algebraic\migration_toolkit\skeleton_engine","CreationTime: 6/6/2026 6:32:24 AM, LastAccessTime: 6/7/2026 2:08:09 PM, LastWriteTime: 6/6/2026 7:26:23 AM, ChangeTime: 6/6/2026 7:26:23 AM, FileAttributes: D, AllocationSize: 8,192, EndOfFile: 8,192","BUFFER OVERFLOW"
"2:08:09.7895636 PM","python.exe","38896","CloseFile","C:\Users\jimpames\Desktop\FESv8-algebraic\migration_toolkit\skeleton_engine","","SUCCESS"
"2:08:09.7912053 PM","python.exe","38896","CreateFile","C:\Users\jimpames\Desktop\FESv8-algebraic\migration_toolkit\skeleton_engine","Desired Access: Read Attributes, Synchronize, Disposition: Open, Options: Synchronous IO Non-Alert, Attributes: n/a, ShareMode: None, AllocationSize: n/a, OpenResult: Opened","SUCCESS"
"2:08:09.7912283 PM","python.exe","38896","QueryInformationVolume","C:\Users\jimpames\Desktop\FESv8-algebraic\migration_toolkit\skeleton_engine","VolumeCreationTime: 5/30/2024 3:01:34 PM, VolumeSerialNumber: 66CA-DF9F, SupportsObjects: True, VolumeLabel: Winፌ","BUFFER OVERFLOW"
"2:08:09.7912375 PM","python.exe","38896","QueryAllInformationFile","C:\Users\jimpames\Desktop\FESv8-algebraic\migration_toolkit\skeleton_engine","CreationTime: 6/6/2026 6:32:24 AM, LastAccessTime: 6/7/2026 2:08:09 PM, LastWriteTime: 6/6/2026 7:26:23 AM, ChangeTime: 6/6/2026 7:26:23 AM, FileAttributes: D, AllocationSize: 8,192, EndOfFile: 8,192","BUFFER OVERFLOW"
"2:08:09.7912482 PM","python.exe","38896","CloseFile","C:\Users\jimpames\Desktop\FESv8-algebraic\migration_toolkit\skeleton_engine","","SUCCESS"
"2:08:09.7925243 PM","python.exe","38896","CreateFile","C:\Users\jimpames\Desktop\FESv8-algebraic\migration_toolkit\skeleton_engine","Desired Access: Read Attributes, Synchronize, Disposition: Open, Options: Synchronous IO Non-Alert, Attributes: n/a, ShareMode: None, AllocationSize: n/a, OpenResult: Opened","SUCCESS"
"2:08:09.7925538 PM","python.exe","38896","QueryInformationVolume","C:\Users\jimpames\Desktop\FESv8-algebraic\migration_toolkit\skeleton_engine","VolumeCreationTime: 5/30/2024 3:01:34 PM, VolumeSerialNumber: 66CA-DF9F, SupportsObjects: True, VolumeLabel: Winፌ","BUFFER OVERFLOW"
"2:08:09.7925706 PM","python.exe","38896","QueryAllInformationFile","C:\Users\jimpames\Desktop\FESv8-algebraic\migration_toolkit\skeleton_engine","CreationTime: 6/6/2026 6:32:24 AM, LastAccessTime: 6/7/2026 2:08:09 PM, LastWriteTime: 6/6/2026 7:26:23 AM, ChangeTime: 6/6/2026 7:26:23 AM, FileAttributes: D, AllocationSize: 8,192, EndOfFile: 8,192","BUFFER OVERFLOW"
"2:08:09.7925916 PM","python.exe","38896","CloseFile","C:\Users\jimpames\Desktop\FESv8-algebraic\migration_toolkit\skeleton_engine","","SUCCESS"
"2:08:09.7942266 PM","python.exe","38896","CreateFile","C:\Users\jimpames\Desktop\FESv8-algebraic\migration_toolkit\skeleton_engine","Desired Access: Read Attributes, Synchronize, Disposition: Open, Options: Synchronous IO Non-Alert, Attributes: n/a, ShareMode: None, AllocationSize: n/a, OpenResult: Opened","SUCCESS"
"2:08:09.7942512 PM","python.exe","38896","QueryInformationVolume","C:\Users\jimpames\Desktop\FESv8-algebraic\migration_toolkit\skeleton_engine","VolumeCreationTime: 5/30/2024 3:01:34 PM, VolumeSerialNumber: 66CA-DF9F, SupportsObjects: True, VolumeLabel: Winፌ","BUFFER OVERFLOW"
"2:08:09.7942634 PM","python.exe","38896","QueryAllInformationFile","C:\Users\jimpames\Desktop\FESv8-algebraic\migration_toolkit\skeleton_engine","CreationTime: 6/6/2026 6:32:24 AM, LastAccessTime: 6/7/2026 2:08:09 PM, LastWriteTime: 6/6/2026 7:26:23 AM, ChangeTime: 6/6/2026 7:26:23 AM, FileAttributes: D, AllocationSize: 8,192, EndOfFile: 8,192","BUFFER OVERFLOW"
"2:08:09.7942770 PM","python.exe","38896","CloseFile","C:\Users\jimpames\Desktop\FESv8-algebraic\migration_toolkit\skeleton_engine","","SUCCESS"
"2:08:09.7962581 PM","python.exe","38896","CreateFile","C:\Users\jimpames\Desktop\FESv8-algebraic\migration_toolkit\skeleton_engine","Desired Access: Read Attributes, Synchronize, Disposition: Open, Options: Synchronous IO Non-Alert, Attributes: n/a, ShareMode: None, AllocationSize: n/a, OpenResult: Opened","SUCCESS"
"2:08:09.7963178 PM","python.exe","38896","QueryInformationVolume","C:\Users\jimpames\Desktop\FESv8-algebraic\migration_toolkit\skeleton_engine","VolumeCreationTime: 5/30/2024 3:01:34 PM, VolumeSerialNumber: 66CA-DF9F, SupportsObjects: True, VolumeLabel: Winᅱ","BUFFER OVERFLOW"
"2:08:09.7963397 PM","python.exe","38896","QueryAllInformationFile","C:\Users\jimpames\Desktop\FESv8-algebraic\migration_toolkit\skeleton_engine","CreationTime: 6/6/2026 6:32:24 AM, LastAccessTime: 6/7/2026 2:08:09 PM, LastWriteTime: 6/6/2026 7:26:23 AM, ChangeTime: 6/6/2026 7:26:23 AM, FileAttributes: D, AllocationSize: 8,192, EndOfFile: 8,192","BUFFER OVERFLOW"
"2:08:09.7963612 PM","python.exe","38896","CloseFile","C:\Users\jimpames\Desktop\FESv8-algebraic\migration_toolkit\skeleton_engine","","SUCCESS"
"2:08:09.7980517 PM","python.exe","38896","CreateFile","C:\Users\jimpames\Desktop\FESv8-algebraic\migration_toolkit\skeleton_engine","Desired Access: Read Attributes, Synchronize, Disposition: Open, Options: Synchronous IO Non-Alert, Attributes: n/a, ShareMode: None, AllocationSize: n/a, OpenResult: Opened","SUCCESS"
"2:08:09.7980896 PM","python.exe","38896","QueryInformationVolume","C:\Users\jimpames\Desktop\FESv8-algebraic\migration_toolkit\skeleton_engine","VolumeCreationTime: 5/30/2024 3:01:34 PM, VolumeSerialNumber: 66CA-DF9F, SupportsObjects: True, VolumeLabel: Winხ","BUFFER OVERFLOW"
"2:08:09.7981077 PM","python.exe","38896","QueryAllInformationFile","C:\Users\jimpames\Desktop\FESv8-algebraic\migration_toolkit\skeleton_engine","CreationTime: 6/6/2026 6:32:24 AM, LastAccessTime: 6/7/2026 2:08:09 PM, LastWriteTime: 6/6/2026 7:26:23 AM, ChangeTime: 6/6/2026 7:26:23 AM, FileAttributes: D, AllocationSize: 8,192, EndOfFile: 8,192","BUFFER OVERFLOW"
"2:08:09.7981247 PM","python.exe","38896","CloseFile","C:\Users\jimpames\Desktop\FESv8-algebraic\migration_toolkit\skeleton_engine","","SUCCESS"
"2:08:09.8000358 PM","python.exe","38896","CreateFile","C:\Users\jimpames\Desktop\FESv8-algebraic\migration_toolkit\skeleton_engine","Desired Access: Read Attributes, Synchronize, Disposition: Open, Options: Synchronous IO Non-Alert, Attributes: n/a, ShareMode: None, AllocationSize: n/a, OpenResult: Opened","SUCCESS"
"2:08:09.8000781 PM","python.exe","38896","QueryInformationVolume","C:\Users\jimpames\Desktop\FESv8-algebraic\migration_toolkit\skeleton_engine","VolumeCreationTime: 5/30/2024 3:01:34 PM, VolumeSerialNumber: 66CA-DF9F, SupportsObjects: True, VolumeLabel: Winხ","BUFFER OVERFLOW"
"2:08:09.8000999 PM","python.exe","38896","QueryAllInformationFile","C:\Users\jimpames\Desktop\FESv8-algebraic\migration_toolkit\skeleton_engine","CreationTime: 6/6/2026 6:32:24 AM, LastAccessTime: 6/7/2026 2:08:09 PM, LastWriteTime: 6/6/2026 7:26:23 AM, ChangeTime: 6/6/2026 7:26:23 AM, FileAttributes: D, AllocationSize: 8,192, EndOfFile: 8,192","BUFFER OVERFLOW"
"2:08:09.8001240 PM","python.exe","38896","CloseFile","C:\Users\jimpames\Desktop\FESv8-algebraic\migration_toolkit\skeleton_engine","","SUCCESS"
"2:08:09.8018141 PM","python.exe","38896","CreateFile","C:\Users\jimpames\Desktop\FESv8-algebraic\migration_toolkit\skeleton_engine","Desired Access: Read Attributes, Synchronize, Disposition: Open, Options: Synchronous IO Non-Alert, Attributes: n/a, ShareMode: None, AllocationSize: n/a, OpenResult: Opened","SUCCESS"
"2:08:09.8018388 PM","python.exe","38896","QueryInformationVolume","C:\Users\jimpames\Desktop\FESv8-algebraic\migration_toolkit\skeleton_engine","VolumeCreationTime: 5/30/2024 3:01:34 PM, VolumeSerialNumber: 66CA-DF9F, SupportsObjects: True, VolumeLabel: Winᅱ","BUFFER OVERFLOW"
"2:08:09.8018495 PM","python.exe","38896","QueryAllInformationFile","C:\Users\jimpames\Desktop\FESv8-algebraic\migration_toolkit\skeleton_engine","CreationTime: 6/6/2026 6:32:24 AM, LastAccessTime: 6/7/2026 2:08:09 PM, LastWriteTime: 6/6/2026 7:26:23 AM, ChangeTime: 6/6/2026 7:26:23 AM, FileAttributes: D, AllocationSize: 8,192, EndOfFile: 8,192","BUFFER OVERFLOW"
"2:08:09.8018619 PM","python.exe","38896","CloseFile","C:\Users\jimpames\Desktop\FESv8-algebraic\migration_toolkit\skeleton_engine","","SUCCESS"
"2:08:09.8034196 PM","python.exe","38896","CreateFile","C:\Users\jimpames\Desktop\FESv8-algebraic\migration_toolkit\skeleton_engine","Desired Access: Read Attributes, Synchronize, Disposition: Open, Options: Synchronous IO Non-Alert, Attributes: n/a, ShareMode: None, AllocationSize: n/a, OpenResult: Opened","SUCCESS"
"2:08:09.8034592 PM","python.exe","38896","QueryInformationVolume","C:\Users\jimpames\Desktop\FESv8-algebraic\migration_toolkit\skeleton_engine","VolumeCreationTime: 5/30/2024 3:01:34 PM, VolumeSerialNumber: 66CA-DF9F, SupportsObjects: True, VolumeLabel: Winხ","BUFFER OVERFLOW"
"2:08:09.8034793 PM","python.exe","38896","QueryAllInformationFile","C:\Users\jimpames\Desktop\FESv8-algebraic\migration_toolkit\skeleton_engine","CreationTime: 6/6/2026 6:32:24 AM, LastAccessTime: 6/7/2026 2:08:09 PM, LastWriteTime: 6/6/2026 7:26:23 AM, ChangeTime: 6/6/2026 7:26:23 AM, FileAttributes: D, AllocationSize: 8,192, EndOfFile: 8,192","BUFFER OVERFLOW"
"2:08:09.8035009 PM","python.exe","38896","CloseFile","C:\Users\jimpames\Desktop\FESv8-algebraic\migration_toolkit\skeleton_engine","","SUCCESS"
"2:08:09.8055677 PM","python.exe","38896","CreateFile","C:\Users\jimpames\Desktop\FESv8-algebraic\migration_toolkit\skeleton_engine","Desired Access: Read Attributes, Synchronize, Disposition: Open, Options: Synchronous IO Non-Alert, Attributes: n/a, ShareMode: None, AllocationSize: n/a, OpenResult: Opened","SUCCESS"
"2:08:09.8055968 PM","python.exe","38896","QueryInformationVolume","C:\Users\jimpames\Desktop\FESv8-algebraic\migration_toolkit\skeleton_engine","VolumeCreationTime: 5/30/2024 3:01:34 PM, VolumeSerialNumber: 66CA-DF9F, SupportsObjects: True, VolumeLabel: Win","BUFFER OVERFLOW"
"2:08:09.8056108 PM","python.exe","38896","QueryAllInformationFile","C:\Users\jimpames\Desktop\FESv8-algebraic\migration_toolkit\skeleton_engine","CreationTime: 6/6/2026 6:32:24 AM, LastAccessTime: 6/7/2026 2:08:09 PM, LastWriteTime: 6/6/2026 7:26:23 AM, ChangeTime: 6/6/2026 7:26:23 AM, FileAttributes: D, AllocationSize: 8,192, EndOfFile: 8,192","BUFFER OVERFLOW"
"2:08:09.8056263 PM","python.exe","38896","CloseFile","C:\Users\jimpames\Desktop\FESv8-algebraic\migration_toolkit\skeleton_engine","","SUCCESS"
"2:08:09.8070897 PM","python.exe","38896","CreateFile","C:\Users\jimpames\Desktop\FESv8-algebraic\migration_toolkit\skeleton_engine","Desired Access: Read Attributes, Synchronize, Disposition: Open, Options: Synchronous IO Non-Alert, Attributes: n/a, ShareMode: None, AllocationSize: n/a, OpenResult: Opened","SUCCESS"
"2:08:09.8071216 PM","python.exe","38896","QueryInformationVolume","C:\Users\jimpames\Desktop\FESv8-algebraic\migration_toolkit\skeleton_engine","VolumeCreationTime: 5/30/2024 3:01:34 PM, VolumeSerialNumber: 66CA-DF9F, SupportsObjects: True, VolumeLabel: Winხ","BUFFER OVERFLOW"
"2:08:09.8071405 PM","python.exe","38896","QueryAllInformationFile","C:\Users\jimpames\Desktop\FESv8-algebraic\migration_toolkit\skeleton_engine","CreationTime: 6/6/2026 6:32:24 AM, LastAccessTime: 6/7/2026 2:08:09 PM, LastWriteTime: 6/6/2026 7:26:23 AM, ChangeTime: 6/6/2026 7:26:23 AM, FileAttributes: D, AllocationSize: 8,192, EndOfFile: 8,192","BUFFER OVERFLOW"
"2:08:09.8071596 PM","python.exe","38896","CloseFile","C:\Users\jimpames\Desktop\FESv8-algebraic\migration_toolkit\skeleton_engine","","SUCCESS"
"2:08:09.8089931 PM","python.exe","38896","CreateFile","C:\Users\jimpames\Desktop\FESv8-algebraic\migration_toolkit\skeleton_engine","Desired Access: Read Attributes, Synchronize, Disposition: Open, Options: Synchronous IO Non-Alert, Attributes: n/a, ShareMode: None, AllocationSize: n/a, OpenResult: Opened","SUCCESS"
"2:08:09.8090357 PM","python.exe","38896","QueryInformationVolume","C:\Users\jimpames\Desktop\FESv8-algebraic\migration_toolkit\skeleton_engine","VolumeCreationTime: 5/30/2024 3:01:34 PM, VolumeSerialNumber: 66CA-DF9F, SupportsObjects: True, VolumeLabel: Winፌ","BUFFER OVERFLOW"
"2:08:09.8090593 PM","python.exe","38896","QueryAllInformationFile","C:\Users\jimpames\Desktop\FESv8-algebraic\migration_toolkit\skeleton_engine","CreationTime: 6/6/2026 6:32:24 AM, LastAccessTime: 6/7/2026 2:08:09 PM, LastWriteTime: 6/6/2026 7:26:23 AM, ChangeTime: 6/6/2026 7:26:23 AM, FileAttributes: D, AllocationSize: 8,192, EndOfFile: 8,192","BUFFER OVERFLOW"
"2:08:09.8090831 PM","python.exe","38896","CloseFile","C:\Users\jimpames\Desktop\FESv8-algebraic\migration_toolkit\skeleton_engine","","SUCCESS"
"2:08:09.8117779 PM","python.exe","38896","CreateFile","C:\Users\jimpames\Desktop\FESv8-algebraic\migration_toolkit\skeleton_engine","Desired Access: Read Attributes, Synchronize, Disposition: Open, Options: Synchronous IO Non-Alert, Attributes: n/a, ShareMode: None, AllocationSize: n/a, OpenResult: Opened","SUCCESS"
"2:08:09.8118073 PM","python.exe","38896","QueryInformationVolume","C:\Users\jimpames\Desktop\FESv8-algebraic\migration_toolkit\skeleton_engine","VolumeCreationTime: 5/30/2024 3:01:34 PM, VolumeSerialNumber: 66CA-DF9F, SupportsObjects: True, VolumeLabel: Winፌ","BUFFER OVERFLOW"
"2:08:09.8118197 PM","python.exe","38896","QueryAllInformationFile","C:\Users\jimpames\Desktop\FESv8-algebraic\migration_toolkit\skeleton_engine","CreationTime: 6/6/2026 6:32:24 AM, LastAccessTime: 6/7/2026 2:08:09 PM, LastWriteTime: 6/6/2026 7:26:23 AM, ChangeTime: 6/6/2026 7:26:23 AM, FileAttributes: D, AllocationSize: 8,192, EndOfFile: 8,192","BUFFER OVERFLOW"
"2:08:09.8118326 PM","python.exe","38896","CloseFile","C:\Users\jimpames\Desktop\FESv8-algebraic\migration_toolkit\skeleton_engine","","SUCCESS"
"2:08:09.8135806 PM","python.exe","38896","CreateFile","C:\Users\jimpames\Desktop\FESv8-algebraic\migration_toolkit\skeleton_engine","Desired Access: Read Attributes, Synchronize, Disposition: Open, Options: Synchronous IO Non-Alert, Attributes: n/a, ShareMode: None, AllocationSize: n/a, OpenResult: Opened","SUCCESS"
"2:08:09.8136177 PM","python.exe","38896","QueryInformationVolume","C:\Users\jimpames\Desktop\FESv8-algebraic\migration_toolkit\skeleton_engine","VolumeCreationTime: 5/30/2024 3:01:34 PM, VolumeSerialNumber: 66CA-DF9F, SupportsObjects: True, VolumeLabel: Winხ","BUFFER OVERFLOW"
"2:08:09.8136539 PM","python.exe","38896","QueryAllInformationFile","C:\Users\jimpames\Desktop\FESv8-algebraic\migration_toolkit\skeleton_engine","CreationTime: 6/6/2026 6:32:24 AM, LastAccessTime: 6/7/2026 2:08:09 PM, LastWriteTime: 6/6/2026 7:26:23 AM, ChangeTime: 6/6/2026 7:26:23 AM, FileAttributes: D, AllocationSize: 8,192, EndOfFile: 8,192","BUFFER OVERFLOW"
"2:08:09.8136753 PM","python.exe","38896","CloseFile","C:\Users\jimpames\Desktop\FESv8-algebraic\migration_toolkit\skeleton_engine","","SUCCESS"
"2:08:09.8166557 PM","python.exe","38896","CreateFile","C:\Users\jimpames\Desktop\FESv8-algebraic\migration_toolkit\skeleton_engine","Desired Access: Read Attributes, Synchronize, Disposition: Open, Options: Synchronous IO Non-Alert, Attributes: n/a, ShareMode: None, AllocationSize: n/a, OpenResult: Opened","SUCCESS"
"2:08:09.8166886 PM","python.exe","38896","QueryInformationVolume","C:\Users\jimpames\Desktop\FESv8-algebraic\migration_toolkit\skeleton_engine","VolumeCreationTime: 5/30/2024 3:01:34 PM, VolumeSerialNumber: 66CA-DF9F, SupportsObjects: True, VolumeLabel: Winፌ","BUFFER OVERFLOW"
"2:08:09.8167038 PM","python.exe","38896","QueryAllInformationFile","C:\Users\jimpames\Desktop\FESv8-algebraic\migration_toolkit\skeleton_engine","CreationTime: 6/6/2026 6:32:24 AM, LastAccessTime: 6/7/2026 2:08:09 PM, LastWriteTime: 6/6/2026 7:26:23 AM, ChangeTime: 6/6/2026 7:26:23 AM, FileAttributes: D, AllocationSize: 8,192, EndOfFile: 8,192","BUFFER OVERFLOW"
"2:08:09.8167191 PM","python.exe","38896","CloseFile","C:\Users\jimpames\Desktop\FESv8-algebraic\migration_toolkit\skeleton_engine","","SUCCESS"
"2:08:09.8234268 PM","python.exe","38896","CreateFile","C:\Users\jimpames\Desktop\FESv8-algebraic\migration_toolkit\skeleton_engine","Desired Access: Read Attributes, Synchronize, Disposition: Open, Options: Synchronous IO Non-Alert, Attributes: n/a, ShareMode: None, AllocationSize: n/a, OpenResult: Opened","SUCCESS"
"2:08:09.8234598 PM","python.exe","38896","QueryInformationVolume","C:\Users\jimpames\Desktop\FESv8-algebraic\migration_toolkit\skeleton_engine","VolumeCreationTime: 5/30/2024 3:01:34 PM, VolumeSerialNumber: 66CA-DF9F, SupportsObjects: True, VolumeLabel: Winፌ","BUFFER OVERFLOW"
"2:08:09.8234730 PM","python.exe","38896","QueryAllInformationFile","C:\Users\jimpames\Desktop\FESv8-algebraic\migration_toolkit\skeleton_engine","CreationTime: 6/6/2026 6:32:24 AM, LastAccessTime: 6/7/2026 2:08:09 PM, LastWriteTime: 6/6/2026 7:26:23 AM, ChangeTime: 6/6/2026 7:26:23 AM, FileAttributes: D, AllocationSize: 8,192, EndOfFile: 8,192","BUFFER OVERFLOW"
"2:08:09.8234865 PM","python.exe","38896","CloseFile","C:\Users\jimpames\Desktop\FESv8-algebraic\migration_toolkit\skeleton_engine","","SUCCESS"
"2:08:09.8252502 PM","python.exe","38896","CreateFile","C:\Users\jimpames\Desktop\FESv8-algebraic\migration_toolkit\skeleton_engine","Desired Access: Read Attributes, Synchronize, Disposition: Open, Options: Synchronous IO Non-Alert, Attributes: n/a, ShareMode: None, AllocationSize: n/a, OpenResult: Opened","SUCCESS"
"2:08:09.8252809 PM","python.exe","38896","QueryInformationVolume","C:\Users\jimpames\Desktop\FESv8-algebraic\migration_toolkit\skeleton_engine","VolumeCreationTime: 5/30/2024 3:01:34 PM, VolumeSerialNumber: 66CA-DF9F, SupportsObjects: True, VolumeLabel: Winፌ","BUFFER OVERFLOW"
"2:08:09.8252915 PM","python.exe","38896","QueryAllInformationFile","C:\Users\jimpames\Desktop\FESv8-algebraic\migration_toolkit\skeleton_engine","CreationTime: 6/6/2026 6:32:24 AM, LastAccessTime: 6/7/2026 2:08:09 PM, LastWriteTime: 6/6/2026 7:26:23 AM, ChangeTime: 6/6/2026 7:26:23 AM, FileAttributes: D, AllocationSize: 8,192, EndOfFile: 8,192","BUFFER OVERFLOW"
"2:08:09.8253031 PM","python.exe","38896","CloseFile","C:\Users\jimpames\Desktop\FESv8-algebraic\migration_toolkit\skeleton_engine","","SUCCESS"
"2:08:09.8269933 PM","python.exe","38896","CreateFile","C:\Users\jimpames\Desktop\FESv8-algebraic\migration_toolkit\skeleton_engine","Desired Access: Read Attributes, Synchronize, Disposition: Open, Options: Synchronous IO Non-Alert, Attributes: n/a, ShareMode: None, AllocationSize: n/a, OpenResult: Opened","SUCCESS"
"2:08:09.8270234 PM","python.exe","38896","QueryInformationVolume","C:\Users\jimpames\Desktop\FESv8-algebraic\migration_toolkit\skeleton_engine","VolumeCreationTime: 5/30/2024 3:01:34 PM, VolumeSerialNumber: 66CA-DF9F, SupportsObjects: True, VolumeLabel: Winხ","BUFFER OVERFLOW"
"2:08:09.8270396 PM","python.exe","38896","QueryAllInformationFile","C:\Users\jimpames\Desktop\FESv8-algebraic\migration_toolkit\skeleton_engine","CreationTime: 6/6/2026 6:32:24 AM, LastAccessTime: 6/7/2026 2:08:09 PM, LastWriteTime: 6/6/2026 7:26:23 AM, ChangeTime: 6/6/2026 7:26:23 AM, FileAttributes: D, AllocationSize: 8,192, EndOfFile: 8,192","BUFFER OVERFLOW"
"2:08:09.8270558 PM","python.exe","38896","CloseFile","C:\Users\jimpames\Desktop\FESv8-algebraic\migration_toolkit\skeleton_engine","","SUCCESS"
"2:08:09.8286035 PM","python.exe","38896","CreateFile","C:\Users\jimpames\Desktop\FESv8-algebraic\migration_toolkit\skeleton_engine","Desired Access: Read Attributes, Synchronize, Disposition: Open, Options: Synchronous IO Non-Alert, Attributes: n/a, ShareMode: None, AllocationSize: n/a, OpenResult: Opened","SUCCESS"
"2:08:09.8286266 PM","python.exe","38896","QueryInformationVolume","C:\Users\jimpames\Desktop\FESv8-algebraic\migration_toolkit\skeleton_engine","VolumeCreationTime: 5/30/2024 3:01:34 PM, VolumeSerialNumber: 66CA-DF9F, SupportsObjects: True, VolumeLabel: Win","BUFFER OVERFLOW"
"2:08:09.8286365 PM","python.exe","38896","QueryAllInformationFile","C:\Users\jimpames\Desktop\FESv8-algebraic\migration_toolkit\skeleton_engine","CreationTime: 6/6/2026 6:32:24 AM, LastAccessTime: 6/7/2026 2:08:09 PM, LastWriteTime: 6/6/2026 7:26:23 AM, ChangeTime: 6/6/2026 7:26:23 AM, FileAttributes: D, AllocationSize: 8,192, EndOfFile: 8,192","BUFFER OVERFLOW"
"2:08:09.8286472 PM","python.exe","38896","CloseFile","C:\Users\jimpames\Desktop\FESv8-algebraic\migration_toolkit\skeleton_engine","","SUCCESS"
"2:08:09.8303000 PM","python.exe","38896","CreateFile","C:\Users\jimpames\Desktop\FESv8-algebraic\migration_toolkit\skeleton_engine","Desired Access: Read Attributes, Synchronize, Disposition: Open, Options: Synchronous IO Non-Alert, Attributes: n/a, ShareMode: None, AllocationSize: n/a, OpenResult: Opened","SUCCESS"
"2:08:09.8303274 PM","python.exe","38896","QueryInformationVolume","C:\Users\jimpames\Desktop\FESv8-algebraic\migration_toolkit\skeleton_engine","VolumeCreationTime: 5/30/2024 3:01:34 PM, VolumeSerialNumber: 66CA-DF9F, SupportsObjects: True, VolumeLabel: Winᅱ","BUFFER OVERFLOW"
"2:08:09.8303426 PM","python.exe","38896","QueryAllInformationFile","C:\Users\jimpames\Desktop\FESv8-algebraic\migration_toolkit\skeleton_engine","CreationTime: 6/6/2026 6:32:24 AM, LastAccessTime: 6/7/2026 2:08:09 PM, LastWriteTime: 6/6/2026 7:26:23 AM, ChangeTime: 6/6/2026 7:26:23 AM, FileAttributes: D, AllocationSize: 8,192, EndOfFile: 8,192","BUFFER OVERFLOW"
"2:08:09.8303553 PM","python.exe","38896","CloseFile","C:\Users\jimpames\Desktop\FESv8-algebraic\migration_toolkit\skeleton_engine","","SUCCESS"
"2:08:09.8353885 PM","python.exe","38896","CreateFile","C:\Users\jimpames\Desktop\FESv8-algebraic\migration_toolkit\skeleton_engine","Desired Access: Read Attributes, Synchronize, Disposition: Open, Options: Synchronous IO Non-Alert, Attributes: n/a, ShareMode: None, AllocationSize: n/a, OpenResult: Opened","SUCCESS"
"2:08:09.8354314 PM","python.exe","38896","QueryInformationVolume","C:\Users\jimpames\Desktop\FESv8-algebraic\migration_toolkit\skeleton_engine","VolumeCreationTime: 5/30/2024 3:01:34 PM, VolumeSerialNumber: 66CA-DF9F, SupportsObjects: True, VolumeLabel: Winᇳ","BUFFER OVERFLOW"
"2:08:09.8354463 PM","python.exe","38896","QueryAllInformationFile","C:\Users\jimpames\Desktop\FESv8-algebraic\migration_toolkit\skeleton_engine","CreationTime: 6/6/2026 6:32:24 AM, LastAccessTime: 6/7/2026 2:08:09 PM, LastWriteTime: 6/6/2026 7:26:23 AM, ChangeTime: 6/6/2026 7:26:23 AM, FileAttributes: D, AllocationSize: 8,192, EndOfFile: 8,192","BUFFER OVERFLOW"
"2:08:09.8354625 PM","python.exe","38896","CloseFile","C:\Users\jimpames\Desktop\FESv8-algebraic\migration_toolkit\skeleton_engine","","SUCCESS"
"2:08:09.8427965 PM","python.exe","38896","CreateFile","C:\Users\jimpames\Desktop\FESv8-algebraic\migration_toolkit\skeleton_engine","Desired Access: Read Attributes, Synchronize, Disposition: Open, Options: Synchronous IO Non-Alert, Attributes: n/a, ShareMode: None, AllocationSize: n/a, OpenResult: Opened","SUCCESS"
"2:08:09.8428254 PM","python.exe","38896","QueryInformationVolume","C:\Users\jimpames\Desktop\FESv8-algebraic\migration_toolkit\skeleton_engine","VolumeCreationTime: 5/30/2024 3:01:34 PM, VolumeSerialNumber: 66CA-DF9F, SupportsObjects: True, VolumeLabel: Winፌ","BUFFER OVERFLOW"
"2:08:09.8428359 PM","python.exe","38896","QueryAllInformationFile","C:\Users\jimpames\Desktop\FESv8-algebraic\migration_toolkit\skeleton_engine","CreationTime: 6/6/2026 6:32:24 AM, LastAccessTime: 6/7/2026 2:08:09 PM, LastWriteTime: 6/6/2026 7:26:23 AM, ChangeTime: 6/6/2026 7:26:23 AM, FileAttributes: D, AllocationSize: 8,192, EndOfFile: 8,192","BUFFER OVERFLOW"
"2:08:09.8428472 PM","python.exe","38896","CloseFile","C:\Users\jimpames\Desktop\FESv8-algebraic\migration_toolkit\skeleton_engine","","SUCCESS"
"2:08:09.8464139 PM","python.exe","38896","CreateFile","C:\Users\jimpames\Desktop\FESv8-algebraic\migration_toolkit\skeleton_engine","Desired Access: Read Attributes, Synchronize, Disposition: Open, Options: Synchronous IO Non-Alert, Attributes: n/a, ShareMode: None, AllocationSize: n/a, OpenResult: Opened","SUCCESS"
"2:08:09.8464426 PM","python.exe","38896","QueryInformationVolume","C:\Users\jimpames\Desktop\FESv8-algebraic\migration_toolkit\skeleton_engine","VolumeCreationTime: 5/30/2024 3:01:34 PM, VolumeSerialNumber: 66CA-DF9F, SupportsObjects: True, VolumeLabel: Winხ","BUFFER OVERFLOW"
"2:08:09.8464702 PM","python.exe","38896","QueryAllInformationFile","C:\Users\jimpames\Desktop\FESv8-algebraic\migration_toolkit\skeleton_engine","CreationTime: 6/6/2026 6:32:24 AM, LastAccessTime: 6/7/2026 2:08:09 PM, LastWriteTime: 6/6/2026 7:26:23 AM, ChangeTime: 6/6/2026 7:26:23 AM, FileAttributes: D, AllocationSize: 8,192, EndOfFile: 8,192","BUFFER OVERFLOW"
"2:08:09.8464944 PM","python.exe","38896","CloseFile","C:\Users\jimpames\Desktop\FESv8-algebraic\migration_toolkit\skeleton_engine","","SUCCESS"
"2:08:09.8500543 PM","python.exe","38896","CreateFile","C:\Users\jimpames\Desktop\FESv8-algebraic\migration_toolkit\skeleton_engine","Desired Access: Read Attributes, Synchronize, Disposition: Open, Options: Synchronous IO Non-Alert, Attributes: n/a, ShareMode: None, AllocationSize: n/a, OpenResult: Opened","SUCCESS"
"2:08:09.8500889 PM","python.exe","38896","QueryInformationVolume","C:\Users\jimpames\Desktop\FESv8-algebraic\migration_toolkit\skeleton_engine","VolumeCreationTime: 5/30/2024 3:01:34 PM, VolumeSerialNumber: 66CA-DF9F, SupportsObjects: True, VolumeLabel: Winხ","BUFFER OVERFLOW"
"2:08:09.8501075 PM","python.exe","38896","QueryAllInformationFile","C:\Users\jimpames\Desktop\FESv8-algebraic\migration_toolkit\skeleton_engine","CreationTime: 6/6/2026 6:32:24 AM, LastAccessTime: 6/7/2026 2:08:09 PM, LastWriteTime: 6/6/2026 7:26:23 AM, ChangeTime: 6/6/2026 7:26:23 AM, FileAttributes: D, AllocationSize: 8,192, EndOfFile: 8,192","BUFFER OVERFLOW"
"2:08:09.8501281 PM","python.exe","38896","CloseFile","C:\Users\jimpames\Desktop\FESv8-algebraic\migration_toolkit\skeleton_engine","","SUCCESS"
"2:08:09.8519596 PM","python.exe","38896","CreateFile","C:\Users\jimpames\Desktop\FESv8-algebraic\migration_toolkit\skeleton_engine","Desired Access: Read Attributes, Synchronize, Disposition: Open, Options: Synchronous IO Non-Alert, Attributes: n/a, ShareMode: None, AllocationSize: n/a, OpenResult: Opened","SUCCESS"
"2:08:09.8519996 PM","python.exe","38896","QueryInformationVolume","C:\Users\jimpames\Desktop\FESv8-algebraic\migration_toolkit\skeleton_engine","VolumeCreationTime: 5/30/2024 3:01:34 PM, VolumeSerialNumber: 66CA-DF9F, SupportsObjects: True, VolumeLabel: Winხ","BUFFER OVERFLOW"
"2:08:09.8520199 PM","python.exe","38896","QueryAllInformationFile","C:\Users\jimpames\Desktop\FESv8-algebraic\migration_toolkit\skeleton_engine","CreationTime: 6/6/2026 6:32:24 AM, LastAccessTime: 6/7/2026 2:08:09 PM, LastWriteTime: 6/6/2026 7:26:23 AM, ChangeTime: 6/6/2026 7:26:23 AM, FileAttributes: D, AllocationSize: 8,192, EndOfFile: 8,192","BUFFER OVERFLOW"
"2:08:09.8520412 PM","python.exe","38896","CloseFile","C:\Users\jimpames\Desktop\FESv8-algebraic\migration_toolkit\skeleton_engine","","SUCCESS"
"2:08:09.8538065 PM","python.exe","38896","CreateFile","C:\Users\jimpames\Desktop\FESv8-algebraic\migration_toolkit\skeleton_engine","Desired Access: Read Attributes, Synchronize, Disposition: Open, Options: Synchronous IO Non-Alert, Attributes: n/a, ShareMode: None, AllocationSize: n/a, OpenResult: Opened","SUCCESS"
"2:08:09.8538475 PM","python.exe","38896","QueryInformationVolume","C:\Users\jimpames\Desktop\FESv8-algebraic\migration_toolkit\skeleton_engine","VolumeCreationTime: 5/30/2024 3:01:34 PM, VolumeSerialNumber: 66CA-DF9F, SupportsObjects: True, VolumeLabel: Winᅱ","BUFFER OVERFLOW"
"2:08:09.8538630 PM","python.exe","38896","QueryAllInformationFile","C:\Users\jimpames\Desktop\FESv8-algebraic\migration_toolkit\skeleton_engine","CreationTime: 6/6/2026 6:32:24 AM, LastAccessTime: 6/7/2026 2:08:09 PM, LastWriteTime: 6/6/2026 7:26:23 AM, ChangeTime: 6/6/2026 7:26:23 AM, FileAttributes: D, AllocationSize: 8,192, EndOfFile: 8,192","BUFFER OVERFLOW"
"2:08:09.8538793 PM","python.exe","38896","CloseFile","C:\Users\jimpames\Desktop\FESv8-algebraic\migration_toolkit\skeleton_engine","","SUCCESS"
"2:08:09.8557006 PM","python.exe","38896","CreateFile","C:\Users\jimpames\Desktop\FESv8-algebraic\migration_toolkit\skeleton_engine","Desired Access: Read Attributes, Synchronize, Disposition: Open, Options: Synchronous IO Non-Alert, Attributes: n/a, ShareMode: None, AllocationSize: n/a, OpenResult: Opened","SUCCESS"
"2:08:09.8557297 PM","python.exe","38896","QueryInformationVolume","C:\Users\jimpames\Desktop\FESv8-algebraic\migration_toolkit\skeleton_engine","VolumeCreationTime: 5/30/2024 3:01:34 PM, VolumeSerialNumber: 66CA-DF9F, SupportsObjects: True, VolumeLabel: Winᅱ","BUFFER OVERFLOW"
"2:08:09.8557433 PM","python.exe","38896","QueryAllInformationFile","C:\Users\jimpames\Desktop\FESv8-algebraic\migration_toolkit\skeleton_engine","CreationTime: 6/6/2026 6:32:24 AM, LastAccessTime: 6/7/2026 2:08:09 PM, LastWriteTime: 6/6/2026 7:26:23 AM, ChangeTime: 6/6/2026 7:26:23 AM, FileAttributes: D, AllocationSize: 8,192, EndOfFile: 8,192","BUFFER OVERFLOW"
"2:08:09.8557589 PM","python.exe","38896","CloseFile","C:\Users\jimpames\Desktop\FESv8-algebraic\migration_toolkit\skeleton_engine","","SUCCESS"
"2:08:09.8567392 PM","python.exe","38896","CreateFile","C:\Users\jimpames\Desktop\FESv8-algebraic\migration_toolkit\skeleton_engine","Desired Access: Read Attributes, Synchronize, Disposition: Open, Options: Synchronous IO Non-Alert, Attributes: n/a, ShareMode: None, AllocationSize: n/a, OpenResult: Opened","SUCCESS"
"2:08:09.8567581 PM","python.exe","38896","QueryInformationVolume","C:\Users\jimpames\Desktop\FESv8-algebraic\migration_toolkit\skeleton_engine","VolumeCreationTime: 5/30/2024 3:01:34 PM, VolumeSerialNumber: 66CA-DF9F, SupportsObjects: True, VolumeLabel: Winፌ","BUFFER OVERFLOW"
"2:08:09.8567684 PM","python.exe","38896","QueryAllInformationFile","C:\Users\jimpames\Desktop\FESv8-algebraic\migration_toolkit\skeleton_engine","CreationTime: 6/6/2026 6:32:24 AM, LastAccessTime: 6/7/2026 2:08:09 PM, LastWriteTime: 6/6/2026 7:26:23 AM, ChangeTime: 6/6/2026 7:26:23 AM, FileAttributes: D, AllocationSize: 8,192, EndOfFile: 8,192","BUFFER OVERFLOW"
"2:08:09.8567803 PM","python.exe","38896","CloseFile","C:\Users\jimpames\Desktop\FESv8-algebraic\migration_toolkit\skeleton_engine","","SUCCESS"
"2:08:09.8587193 PM","python.exe","38896","CreateFile","C:\Users\jimpames\Desktop\FESv8-algebraic\migration_toolkit\skeleton_engine","Desired Access: Read Attributes, Synchronize, Disposition: Open, Options: Synchronous IO Non-Alert, Attributes: n/a, ShareMode: None, AllocationSize: n/a, OpenResult: Opened","SUCCESS"
"2:08:09.8587506 PM","python.exe","38896","QueryInformationVolume","C:\Users\jimpames\Desktop\FESv8-algebraic\migration_toolkit\skeleton_engine","VolumeCreationTime: 5/30/2024 3:01:34 PM, VolumeSerialNumber: 66CA-DF9F, SupportsObjects: True, VolumeLabel: Winხ","BUFFER OVERFLOW"
"2:08:09.8587644 PM","python.exe","38896","QueryAllInformationFile","C:\Users\jimpames\Desktop\FESv8-algebraic\migration_toolkit\skeleton_engine","CreationTime: 6/6/2026 6:32:24 AM, LastAccessTime: 6/7/2026 2:08:09 PM, LastWriteTime: 6/6/2026 7:26:23 AM, ChangeTime: 6/6/2026 7:26:23 AM, FileAttributes: D, AllocationSize: 8,192, EndOfFile: 8,192","BUFFER OVERFLOW"
"2:08:09.8587789 PM","python.exe","38896","CloseFile","C:\Users\jimpames\Desktop\FESv8-algebraic\migration_toolkit\skeleton_engine","","SUCCESS"
"2:08:09.8610638 PM","python.exe","38896","CreateFile","C:\Users\jimpames\Desktop\FESv8-algebraic\migration_toolkit\skeleton_engine","Desired Access: Read Attributes, Synchronize, Disposition: Open, Options: Synchronous IO Non-Alert, Attributes: n/a, ShareMode: None, AllocationSize: n/a, OpenResult: Opened","SUCCESS"
"2:08:09.8610950 PM","python.exe","38896","QueryInformationVolume","C:\Users\jimpames\Desktop\FESv8-algebraic\migration_toolkit\skeleton_engine","VolumeCreationTime: 5/30/2024 3:01:34 PM, VolumeSerialNumber: 66CA-DF9F, SupportsObjects: True, VolumeLabel: Winፌ","BUFFER OVERFLOW"
"2:08:09.8611075 PM","python.exe","38896","QueryAllInformationFile","C:\Users\jimpames\Desktop\FESv8-algebraic\migration_toolkit\skeleton_engine","CreationTime: 6/6/2026 6:32:24 AM, LastAccessTime: 6/7/2026 2:08:09 PM, LastWriteTime: 6/6/2026 7:26:23 AM, ChangeTime: 6/6/2026 7:26:23 AM, FileAttributes: D, AllocationSize: 8,192, EndOfFile: 8,192","BUFFER OVERFLOW"
"2:08:09.8611227 PM","python.exe","38896","CloseFile","C:\Users\jimpames\Desktop\FESv8-algebraic\migration_toolkit\skeleton_engine","","SUCCESS"
"2:08:09.8625503 PM","python.exe","38896","CreateFile","C:\Users\jimpames\Desktop\FESv8-algebraic\migration_toolkit\skeleton_engine","Desired Access: Read Attributes, Synchronize, Disposition: Open, Options: Synchronous IO Non-Alert, Attributes: n/a, ShareMode: None, AllocationSize: n/a, OpenResult: Opened","SUCCESS"
"2:08:09.8625794 PM","python.exe","38896","QueryInformationVolume","C:\Users\jimpames\Desktop\FESv8-algebraic\migration_toolkit\skeleton_engine","VolumeCreationTime: 5/30/2024 3:01:34 PM, VolumeSerialNumber: 66CA-DF9F, SupportsObjects: True, VolumeLabel: Win","BUFFER OVERFLOW"
"2:08:09.8625922 PM","python.exe","38896","QueryAllInformationFile","C:\Users\jimpames\Desktop\FESv8-algebraic\migration_toolkit\skeleton_engine","CreationTime: 6/6/2026 6:32:24 AM, LastAccessTime: 6/7/2026 2:08:09 PM, LastWriteTime: 6/6/2026 7:26:23 AM, ChangeTime: 6/6/2026 7:26:23 AM, FileAttributes: D, AllocationSize: 8,192, EndOfFile: 8,192","BUFFER OVERFLOW"
"2:08:09.8626086 PM","python.exe","38896","CloseFile","C:\Users\jimpames\Desktop\FESv8-algebraic\migration_toolkit\skeleton_engine","","SUCCESS"
"2:08:09.8639417 PM","python.exe","38896","CreateFile","C:\Users\jimpames\Desktop\FESv8-algebraic\migration_toolkit\skeleton_engine","Desired Access: Read Attributes, Synchronize, Disposition: Open, Options: Synchronous IO Non-Alert, Attributes: n/a, ShareMode: None, AllocationSize: n/a, OpenResult: Opened","SUCCESS"
"2:08:09.8639711 PM","python.exe","38896","QueryInformationVolume","C:\Users\jimpames\Desktop\FESv8-algebraic\migration_toolkit\skeleton_engine","VolumeCreationTime: 5/30/2024 3:01:34 PM, VolumeSerialNumber: 66CA-DF9F, SupportsObjects: True, VolumeLabel: Winፌ","BUFFER OVERFLOW"
"2:08:09.8639835 PM","python.exe","38896","QueryAllInformationFile","C:\Users\jimpames\Desktop\FESv8-algebraic\migration_toolkit\skeleton_engine","CreationTime: 6/6/2026 6:32:24 AM, LastAccessTime: 6/7/2026 2:08:09 PM, LastWriteTime: 6/6/2026 7:26:23 AM, ChangeTime: 6/6/2026 7:26:23 AM, FileAttributes: D, AllocationSize: 8,192, EndOfFile: 8,192","BUFFER OVERFLOW"
"2:08:09.8640153 PM","python.exe","38896","CloseFile","C:\Users\jimpames\Desktop\FESv8-algebraic\migration_toolkit\skeleton_engine","","SUCCESS"
"2:08:09.8657655 PM","python.exe","38896","CreateFile","C:\Users\jimpames\Desktop\FESv8-algebraic\migration_toolkit\skeleton_engine","Desired Access: Read Attributes, Synchronize, Disposition: Open, Options: Synchronous IO Non-Alert, Attributes: n/a, ShareMode: None, AllocationSize: n/a, OpenResult: Opened","SUCCESS"
"2:08:09.8657907 PM","python.exe","38896","QueryInformationVolume","C:\Users\jimpames\Desktop\FESv8-algebraic\migration_toolkit\skeleton_engine","VolumeCreationTime: 5/30/2024 3:01:34 PM, VolumeSerialNumber: 66CA-DF9F, SupportsObjects: True, VolumeLabel: Winፌ","BUFFER OVERFLOW"
"2:08:09.8658019 PM","python.exe","38896","QueryAllInformationFile","C:\Users\jimpames\Desktop\FESv8-algebraic\migration_toolkit\skeleton_engine","CreationTime: 6/6/2026 6:32:24 AM, LastAccessTime: 6/7/2026 2:08:09 PM, LastWriteTime: 6/6/2026 7:26:23 AM, ChangeTime: 6/6/2026 7:26:23 AM, FileAttributes: D, AllocationSize: 8,192, EndOfFile: 8,192","BUFFER OVERFLOW"
"2:08:09.8658151 PM","python.exe","38896","CloseFile","C:\Users\jimpames\Desktop\FESv8-algebraic\migration_toolkit\skeleton_engine","","SUCCESS"
"2:08:09.8674649 PM","python.exe","38896","CreateFile","C:\Users\jimpames\Desktop\FESv8-algebraic\migration_toolkit\skeleton_engine","Desired Access: Read Attributes, Synchronize, Disposition: Open, Options: Synchronous IO Non-Alert, Attributes: n/a, ShareMode: None, AllocationSize: n/a, OpenResult: Opened","SUCCESS"
"2:08:09.8674934 PM","python.exe","38896","QueryInformationVolume","C:\Users\jimpames\Desktop\FESv8-algebraic\migration_toolkit\skeleton_engine","VolumeCreationTime: 5/30/2024 3:01:34 PM, VolumeSerialNumber: 66CA-DF9F, SupportsObjects: True, VolumeLabel: Winᅱ","BUFFER OVERFLOW"
"2:08:09.8675054 PM","python.exe","38896","QueryAllInformationFile","C:\Users\jimpames\Desktop\FESv8-algebraic\migration_toolkit\skeleton_engine","CreationTime: 6/6/2026 6:32:24 AM, LastAccessTime: 6/7/2026 2:08:09 PM, LastWriteTime: 6/6/2026 7:26:23 AM, ChangeTime: 6/6/2026 7:26:23 AM, FileAttributes: D, AllocationSize: 8,192, EndOfFile: 8,192","BUFFER OVERFLOW"
"2:08:09.8675186 PM","python.exe","38896","CloseFile","C:\Users\jimpames\Desktop\FESv8-algebraic\migration_toolkit\skeleton_engine","","SUCCESS"
"2:08:09.8690473 PM","python.exe","38896","CreateFile","C:\Users\jimpames\Desktop\FESv8-algebraic\migration_toolkit\skeleton_engine","Desired Access: Read Attributes, Synchronize, Disposition: Open, Options: Synchronous IO Non-Alert, Attributes: n/a, ShareMode: None, AllocationSize: n/a, OpenResult: Opened","SUCCESS"
"2:08:09.8690771 PM","python.exe","38896","QueryInformationVolume","C:\Users\jimpames\Desktop\FESv8-algebraic\migration_toolkit\skeleton_engine","VolumeCreationTime: 5/30/2024 3:01:34 PM, VolumeSerialNumber: 66CA-DF9F, SupportsObjects: True, VolumeLabel: Winᅱ","BUFFER OVERFLOW"
"2:08:09.8690947 PM","python.exe","38896","QueryAllInformationFile","C:\Users\jimpames\Desktop\FESv8-algebraic\migration_toolkit\skeleton_engine","CreationTime: 6/6/2026 6:32:24 AM, LastAccessTime: 6/7/2026 2:08:09 PM, LastWriteTime: 6/6/2026 7:26:23 AM, ChangeTime: 6/6/2026 7:26:23 AM, FileAttributes: D, AllocationSize: 8,192, EndOfFile: 8,192","BUFFER OVERFLOW"
"2:08:09.8691103 PM","python.exe","38896","CloseFile","C:\Users\jimpames\Desktop\FESv8-algebraic\migration_toolkit\skeleton_engine","","SUCCESS"
"2:08:09.9181029 PM","python.exe","38896","CloseFile","C:\Users\jimpames\Desktop\FESv8-algebraic\migration_toolkit","","SUCCESS"
"2:08:09.9211013 PM","python.exe","9404","CloseFile","C:\Users\jimpames\Desktop\FESv8-algebraic\migration_toolkit","","SUCCESS"
"2:08:09.9236717 PM","python.exe","35508","CreateFile","C:\Users\jimpames\Desktop\FESv8-algebraic\migration_toolkit","Desired Access: Read Attributes, Disposition: Open, Options: Open Reparse Point, Attributes: n/a, ShareMode: Read, Write, Delete, AllocationSize: n/a, OpenResult: Opened","SUCCESS"
"2:08:09.9236864 PM","python.exe","35508","QueryBasicInformationFile","C:\Users\jimpames\Desktop\FESv8-algebraic\migration_toolkit","CreationTime: 6/6/2026 6:32:22 AM, LastAccessTime: 6/7/2026 2:08:09 PM, LastWriteTime: 6/6/2026 7:26:22 AM, ChangeTime: 6/6/2026 7:26:22 AM, FileAttributes: D","SUCCESS"
"2:08:09.9236935 PM","python.exe","35508","CloseFile","C:\Users\jimpames\Desktop\FESv8-algebraic\migration_toolkit","","SUCCESS"
"2:08:09.9312422 PM","python.exe","67244","CreateFile","C:\Users\jimpames\Desktop\FESv8-algebraic\migration_toolkit","Desired Access: Execute/Traverse, Synchronize, Disposition: Open, Options: Directory, Synchronous IO Non-Alert, Attributes: n/a, ShareMode: Read, Write, AllocationSize: n/a, OpenResult: Opened","SUCCESS"
"2:08:09.9446734 PM","python.exe","84936","CreateFile","C:\Users\jimpames\Desktop\FESv8-algebraic\migration_toolkit","Desired Access: Execute/Traverse, Synchronize, Disposition: Open, Options: Directory, Synchronous IO Non-Alert, Attributes: n/a, ShareMode: Read, Write, AllocationSize: n/a, OpenResult: Opened","SUCCESS"
"2:08:09.9911147 PM","python.exe","84936","CreateFile","C:\Users\jimpames\Desktop\FESv8-algebraic\migration_toolkit\skeleton_engine","Desired Access: Read Attributes, Synchronize, Disposition: Open, Options: Synchronous IO Non-Alert, Attributes: n/a, ShareMode: None, AllocationSize: n/a, OpenResult: Opened","SUCCESS"
"2:08:09.9911493 PM","python.exe","84936","QueryInformationVolume","C:\Users\jimpames\Desktop\FESv8-algebraic\migration_toolkit\skeleton_engine","VolumeCreationTime: 5/30/2024 3:01:34 PM, VolumeSerialNumber: 66CA-DF9F, SupportsObjects: True, VolumeLabel: Win","BUFFER OVERFLOW"
"2:08:09.9911615 PM","python.exe","84936","QueryAllInformationFile","C:\Users\jimpames\Desktop\FESv8-algebraic\migration_toolkit\skeleton_engine","CreationTime: 6/6/2026 6:32:24 AM, LastAccessTime: 6/7/2026 2:08:09 PM, LastWriteTime: 6/6/2026 7:26:23 AM, ChangeTime: 6/6/2026 7:26:23 AM, FileAttributes: D, AllocationSize: 8,192, EndOfFile: 8,192","BUFFER OVERFLOW"
"2:08:09.9911737 PM","python.exe","84936","CloseFile","C:\Users\jimpames\Desktop\FESv8-algebraic\migration_toolkit\skeleton_engine","","SUCCESS"
"2:08:09.9912572 PM","python.exe","84936","CreateFile","C:\Users\jimpames\Desktop\FESv8-algebraic\migration_toolkit\skeleton_engine","Desired Access: Read Attributes, Synchronize, Disposition: Open, Options: Synchronous IO Non-Alert, Attributes: n/a, ShareMode: None, AllocationSize: n/a, OpenResult: Opened","SUCCESS"
"2:08:09.9912787 PM","python.exe","84936","QueryInformationVolume","C:\Users\jimpames\Desktop\FESv8-algebraic\migration_toolkit\skeleton_engine","VolumeCreationTime: 5/30/2024 3:01:34 PM, VolumeSerialNumber: 66CA-DF9F, SupportsObjects: True, VolumeLabel: Winፎ","BUFFER OVERFLOW"
"2:08:09.9912902 PM","python.exe","84936","QueryAllInformationFile","C:\Users\jimpames\Desktop\FESv8-algebraic\migration_toolkit\skeleton_engine","CreationTime: 6/6/2026 6:32:24 AM, LastAccessTime: 6/7/2026 2:08:09 PM, LastWriteTime: 6/6/2026 7:26:23 AM, ChangeTime: 6/6/2026 7:26:23 AM, FileAttributes: D, AllocationSize: 8,192, EndOfFile: 8,192","BUFFER OVERFLOW"
"2:08:09.9913035 PM","python.exe","84936","CloseFile","C:\Users\jimpames\Desktop\FESv8-algebraic\migration_toolkit\skeleton_engine","","SUCCESS"
"2:08:09.9914266 PM","python.exe","84936","CreateFile","C:\Users\jimpames\Desktop\FESv8-algebraic\migration_toolkit\skeleton_engine","Desired Access: Read Attributes, Synchronize, Disposition: Open, Options: Synchronous IO Non-Alert, Attributes: n/a, ShareMode: None, AllocationSize: n/a, OpenResult: Opened","SUCCESS"
"2:08:09.9914429 PM","python.exe","84936","QueryInformationVolume","C:\Users\jimpames\Desktop\FESv8-algebraic\migration_toolkit\skeleton_engine","VolumeCreationTime: 5/30/2024 3:01:34 PM, VolumeSerialNumber: 66CA-DF9F, SupportsObjects: True, VolumeLabel: Winፎ","BUFFER OVERFLOW"
"2:08:09.9914505 PM","python.exe","84936","QueryAllInformationFile","C:\Users\jimpames\Desktop\FESv8-algebraic\migration_toolkit\skeleton_engine","CreationTime: 6/6/2026 6:32:24 AM, LastAccessTime: 6/7/2026 2:08:09 PM, LastWriteTime: 6/6/2026 7:26:23 AM, ChangeTime: 6/6/2026 7:26:23 AM, FileAttributes: D, AllocationSize: 8,192, EndOfFile: 8,192","BUFFER OVERFLOW"
"2:08:09.9914594 PM","python.exe","84936","CloseFile","C:\Users\jimpames\Desktop\FESv8-algebraic\migration_toolkit\skeleton_engine","","SUCCESS"
"2:08:09.9915161 PM","python.exe","84936","CreateFile","C:\Users\jimpames\Desktop\FESv8-algebraic\migration_toolkit\skeleton_engine","Desired Access: Read Data/List Directory, Synchronize, Disposition: Open, Options: Directory, Synchronous IO Non-Alert, Attributes: n/a, ShareMode: Read, Write, Delete, AllocationSize: n/a, OpenResult: Opened","SUCCESS"
"2:08:09.9915576 PM","python.exe","84936","QueryDirectory","C:\Users\jimpames\Desktop\FESv8-algebraic\migration_toolkit\skeleton_engine","FileInformationClass: FileBothDirectoryInformation, 1: .., 2: build_pipeline.py, 3: customer_fidelity_validator.py, 4: immutables_classifier.py, 5: immutables_validator.py, 6: jpa_scrubber.py","SUCCESS"
"2:08:09.9915841 PM","python.exe","84936","QueryDirectory","C:\Users\jimpames\Desktop\FESv8-algebraic\migration_toolkit\skeleton_engine","FileInformationClass: FileBothDirectoryInformation","NO MORE FILES"
"2:08:09.9915934 PM","python.exe","84936","CloseFile","C:\Users\jimpames\Desktop\FESv8-algebraic\migration_toolkit\skeleton_engine","","SUCCESS"
"2:08:09.9927003 PM","python.exe","84936","CreateFile","C:\Users\jimpames\Desktop\FESv8-algebraic\migration_toolkit\skeleton_engine","Desired Access: Read Attributes, Synchronize, Disposition: Open, Options: Synchronous IO Non-Alert, Attributes: n/a, ShareMode: None, AllocationSize: n/a, OpenResult: Opened","SUCCESS"
"2:08:09.9927239 PM","python.exe","84936","QueryInformationVolume","C:\Users\jimpames\Desktop\FESv8-algebraic\migration_toolkit\skeleton_engine","VolumeCreationTime: 5/30/2024 3:01:34 PM, VolumeSerialNumber: 66CA-DF9F, SupportsObjects: True, VolumeLabel: Winፎ","BUFFER OVERFLOW"
"2:08:09.9927315 PM","python.exe","84936","QueryAllInformationFile","C:\Users\jimpames\Desktop\FESv8-algebraic\migration_toolkit\skeleton_engine","CreationTime: 6/6/2026 6:32:24 AM, LastAccessTime: 6/7/2026 2:08:09 PM, LastWriteTime: 6/6/2026 7:26:23 AM, ChangeTime: 6/6/2026 7:26:23 AM, FileAttributes: D, AllocationSize: 8,192, EndOfFile: 8,192","BUFFER OVERFLOW"
"2:08:09.9927409 PM","python.exe","84936","CloseFile","C:\Users\jimpames\Desktop\FESv8-algebraic\migration_toolkit\skeleton_engine","","SUCCESS"
"2:08:09.9941007 PM","python.exe","84936","CreateFile","C:\Users\jimpames\Desktop\FESv8-algebraic\migration_toolkit\skeleton_engine","Desired Access: Read Attributes, Synchronize, Disposition: Open, Options: Synchronous IO Non-Alert, Attributes: n/a, ShareMode: None, AllocationSize: n/a, OpenResult: Opened","SUCCESS"
"2:08:09.9941359 PM","python.exe","84936","QueryInformationVolume","C:\Users\jimpames\Desktop\FESv8-algebraic\migration_toolkit\skeleton_engine","VolumeCreationTime: 5/30/2024 3:01:34 PM, VolumeSerialNumber: 66CA-DF9F, SupportsObjects: True, VolumeLabel: Winፎ","BUFFER OVERFLOW"
"2:08:09.9941525 PM","python.exe","84936","QueryAllInformationFile","C:\Users\jimpames\Desktop\FESv8-algebraic\migration_toolkit\skeleton_engine","CreationTime: 6/6/2026 6:32:24 AM, LastAccessTime: 6/7/2026 2:08:09 PM, LastWriteTime: 6/6/2026 7:26:23 AM, ChangeTime: 6/6/2026 7:26:23 AM, FileAttributes: D, AllocationSize: 8,192, EndOfFile: 8,192","BUFFER OVERFLOW"
"2:08:09.9941701 PM","python.exe","84936","CloseFile","C:\Users\jimpames\Desktop\FESv8-algebraic\migration_toolkit\skeleton_engine","","SUCCESS"
"2:08:09.9955056 PM","python.exe","84936","CreateFile","C:\Users\jimpames\Desktop\FESv8-algebraic\migration_toolkit\skeleton_engine","Desired Access: Read Attributes, Synchronize, Disposition: Open, Options: Synchronous IO Non-Alert, Attributes: n/a, ShareMode: None, AllocationSize: n/a, OpenResult: Opened","SUCCESS"
"2:08:09.9955403 PM","python.exe","84936","QueryInformationVolume","C:\Users\jimpames\Desktop\FESv8-algebraic\migration_toolkit\skeleton_engine","VolumeCreationTime: 5/30/2024 3:01:34 PM, VolumeSerialNumber: 66CA-DF9F, SupportsObjects: True, VolumeLabel: Winხ","BUFFER OVERFLOW"
"2:08:09.9955570 PM","python.exe","84936","QueryAllInformationFile","C:\Users\jimpames\Desktop\FESv8-algebraic\migration_toolkit\skeleton_engine","CreationTime: 6/6/2026 6:32:24 AM, LastAccessTime: 6/7/2026 2:08:09 PM, LastWriteTime: 6/6/2026 7:26:23 AM, ChangeTime: 6/6/2026 7:26:23 AM, FileAttributes: D, AllocationSize: 8,192, EndOfFile: 8,192","BUFFER OVERFLOW"
"2:08:09.9955749 PM","python.exe","84936","CloseFile","C:\Users\jimpames\Desktop\FESv8-algebraic\migration_toolkit\skeleton_engine","","SUCCESS"
"2:08:09.9968915 PM","python.exe","84936","CreateFile","C:\Users\jimpames\Desktop\FESv8-algebraic\migration_toolkit\skeleton_engine","Desired Access: Read Attributes, Synchronize, Disposition: Open, Options: Synchronous IO Non-Alert, Attributes: n/a, ShareMode: None, AllocationSize: n/a, OpenResult: Opened","SUCCESS"
"2:08:09.9969178 PM","python.exe","84936","QueryInformationVolume","C:\Users\jimpames\Desktop\FESv8-algebraic\migration_toolkit\skeleton_engine","VolumeCreationTime: 5/30/2024 3:01:34 PM, VolumeSerialNumber: 66CA-DF9F, SupportsObjects: True, VolumeLabel: Winፎ","BUFFER OVERFLOW"
"2:08:09.9969310 PM","python.exe","84936","QueryAllInformationFile","C:\Users\jimpames\Desktop\FESv8-algebraic\migration_toolkit\skeleton_engine","CreationTime: 6/6/2026 6:32:24 AM, LastAccessTime: 6/7/2026 2:08:09 PM, LastWriteTime: 6/6/2026 7:26:23 AM, ChangeTime: 6/6/2026 7:26:23 AM, FileAttributes: D, AllocationSize: 8,192, EndOfFile: 8,192","BUFFER OVERFLOW"
"2:08:09.9969452 PM","python.exe","84936","CloseFile","C:\Users\jimpames\Desktop\FESv8-algebraic\migration_toolkit\skeleton_engine","","SUCCESS"
"2:08:09.9987248 PM","python.exe","84936","CreateFile","C:\Users\jimpames\Desktop\FESv8-algebraic\migration_toolkit\skeleton_engine","Desired Access: Read Attributes, Synchronize, Disposition: Open, Options: Synchronous IO Non-Alert, Attributes: n/a, ShareMode: None, AllocationSize: n/a, OpenResult: Opened","SUCCESS"
"2:08:09.9987494 PM","python.exe","84936","QueryInformationVolume","C:\Users\jimpames\Desktop\FESv8-algebraic\migration_toolkit\skeleton_engine","VolumeCreationTime: 5/30/2024 3:01:34 PM, VolumeSerialNumber: 66CA-DF9F, SupportsObjects: True, VolumeLabel: Winხ","BUFFER OVERFLOW"
"2:08:09.9987605 PM","python.exe","84936","QueryAllInformationFile","C:\Users\jimpames\Desktop\FESv8-algebraic\migration_toolkit\skeleton_engine","CreationTime: 6/6/2026 6:32:24 AM, LastAccessTime: 6/7/2026 2:08:09 PM, LastWriteTime: 6/6/2026 7:26:23 AM, ChangeTime: 6/6/2026 7:26:23 AM, FileAttributes: D, AllocationSize: 8,192, EndOfFile: 8,192","BUFFER OVERFLOW"
"2:08:09.9987728 PM","python.exe","84936","CloseFile","C:\Users\jimpames\Desktop\FESv8-algebraic\migration_toolkit\skeleton_engine","","SUCCESS"
"2:08:10.0001074 PM","python.exe","84936","CreateFile","C:\Users\jimpames\Desktop\FESv8-algebraic\migration_toolkit\skeleton_engine","Desired Access: Read Attributes, Synchronize, Disposition: Open, Options: Synchronous IO Non-Alert, Attributes: n/a, ShareMode: None, AllocationSize: n/a, OpenResult: Opened","SUCCESS"
"2:08:10.0001301 PM","python.exe","84936","QueryInformationVolume","C:\Users\jimpames\Desktop\FESv8-algebraic\migration_toolkit\skeleton_engine","VolumeCreationTime: 5/30/2024 3:01:34 PM, VolumeSerialNumber: 66CA-DF9F, SupportsObjects: True, VolumeLabel: Winፎ","BUFFER OVERFLOW"
"2:08:10.0001416 PM","python.exe","84936","QueryAllInformationFile","C:\Users\jimpames\Desktop\FESv8-algebraic\migration_toolkit\skeleton_engine","CreationTime: 6/6/2026 6:32:24 AM, LastAccessTime: 6/7/2026 2:08:09 PM, LastWriteTime: 6/6/2026 7:26:23 AM, ChangeTime: 6/6/2026 7:26:23 AM, FileAttributes: D, AllocationSize: 8,192, EndOfFile: 8,192","BUFFER OVERFLOW"
"2:08:10.0001548 PM","python.exe","84936","CloseFile","C:\Users\jimpames\Desktop\FESv8-algebraic\migration_toolkit\skeleton_engine","","SUCCESS"
"2:08:10.0020817 PM","python.exe","84936","CreateFile","C:\Users\jimpames\Desktop\FESv8-algebraic\migration_toolkit\skeleton_engine","Desired Access: Read Attributes, Synchronize, Disposition: Open, Options: Synchronous IO Non-Alert, Attributes: n/a, ShareMode: None, AllocationSize: n/a, OpenResult: Opened","SUCCESS"
"2:08:10.0021171 PM","python.exe","84936","QueryInformationVolume","C:\Users\jimpames\Desktop\FESv8-algebraic\migration_toolkit\skeleton_engine","VolumeCreationTime: 5/30/2024 3:01:34 PM, VolumeSerialNumber: 66CA-DF9F, SupportsObjects: True, VolumeLabel: Winፎ","BUFFER OVERFLOW"
"2:08:10.0021388 PM","python.exe","84936","QueryAllInformationFile","C:\Users\jimpames\Desktop\FESv8-algebraic\migration_toolkit\skeleton_engine","CreationTime: 6/6/2026 6:32:24 AM, LastAccessTime: 6/7/2026 2:08:09 PM, LastWriteTime: 6/6/2026 7:26:23 AM, ChangeTime: 6/6/2026 7:26:23 AM, FileAttributes: D, AllocationSize: 8,192, EndOfFile: 8,192","BUFFER OVERFLOW"
"2:08:10.0021618 PM","python.exe","84936","CloseFile","C:\Users\jimpames\Desktop\FESv8-algebraic\migration_toolkit\skeleton_engine","","SUCCESS"
"2:08:10.0039742 PM","python.exe","84936","CreateFile","C:\Users\jimpames\Desktop\FESv8-algebraic\migration_toolkit\skeleton_engine","Desired Access: Read Attributes, Synchronize, Disposition: Open, Options: Synchronous IO Non-Alert, Attributes: n/a, ShareMode: None, AllocationSize: n/a, OpenResult: Opened","SUCCESS"
"2:08:10.0040007 PM","python.exe","84936","QueryInformationVolume","C:\Users\jimpames\Desktop\FESv8-algebraic\migration_toolkit\skeleton_engine","VolumeCreationTime: 5/30/2024 3:01:34 PM, VolumeSerialNumber: 66CA-DF9F, SupportsObjects: True, VolumeLabel: Winፎ","BUFFER OVERFLOW"
"2:08:10.0040134 PM","python.exe","84936","QueryAllInformationFile","C:\Users\jimpames\Desktop\FESv8-algebraic\migration_toolkit\skeleton_engine","CreationTime: 6/6/2026 6:32:24 AM, LastAccessTime: 6/7/2026 2:08:09 PM, LastWriteTime: 6/6/2026 7:26:23 AM, ChangeTime: 6/6/2026 7:26:23 AM, FileAttributes: D, AllocationSize: 8,192, EndOfFile: 8,192","BUFFER OVERFLOW"
"2:08:10.0040264 PM","python.exe","84936","CloseFile","C:\Users\jimpames\Desktop\FESv8-algebraic\migration_toolkit\skeleton_engine","","SUCCESS"
"2:08:10.0053506 PM","python.exe","84936","CreateFile","C:\Users\jimpames\Desktop\FESv8-algebraic\migration_toolkit\skeleton_engine","Desired Access: Read Attributes, Synchronize, Disposition: Open, Options: Synchronous IO Non-Alert, Attributes: n/a, ShareMode: None, AllocationSize: n/a, OpenResult: Opened","SUCCESS"
"2:08:10.0053806 PM","python.exe","84936","QueryInformationVolume","C:\Users\jimpames\Desktop\FESv8-algebraic\migration_toolkit\skeleton_engine","VolumeCreationTime: 5/30/2024 3:01:34 PM, VolumeSerialNumber: 66CA-DF9F, SupportsObjects: True, VolumeLabel: Winፎ","BUFFER OVERFLOW"
"2:08:10.0053936 PM","python.exe","84936","QueryAllInformationFile","C:\Users\jimpames\Desktop\FESv8-algebraic\migration_toolkit\skeleton_engine","CreationTime: 6/6/2026 6:32:24 AM, LastAccessTime: 6/7/2026 2:08:09 PM, LastWriteTime: 6/6/2026 7:26:23 AM, ChangeTime: 6/6/2026 7:26:23 AM, FileAttributes: D, AllocationSize: 8,192, EndOfFile: 8,192","BUFFER OVERFLOW"
"2:08:10.0054072 PM","python.exe","84936","CloseFile","C:\Users\jimpames\Desktop\FESv8-algebraic\migration_toolkit\skeleton_engine","","SUCCESS"
"2:08:10.0072688 PM","python.exe","84936","CreateFile","C:\Users\jimpames\Desktop\FESv8-algebraic\migration_toolkit\skeleton_engine","Desired Access: Read Attributes, Synchronize, Disposition: Open, Options: Synchronous IO Non-Alert, Attributes: n/a, ShareMode: None, AllocationSize: n/a, OpenResult: Opened","SUCCESS"
"2:08:10.0073016 PM","python.exe","84936","QueryInformationVolume","C:\Users\jimpames\Desktop\FESv8-algebraic\migration_toolkit\skeleton_engine","VolumeCreationTime: 5/30/2024 3:01:34 PM, VolumeSerialNumber: 66CA-DF9F, SupportsObjects: True, VolumeLabel: Winხ","BUFFER OVERFLOW"
"2:08:10.0073204 PM","python.exe","84936","QueryAllInformationFile","C:\Users\jimpames\Desktop\FESv8-algebraic\migration_toolkit\skeleton_engine","CreationTime: 6/6/2026 6:32:24 AM, LastAccessTime: 6/7/2026 2:08:09 PM, LastWriteTime: 6/6/2026 7:26:23 AM, ChangeTime: 6/6/2026 7:26:23 AM, FileAttributes: D, AllocationSize: 8,192, EndOfFile: 8,192","BUFFER OVERFLOW"
"2:08:10.0073379 PM","python.exe","84936","CloseFile","C:\Users\jimpames\Desktop\FESv8-algebraic\migration_toolkit\skeleton_engine","","SUCCESS"
"2:08:10.0086879 PM","python.exe","84936","CreateFile","C:\Users\jimpames\Desktop\FESv8-algebraic\migration_toolkit\skeleton_engine","Desired Access: Read Attributes, Synchronize, Disposition: Open, Options: Synchronous IO Non-Alert, Attributes: n/a, ShareMode: None, AllocationSize: n/a, OpenResult: Opened","SUCCESS"
"2:08:10.0087213 PM","python.exe","84936","QueryInformationVolume","C:\Users\jimpames\Desktop\FESv8-algebraic\migration_toolkit\skeleton_engine","VolumeCreationTime: 5/30/2024 3:01:34 PM, VolumeSerialNumber: 66CA-DF9F, SupportsObjects: True, VolumeLabel: Winხ","BUFFER OVERFLOW"
"2:08:10.0087415 PM","python.exe","84936","QueryAllInformationFile","C:\Users\jimpames\Desktop\FESv8-algebraic\migration_toolkit\skeleton_engine","CreationTime: 6/6/2026 6:32:24 AM, LastAccessTime: 6/7/2026 2:08:09 PM, LastWriteTime: 6/6/2026 7:26:23 AM, ChangeTime: 6/6/2026 7:26:23 AM, FileAttributes: D, AllocationSize: 8,192, EndOfFile: 8,192","BUFFER OVERFLOW"
"2:08:10.0087621 PM","python.exe","84936","CloseFile","C:\Users\jimpames\Desktop\FESv8-algebraic\migration_toolkit\skeleton_engine","","SUCCESS"
"2:08:10.0106587 PM","python.exe","84936","CreateFile","C:\Users\jimpames\Desktop\FESv8-algebraic\migration_toolkit\skeleton_engine","Desired Access: Read Attributes, Synchronize, Disposition: Open, Options: Synchronous IO Non-Alert, Attributes: n/a, ShareMode: None, AllocationSize: n/a, OpenResult: Opened","SUCCESS"
"2:08:10.0106954 PM","python.exe","84936","QueryInformationVolume","C:\Users\jimpames\Desktop\FESv8-algebraic\migration_toolkit\skeleton_engine","VolumeCreationTime: 5/30/2024 3:01:34 PM, VolumeSerialNumber: 66CA-DF9F, SupportsObjects: True, VolumeLabel: Winხ","BUFFER OVERFLOW"
"2:08:10.0108019 PM","python.exe","84936","QueryAllInformationFile","C:\Users\jimpames\Desktop\FESv8-algebraic\migration_toolkit\skeleton_engine","CreationTime: 6/6/2026 6:32:24 AM, LastAccessTime: 6/7/2026 2:08:09 PM, LastWriteTime: 6/6/2026 7:26:23 AM, ChangeTime: 6/6/2026 7:26:23 AM, FileAttributes: D, AllocationSize: 8,192, EndOfFile: 8,192","BUFFER OVERFLOW"
"2:08:10.0108432 PM","python.exe","84936","CloseFile","C:\Users\jimpames\Desktop\FESv8-algebraic\migration_toolkit\skeleton_engine","","SUCCESS"
"2:08:10.0135736 PM","python.exe","84936","CreateFile","C:\Users\jimpames\Desktop\FESv8-algebraic\migration_toolkit\skeleton_engine","Desired Access: Read Attributes, Synchronize, Disposition: Open, Options: Synchronous IO Non-Alert, Attributes: n/a, ShareMode: None, AllocationSize: n/a, OpenResult: Opened","SUCCESS"
"2:08:10.0136009 PM","python.exe","84936","QueryInformationVolume","C:\Users\jimpames\Desktop\FESv8-algebraic\migration_toolkit\skeleton_engine","VolumeCreationTime: 5/30/2024 3:01:34 PM, VolumeSerialNumber: 66CA-DF9F, SupportsObjects: True, VolumeLabel: Winፎ","BUFFER OVERFLOW"
"2:08:10.0136126 PM","python.exe","84936","QueryAllInformationFile","C:\Users\jimpames\Desktop\FESv8-algebraic\migration_toolkit\skeleton_engine","CreationTime: 6/6/2026 6:32:24 AM, LastAccessTime: 6/7/2026 2:08:09 PM, LastWriteTime: 6/6/2026 7:26:23 AM, ChangeTime: 6/6/2026 7:26:23 AM, FileAttributes: D, AllocationSize: 8,192, EndOfFile: 8,192","BUFFER OVERFLOW"
"2:08:10.0136246 PM","python.exe","84936","CloseFile","C:\Users\jimpames\Desktop\FESv8-algebraic\migration_toolkit\skeleton_engine","","SUCCESS"
"2:08:10.0147379 PM","python.exe","84936","CreateFile","C:\Users\jimpames\Desktop\FESv8-algebraic\migration_toolkit\skeleton_engine","Desired Access: Read Attributes, Synchronize, Disposition: Open, Options: Synchronous IO Non-Alert, Attributes: n/a, ShareMode: None, AllocationSize: n/a, OpenResult: Opened","SUCCESS"
"2:08:10.0147578 PM","python.exe","84936","QueryInformationVolume","C:\Users\jimpames\Desktop\FESv8-algebraic\migration_toolkit\skeleton_engine","VolumeCreationTime: 5/30/2024 3:01:34 PM, VolumeSerialNumber: 66CA-DF9F, SupportsObjects: True, VolumeLabel: Winፎ","BUFFER OVERFLOW"
"2:08:10.0147664 PM","python.exe","84936","QueryAllInformationFile","C:\Users\jimpames\Desktop\FESv8-algebraic\migration_toolkit\skeleton_engine","CreationTime: 6/6/2026 6:32:24 AM, LastAccessTime: 6/7/2026 2:08:09 PM, LastWriteTime: 6/6/2026 7:26:23 AM, ChangeTime: 6/6/2026 7:26:23 AM, FileAttributes: D, AllocationSize: 8,192, EndOfFile: 8,192","BUFFER OVERFLOW"
"2:08:10.0147762 PM","python.exe","84936","CloseFile","C:\Users\jimpames\Desktop\FESv8-algebraic\migration_toolkit\skeleton_engine","","SUCCESS"
"2:08:10.0164861 PM","python.exe","84936","CreateFile","C:\Users\jimpames\Desktop\FESv8-algebraic\migration_toolkit\skeleton_engine","Desired Access: Read Attributes, Synchronize, Disposition: Open, Options: Synchronous IO Non-Alert, Attributes: n/a, ShareMode: None, AllocationSize: n/a, OpenResult: Opened","SUCCESS"
"2:08:10.0165090 PM","python.exe","84936","QueryInformationVolume","C:\Users\jimpames\Desktop\FESv8-algebraic\migration_toolkit\skeleton_engine","VolumeCreationTime: 5/30/2024 3:01:34 PM, VolumeSerialNumber: 66CA-DF9F, SupportsObjects: True, VolumeLabel: Winፎ","BUFFER OVERFLOW"
"2:08:10.0165189 PM","python.exe","84936","QueryAllInformationFile","C:\Users\jimpames\Desktop\FESv8-algebraic\migration_toolkit\skeleton_engine","CreationTime: 6/6/2026 6:32:24 AM, LastAccessTime: 6/7/2026 2:08:09 PM, LastWriteTime: 6/6/2026 7:26:23 AM, ChangeTime: 6/6/2026 7:26:23 AM, FileAttributes: D, AllocationSize: 8,192, EndOfFile: 8,192","BUFFER OVERFLOW"
"2:08:10.0165285 PM","python.exe","84936","CloseFile","C:\Users\jimpames\Desktop\FESv8-algebraic\migration_toolkit\skeleton_engine","","SUCCESS"
"2:08:10.0210361 PM","python.exe","84936","CreateFile","C:\Users\jimpames\Desktop\FESv8-algebraic\migration_toolkit\skeleton_engine","Desired Access: Read Attributes, Synchronize, Disposition: Open, Options: Synchronous IO Non-Alert, Attributes: n/a, ShareMode: None, AllocationSize: n/a, OpenResult: Opened","SUCCESS"
"2:08:10.0210599 PM","python.exe","84936","QueryInformationVolume","C:\Users\jimpames\Desktop\FESv8-algebraic\migration_toolkit\skeleton_engine","VolumeCreationTime: 5/30/2024 3:01:34 PM, VolumeSerialNumber: 66CA-DF9F, SupportsObjects: True, VolumeLabel: Winፎ","BUFFER OVERFLOW"
"2:08:10.0210691 PM","python.exe","84936","QueryAllInformationFile","C:\Users\jimpames\Desktop\FESv8-algebraic\migration_toolkit\skeleton_engine","CreationTime: 6/6/2026 6:32:24 AM, LastAccessTime: 6/7/2026 2:08:09 PM, LastWriteTime: 6/6/2026 7:26:23 AM, ChangeTime: 6/6/2026 7:26:23 AM, FileAttributes: D, AllocationSize: 8,192, EndOfFile: 8,192","BUFFER OVERFLOW"
"2:08:10.0210788 PM","python.exe","84936","CloseFile","C:\Users\jimpames\Desktop\FESv8-algebraic\migration_toolkit\skeleton_engine","","SUCCESS"
"2:08:10.0225308 PM","python.exe","84936","CreateFile","C:\Users\jimpames\Desktop\FESv8-algebraic\migration_toolkit\skeleton_engine","Desired Access: Read Attributes, Synchronize, Disposition: Open, Options: Synchronous IO Non-Alert, Attributes: n/a, ShareMode: None, AllocationSize: n/a, OpenResult: Opened","SUCCESS"
"2:08:10.0225509 PM","python.exe","84936","QueryInformationVolume","C:\Users\jimpames\Desktop\FESv8-algebraic\migration_toolkit\skeleton_engine","VolumeCreationTime: 5/30/2024 3:01:34 PM, VolumeSerialNumber: 66CA-DF9F, SupportsObjects: True, VolumeLabel: Winხ","BUFFER OVERFLOW"
"2:08:10.0225599 PM","python.exe","84936","QueryAllInformationFile","C:\Users\jimpames\Desktop\FESv8-algebraic\migration_toolkit\skeleton_engine","CreationTime: 6/6/2026 6:32:24 AM, LastAccessTime: 6/7/2026 2:08:09 PM, LastWriteTime: 6/6/2026 7:26:23 AM, ChangeTime: 6/6/2026 7:26:23 AM, FileAttributes: D, AllocationSize: 8,192, EndOfFile: 8,192","BUFFER OVERFLOW"
"2:08:10.0225697 PM","python.exe","84936","CloseFile","C:\Users\jimpames\Desktop\FESv8-algebraic\migration_toolkit\skeleton_engine","","SUCCESS"
"2:08:10.0237602 PM","python.exe","84936","CreateFile","C:\Users\jimpames\Desktop\FESv8-algebraic\migration_toolkit\skeleton_engine","Desired Access: Read Attributes, Synchronize, Disposition: Open, Options: Synchronous IO Non-Alert, Attributes: n/a, ShareMode: None, AllocationSize: n/a, OpenResult: Opened","SUCCESS"
"2:08:10.0237822 PM","python.exe","84936","QueryInformationVolume","C:\Users\jimpames\Desktop\FESv8-algebraic\migration_toolkit\skeleton_engine","VolumeCreationTime: 5/30/2024 3:01:34 PM, VolumeSerialNumber: 66CA-DF9F, SupportsObjects: True, VolumeLabel: Winፎ","BUFFER OVERFLOW"
"2:08:10.0237927 PM","python.exe","84936","QueryAllInformationFile","C:\Users\jimpames\Desktop\FESv8-algebraic\migration_toolkit\skeleton_engine","CreationTime: 6/6/2026 6:32:24 AM, LastAccessTime: 6/7/2026 2:08:09 PM, LastWriteTime: 6/6/2026 7:26:23 AM, ChangeTime: 6/6/2026 7:26:23 AM, FileAttributes: D, AllocationSize: 8,192, EndOfFile: 8,192","BUFFER OVERFLOW"
"2:08:10.0238043 PM","python.exe","84936","CloseFile","C:\Users\jimpames\Desktop\FESv8-algebraic\migration_toolkit\skeleton_engine","","SUCCESS"
"2:08:10.0249768 PM","python.exe","84936","CreateFile","C:\Users\jimpames\Desktop\FESv8-algebraic\migration_toolkit\skeleton_engine","Desired Access: Read Attributes, Synchronize, Disposition: Open, Options: Synchronous IO Non-Alert, Attributes: n/a, ShareMode: None, AllocationSize: n/a, OpenResult: Opened","SUCCESS"
"2:08:10.0249973 PM","python.exe","84936","QueryInformationVolume","C:\Users\jimpames\Desktop\FESv8-algebraic\migration_toolkit\skeleton_engine","VolumeCreationTime: 5/30/2024 3:01:34 PM, VolumeSerialNumber: 66CA-DF9F, SupportsObjects: True, VolumeLabel: Winፎ","BUFFER OVERFLOW"
"2:08:10.0250065 PM","python.exe","84936","QueryAllInformationFile","C:\Users\jimpames\Desktop\FESv8-algebraic\migration_toolkit\skeleton_engine","CreationTime: 6/6/2026 6:32:24 AM, LastAccessTime: 6/7/2026 2:08:09 PM, LastWriteTime: 6/6/2026 7:26:23 AM, ChangeTime: 6/6/2026 7:26:23 AM, FileAttributes: D, AllocationSize: 8,192, EndOfFile: 8,192","BUFFER OVERFLOW"
"2:08:10.0250196 PM","python.exe","84936","CloseFile","C:\Users\jimpames\Desktop\FESv8-algebraic\migration_toolkit\skeleton_engine","","SUCCESS"
"2:08:10.0264231 PM","python.exe","84936","CreateFile","C:\Users\jimpames\Desktop\FESv8-algebraic\migration_toolkit\skeleton_engine","Desired Access: Read Attributes, Synchronize, Disposition: Open, Options: Synchronous IO Non-Alert, Attributes: n/a, ShareMode: None, AllocationSize: n/a, OpenResult: Opened","SUCCESS"
"2:08:10.0264494 PM","python.exe","84936","QueryInformationVolume","C:\Users\jimpames\Desktop\FESv8-algebraic\migration_toolkit\skeleton_engine","VolumeCreationTime: 5/30/2024 3:01:34 PM, VolumeSerialNumber: 66CA-DF9F, SupportsObjects: True, VolumeLabel: Winხ","BUFFER OVERFLOW"
"2:08:10.0264613 PM","python.exe","84936","QueryAllInformationFile","C:\Users\jimpames\Desktop\FESv8-algebraic\migration_toolkit\skeleton_engine","CreationTime: 6/6/2026 6:32:24 AM, LastAccessTime: 6/7/2026 2:08:09 PM, LastWriteTime: 6/6/2026 7:26:23 AM, ChangeTime: 6/6/2026 7:26:23 AM, FileAttributes: D, AllocationSize: 8,192, EndOfFile: 8,192","BUFFER OVERFLOW"
"2:08:10.0264731 PM","python.exe","84936","CloseFile","C:\Users\jimpames\Desktop\FESv8-algebraic\migration_toolkit\skeleton_engine","","SUCCESS"
"2:08:10.0301878 PM","python.exe","84936","CreateFile","C:\Users\jimpames\Desktop\FESv8-algebraic\migration_toolkit\skeleton_engine","Desired Access: Read Attributes, Synchronize, Disposition: Open, Options: Synchronous IO Non-Alert, Attributes: n/a, ShareMode: None, AllocationSize: n/a, OpenResult: Opened","SUCCESS"
"2:08:10.0302130 PM","python.exe","84936","QueryInformationVolume","C:\Users\jimpames\Desktop\FESv8-algebraic\migration_toolkit\skeleton_engine","VolumeCreationTime: 5/30/2024 3:01:34 PM, VolumeSerialNumber: 66CA-DF9F, SupportsObjects: True, VolumeLabel: Win","BUFFER OVERFLOW"
"2:08:10.0302248 PM","python.exe","84936","QueryAllInformationFile","C:\Users\jimpames\Desktop\FESv8-algebraic\migration_toolkit\skeleton_engine","CreationTime: 6/6/2026 6:32:24 AM, LastAccessTime: 6/7/2026 2:08:09 PM, LastWriteTime: 6/6/2026 7:26:23 AM, ChangeTime: 6/6/2026 7:26:23 AM, FileAttributes: D, AllocationSize: 8,192, EndOfFile: 8,192","BUFFER OVERFLOW"
"2:08:10.0302366 PM","python.exe","84936","CloseFile","C:\Users\jimpames\Desktop\FESv8-algebraic\migration_toolkit\skeleton_engine","","SUCCESS"
"2:08:10.0360602 PM","python.exe","84936","CreateFile","C:\Users\jimpames\Desktop\FESv8-algebraic\migration_toolkit\skeleton_engine","Desired Access: Read Attributes, Synchronize, Disposition: Open, Options: Synchronous IO Non-Alert, Attributes: n/a, ShareMode: None, AllocationSize: n/a, OpenResult: Opened","SUCCESS"
"2:08:10.0360812 PM","python.exe","84936","QueryInformationVolume","C:\Users\jimpames\Desktop\FESv8-algebraic\migration_toolkit\skeleton_engine","VolumeCreationTime: 5/30/2024 3:01:34 PM, VolumeSerialNumber: 66CA-DF9F, SupportsObjects: True, VolumeLabel: Winፎ","BUFFER OVERFLOW"
"2:08:10.0360901 PM","python.exe","84936","QueryAllInformationFile","C:\Users\jimpames\Desktop\FESv8-algebraic\migration_toolkit\skeleton_engine","CreationTime: 6/6/2026 6:32:24 AM, LastAccessTime: 6/7/2026 2:08:09 PM, LastWriteTime: 6/6/2026 7:26:23 AM, ChangeTime: 6/6/2026 7:26:23 AM, FileAttributes: D, AllocationSize: 8,192, EndOfFile: 8,192","BUFFER OVERFLOW"
"2:08:10.0361002 PM","python.exe","84936","CloseFile","C:\Users\jimpames\Desktop\FESv8-algebraic\migration_toolkit\skeleton_engine","","SUCCESS"
"2:08:10.0389467 PM","python.exe","84936","CreateFile","C:\Users\jimpames\Desktop\FESv8-algebraic\migration_toolkit\skeleton_engine","Desired Access: Read Attributes, Synchronize, Disposition: Open, Options: Synchronous IO Non-Alert, Attributes: n/a, ShareMode: None, AllocationSize: n/a, OpenResult: Opened","SUCCESS"
"2:08:10.0389771 PM","python.exe","84936","QueryInformationVolume","C:\Users\jimpames\Desktop\FESv8-algebraic\migration_toolkit\skeleton_engine","VolumeCreationTime: 5/30/2024 3:01:34 PM, VolumeSerialNumber: 66CA-DF9F, SupportsObjects: True, VolumeLabel: Winፎ","BUFFER OVERFLOW"
"2:08:10.0389908 PM","python.exe","84936","QueryAllInformationFile","C:\Users\jimpames\Desktop\FESv8-algebraic\migration_toolkit\skeleton_engine","CreationTime: 6/6/2026 6:32:24 AM, LastAccessTime: 6/7/2026 2:08:09 PM, LastWriteTime: 6/6/2026 7:26:23 AM, ChangeTime: 6/6/2026 7:26:23 AM, FileAttributes: D, AllocationSize: 8,192, EndOfFile: 8,192","BUFFER OVERFLOW"
"2:08:10.0390058 PM","python.exe","84936","CloseFile","C:\Users\jimpames\Desktop\FESv8-algebraic\migration_toolkit\skeleton_engine","","SUCCESS"
"2:08:10.0423485 PM","python.exe","84936","CreateFile","C:\Users\jimpames\Desktop\FESv8-algebraic\migration_toolkit\skeleton_engine","Desired Access: Read Attributes, Synchronize, Disposition: Open, Options: Synchronous IO Non-Alert, Attributes: n/a, ShareMode: None, AllocationSize: n/a, OpenResult: Opened","SUCCESS"
"2:08:10.0424073 PM","python.exe","84936","QueryInformationVolume","C:\Users\jimpames\Desktop\FESv8-algebraic\migration_toolkit\skeleton_engine","VolumeCreationTime: 5/30/2024 3:01:34 PM, VolumeSerialNumber: 66CA-DF9F, SupportsObjects: True, VolumeLabel: Winხ","BUFFER OVERFLOW"
"2:08:10.0424339 PM","python.exe","84936","QueryAllInformationFile","C:\Users\jimpames\Desktop\FESv8-algebraic\migration_toolkit\skeleton_engine","CreationTime: 6/6/2026 6:32:24 AM, LastAccessTime: 6/7/2026 2:08:09 PM, LastWriteTime: 6/6/2026 7:26:23 AM, ChangeTime: 6/6/2026 7:26:23 AM, FileAttributes: D, AllocationSize: 8,192, EndOfFile: 8,192","BUFFER OVERFLOW"
"2:08:10.0424563 PM","python.exe","84936","CloseFile","C:\Users\jimpames\Desktop\FESv8-algebraic\migration_toolkit\skeleton_engine","","SUCCESS"
"2:08:10.0442636 PM","python.exe","84936","CreateFile","C:\Users\jimpames\Desktop\FESv8-algebraic\migration_toolkit\skeleton_engine","Desired Access: Read Attributes, Synchronize, Disposition: Open, Options: Synchronous IO Non-Alert, Attributes: n/a, ShareMode: None, AllocationSize: n/a, OpenResult: Opened","SUCCESS"
"2:08:10.0442952 PM","python.exe","84936","QueryInformationVolume","C:\Users\jimpames\Desktop\FESv8-algebraic\migration_toolkit\skeleton_engine","VolumeCreationTime: 5/30/2024 3:01:34 PM, VolumeSerialNumber: 66CA-DF9F, SupportsObjects: True, VolumeLabel: Winხ","BUFFER OVERFLOW"
"2:08:10.0443496 PM","python.exe","84936","QueryAllInformationFile","C:\Users\jimpames\Desktop\FESv8-algebraic\migration_toolkit\skeleton_engine","CreationTime: 6/6/2026 6:32:24 AM, LastAccessTime: 6/7/2026 2:08:09 PM, LastWriteTime: 6/6/2026 7:26:23 AM, ChangeTime: 6/6/2026 7:26:23 AM, FileAttributes: D, AllocationSize: 8,192, EndOfFile: 8,192","BUFFER OVERFLOW"
"2:08:10.0443685 PM","python.exe","84936","CloseFile","C:\Users\jimpames\Desktop\FESv8-algebraic\migration_toolkit\skeleton_engine","","SUCCESS"
"2:08:10.0461478 PM","python.exe","84936","CreateFile","C:\Users\jimpames\Desktop\FESv8-algebraic\migration_toolkit\skeleton_engine","Desired Access: Read Attributes, Synchronize, Disposition: Open, Options: Synchronous IO Non-Alert, Attributes: n/a, ShareMode: None, AllocationSize: n/a, OpenResult: Opened","SUCCESS"
"2:08:10.0461833 PM","python.exe","84936","QueryInformationVolume","C:\Users\jimpames\Desktop\FESv8-algebraic\migration_toolkit\skeleton_engine","VolumeCreationTime: 5/30/2024 3:01:34 PM, VolumeSerialNumber: 66CA-DF9F, SupportsObjects: True, VolumeLabel: Win","BUFFER OVERFLOW"
"2:08:10.0462052 PM","python.exe","84936","QueryAllInformationFile","C:\Users\jimpames\Desktop\FESv8-algebraic\migration_toolkit\skeleton_engine","CreationTime: 6/6/2026 6:32:24 AM, LastAccessTime: 6/7/2026 2:08:09 PM, LastWriteTime: 6/6/2026 7:26:23 AM, ChangeTime: 6/6/2026 7:26:23 AM, FileAttributes: D, AllocationSize: 8,192, EndOfFile: 8,192","BUFFER OVERFLOW"
"2:08:10.0462277 PM","python.exe","84936","CloseFile","C:\Users\jimpames\Desktop\FESv8-algebraic\migration_toolkit\skeleton_engine","","SUCCESS"
"2:08:10.0479346 PM","python.exe","84936","CreateFile","C:\Users\jimpames\Desktop\FESv8-algebraic\migration_toolkit\skeleton_engine","Desired Access: Read Attributes, Synchronize, Disposition: Open, Options: Synchronous IO Non-Alert, Attributes: n/a, ShareMode: None, AllocationSize: n/a, OpenResult: Opened","SUCCESS"
"2:08:10.0479749 PM","python.exe","84936","QueryInformationVolume","C:\Users\jimpames\Desktop\FESv8-algebraic\migration_toolkit\skeleton_engine","VolumeCreationTime: 5/30/2024 3:01:34 PM, VolumeSerialNumber: 66CA-DF9F, SupportsObjects: True, VolumeLabel: Winხ","BUFFER OVERFLOW"
"2:08:10.0479974 PM","python.exe","84936","QueryAllInformationFile","C:\Users\jimpames\Desktop\FESv8-algebraic\migration_toolkit\skeleton_engine","CreationTime: 6/6/2026 6:32:24 AM, LastAccessTime: 6/7/2026 2:08:09 PM, LastWriteTime: 6/6/2026 7:26:23 AM, ChangeTime: 6/6/2026 7:26:23 AM, FileAttributes: D, AllocationSize: 8,192, EndOfFile: 8,192","BUFFER OVERFLOW"
"2:08:10.0480207 PM","python.exe","84936","CloseFile","C:\Users\jimpames\Desktop\FESv8-algebraic\migration_toolkit\skeleton_engine","","SUCCESS"
"2:08:10.0492699 PM","python.exe","84936","CreateFile","C:\Users\jimpames\Desktop\FESv8-algebraic\migration_toolkit\skeleton_engine","Desired Access: Read Attributes, Synchronize, Disposition: Open, Options: Synchronous IO Non-Alert, Attributes: n/a, ShareMode: None, AllocationSize: n/a, OpenResult: Opened","SUCCESS"
"2:08:10.0493009 PM","python.exe","84936","QueryInformationVolume","C:\Users\jimpames\Desktop\FESv8-algebraic\migration_toolkit\skeleton_engine","VolumeCreationTime: 5/30/2024 3:01:34 PM, VolumeSerialNumber: 66CA-DF9F, SupportsObjects: True, VolumeLabel: Winხ","BUFFER OVERFLOW"
"2:08:10.0493253 PM","python.exe","84936","QueryAllInformationFile","C:\Users\jimpames\Desktop\FESv8-algebraic\migration_toolkit\skeleton_engine","CreationTime: 6/6/2026 6:32:24 AM, LastAccessTime: 6/7/2026 2:08:09 PM, LastWriteTime: 6/6/2026 7:26:23 AM, ChangeTime: 6/6/2026 7:26:23 AM, FileAttributes: D, AllocationSize: 8,192, EndOfFile: 8,192","BUFFER OVERFLOW"
"2:08:10.0493468 PM","python.exe","84936","CloseFile","C:\Users\jimpames\Desktop\FESv8-algebraic\migration_toolkit\skeleton_engine","","SUCCESS"
"2:08:10.0512484 PM","python.exe","84936","CreateFile","C:\Users\jimpames\Desktop\FESv8-algebraic\migration_toolkit\skeleton_engine","Desired Access: Read Attributes, Synchronize, Disposition: Open, Options: Synchronous IO Non-Alert, Attributes: n/a, ShareMode: None, AllocationSize: n/a, OpenResult: Opened","SUCCESS"
"2:08:10.0512718 PM","python.exe","84936","QueryInformationVolume","C:\Users\jimpames\Desktop\FESv8-algebraic\migration_toolkit\skeleton_engine","VolumeCreationTime: 5/30/2024 3:01:34 PM, VolumeSerialNumber: 66CA-DF9F, SupportsObjects: True, VolumeLabel: Winፎ","BUFFER OVERFLOW"
"2:08:10.0512818 PM","python.exe","84936","QueryAllInformationFile","C:\Users\jimpames\Desktop\FESv8-algebraic\migration_toolkit\skeleton_engine","CreationTime: 6/6/2026 6:32:24 AM, LastAccessTime: 6/7/2026 2:08:09 PM, LastWriteTime: 6/6/2026 7:26:23 AM, ChangeTime: 6/6/2026 7:26:23 AM, FileAttributes: D, AllocationSize: 8,192, EndOfFile: 8,192","BUFFER OVERFLOW"
"2:08:10.0512956 PM","python.exe","84936","CloseFile","C:\Users\jimpames\Desktop\FESv8-algebraic\migration_toolkit\skeleton_engine","","SUCCESS"
"2:08:10.0531489 PM","python.exe","84936","CreateFile","C:\Users\jimpames\Desktop\FESv8-algebraic\migration_toolkit\skeleton_engine","Desired Access: Read Attributes, Synchronize, Disposition: Open, Options: Synchronous IO Non-Alert, Attributes: n/a, ShareMode: None, AllocationSize: n/a, OpenResult: Opened","SUCCESS"
"2:08:10.0531778 PM","python.exe","84936","QueryInformationVolume","C:\Users\jimpames\Desktop\FESv8-algebraic\migration_toolkit\skeleton_engine","VolumeCreationTime: 5/30/2024 3:01:34 PM, VolumeSerialNumber: 66CA-DF9F, SupportsObjects: True, VolumeLabel: Winხ","BUFFER OVERFLOW"
"2:08:10.0531890 PM","python.exe","84936","QueryAllInformationFile","C:\Users\jimpames\Desktop\FESv8-algebraic\migration_toolkit\skeleton_engine","CreationTime: 6/6/2026 6:32:24 AM, LastAccessTime: 6/7/2026 2:08:09 PM, LastWriteTime: 6/6/2026 7:26:23 AM, ChangeTime: 6/6/2026 7:26:23 AM, FileAttributes: D, AllocationSize: 8,192, EndOfFile: 8,192","BUFFER OVERFLOW"
"2:08:10.0532008 PM","python.exe","84936","CloseFile","C:\Users\jimpames\Desktop\FESv8-algebraic\migration_toolkit\skeleton_engine","","SUCCESS"
"2:08:10.0545256 PM","python.exe","84936","CreateFile","C:\Users\jimpames\Desktop\FESv8-algebraic\migration_toolkit\skeleton_engine","Desired Access: Read Attributes, Synchronize, Disposition: Open, Options: Synchronous IO Non-Alert, Attributes: n/a, ShareMode: None, AllocationSize: n/a, OpenResult: Opened","SUCCESS"
"2:08:10.0545486 PM","python.exe","84936","QueryInformationVolume","C:\Users\jimpames\Desktop\FESv8-algebraic\migration_toolkit\skeleton_engine","VolumeCreationTime: 5/30/2024 3:01:34 PM, VolumeSerialNumber: 66CA-DF9F, SupportsObjects: True, VolumeLabel: Winፎ","BUFFER OVERFLOW"
"2:08:10.0545590 PM","python.exe","84936","QueryAllInformationFile","C:\Users\jimpames\Desktop\FESv8-algebraic\migration_toolkit\skeleton_engine","CreationTime: 6/6/2026 6:32:24 AM, LastAccessTime: 6/7/2026 2:08:09 PM, LastWriteTime: 6/6/2026 7:26:23 AM, ChangeTime: 6/6/2026 7:26:23 AM, FileAttributes: D, AllocationSize: 8,192, EndOfFile: 8,192","BUFFER OVERFLOW"
"2:08:10.0545706 PM","python.exe","84936","CloseFile","C:\Users\jimpames\Desktop\FESv8-algebraic\migration_toolkit\skeleton_engine","","SUCCESS"
"2:08:10.0560387 PM","python.exe","84936","CreateFile","C:\Users\jimpames\Desktop\FESv8-algebraic\migration_toolkit\skeleton_engine","Desired Access: Read Attributes, Synchronize, Disposition: Open, Options: Synchronous IO Non-Alert, Attributes: n/a, ShareMode: None, AllocationSize: n/a, OpenResult: Opened","SUCCESS"
"2:08:10.0560637 PM","python.exe","84936","QueryInformationVolume","C:\Users\jimpames\Desktop\FESv8-algebraic\migration_toolkit\skeleton_engine","VolumeCreationTime: 5/30/2024 3:01:34 PM, VolumeSerialNumber: 66CA-DF9F, SupportsObjects: True, VolumeLabel: Winხ","BUFFER OVERFLOW"
"2:08:10.0560756 PM","python.exe","84936","QueryAllInformationFile","C:\Users\jimpames\Desktop\FESv8-algebraic\migration_toolkit\skeleton_engine","CreationTime: 6/6/2026 6:32:24 AM, LastAccessTime: 6/7/2026 2:08:09 PM, LastWriteTime: 6/6/2026 7:26:23 AM, ChangeTime: 6/6/2026 7:26:23 AM, FileAttributes: D, AllocationSize: 8,192, EndOfFile: 8,192","BUFFER OVERFLOW"
"2:08:10.0560881 PM","python.exe","84936","CloseFile","C:\Users\jimpames\Desktop\FESv8-algebraic\migration_toolkit\skeleton_engine","","SUCCESS"
"2:08:10.0574014 PM","python.exe","84936","CreateFile","C:\Users\jimpames\Desktop\FESv8-algebraic\migration_toolkit\skeleton_engine","Desired Access: Read Attributes, Synchronize, Disposition: Open, Options: Synchronous IO Non-Alert, Attributes: n/a, ShareMode: None, AllocationSize: n/a, OpenResult: Opened","SUCCESS"
"2:08:10.0574327 PM","python.exe","84936","QueryInformationVolume","C:\Users\jimpames\Desktop\FESv8-algebraic\migration_toolkit\skeleton_engine","VolumeCreationTime: 5/30/2024 3:01:34 PM, VolumeSerialNumber: 66CA-DF9F, SupportsObjects: True, VolumeLabel: Winხ","BUFFER OVERFLOW"
"2:08:10.0574495 PM","python.exe","84936","QueryAllInformationFile","C:\Users\jimpames\Desktop\FESv8-algebraic\migration_toolkit\skeleton_engine","CreationTime: 6/6/2026 6:32:24 AM, LastAccessTime: 6/7/2026 2:08:09 PM, LastWriteTime: 6/6/2026 7:26:23 AM, ChangeTime: 6/6/2026 7:26:23 AM, FileAttributes: D, AllocationSize: 8,192, EndOfFile: 8,192","BUFFER OVERFLOW"
"2:08:10.0574666 PM","python.exe","84936","CloseFile","C:\Users\jimpames\Desktop\FESv8-algebraic\migration_toolkit\skeleton_engine","","SUCCESS"
"2:08:10.0590631 PM","python.exe","84936","CreateFile","C:\Users\jimpames\Desktop\FESv8-algebraic\migration_toolkit\skeleton_engine","Desired Access: Read Attributes, Synchronize, Disposition: Open, Options: Synchronous IO Non-Alert, Attributes: n/a, ShareMode: None, AllocationSize: n/a, OpenResult: Opened","SUCCESS"
"2:08:10.0590906 PM","python.exe","84936","QueryInformationVolume","C:\Users\jimpames\Desktop\FESv8-algebraic\migration_toolkit\skeleton_engine","VolumeCreationTime: 5/30/2024 3:01:34 PM, VolumeSerialNumber: 66CA-DF9F, SupportsObjects: True, VolumeLabel: Winხ","BUFFER OVERFLOW"
"2:08:10.0591073 PM","python.exe","84936","QueryAllInformationFile","C:\Users\jimpames\Desktop\FESv8-algebraic\migration_toolkit\skeleton_engine","CreationTime: 6/6/2026 6:32:24 AM, LastAccessTime: 6/7/2026 2:08:09 PM, LastWriteTime: 6/6/2026 7:26:23 AM, ChangeTime: 6/6/2026 7:26:23 AM, FileAttributes: D, AllocationSize: 8,192, EndOfFile: 8,192","BUFFER OVERFLOW"
"2:08:10.0591252 PM","python.exe","84936","CloseFile","C:\Users\jimpames\Desktop\FESv8-algebraic\migration_toolkit\skeleton_engine","","SUCCESS"
"2:08:10.0605620 PM","python.exe","84936","CreateFile","C:\Users\jimpames\Desktop\FESv8-algebraic\migration_toolkit\skeleton_engine","Desired Access: Read Attributes, Synchronize, Disposition: Open, Options: Synchronous IO Non-Alert, Attributes: n/a, ShareMode: None, AllocationSize: n/a, OpenResult: Opened","SUCCESS"
"2:08:10.0605858 PM","python.exe","84936","QueryInformationVolume","C:\Users\jimpames\Desktop\FESv8-algebraic\migration_toolkit\skeleton_engine","VolumeCreationTime: 5/30/2024 3:01:34 PM, VolumeSerialNumber: 66CA-DF9F, SupportsObjects: True, VolumeLabel: Winፎ","BUFFER OVERFLOW"
"2:08:10.0605970 PM","python.exe","84936","QueryAllInformationFile","C:\Users\jimpames\Desktop\FESv8-algebraic\migration_toolkit\skeleton_engine","CreationTime: 6/6/2026 6:32:24 AM, LastAccessTime: 6/7/2026 2:08:09 PM, LastWriteTime: 6/6/2026 7:26:23 AM, ChangeTime: 6/6/2026 7:26:23 AM, FileAttributes: D, AllocationSize: 8,192, EndOfFile: 8,192","BUFFER OVERFLOW"
"2:08:10.0606098 PM","python.exe","84936","CloseFile","C:\Users\jimpames\Desktop\FESv8-algebraic\migration_toolkit\skeleton_engine","","SUCCESS"
"2:08:10.0959803 PM","python.exe","84936","CloseFile","C:\Users\jimpames\Desktop\FESv8-algebraic\migration_toolkit","","SUCCESS"
"2:08:10.0985461 PM","python.exe","67244","CloseFile","C:\Users\jimpames\Desktop\FESv8-algebraic\migration_toolkit","","SUCCESS"
"2:08:10.1017050 PM","python.exe","35508","CreateFile","C:\Users\jimpames\Desktop\FESv8-algebraic\migration_toolkit","Desired Access: Read Attributes, Disposition: Open, Options: Open Reparse Point, Attributes: n/a, ShareMode: Read, Write, Delete, AllocationSize: n/a, OpenResult: Opened","SUCCESS"
"2:08:10.1017175 PM","python.exe","35508","QueryBasicInformationFile","C:\Users\jimpames\Desktop\FESv8-algebraic\migration_toolkit","CreationTime: 6/6/2026 6:32:22 AM, LastAccessTime: 6/7/2026 2:08:10 PM, LastWriteTime: 6/6/2026 7:26:22 AM, ChangeTime: 6/6/2026 7:26:22 AM, FileAttributes: D","SUCCESS"
"2:08:10.1017233 PM","python.exe","35508","CloseFile","C:\Users\jimpames\Desktop\FESv8-algebraic\migration_toolkit","","SUCCESS"
"2:08:10.1084305 PM","python.exe","81864","CreateFile","C:\Users\jimpames\Desktop\FESv8-algebraic\migration_toolkit","Desired Access: Execute/Traverse, Synchronize, Disposition: Open, Options: Directory, Synchronous IO Non-Alert, Attributes: n/a, ShareMode: Read, Write, AllocationSize: n/a, OpenResult: Opened","SUCCESS"
"2:08:10.1198620 PM","python.exe","49296","CreateFile","C:\Users\jimpames\Desktop\FESv8-algebraic\migration_toolkit","Desired Access: Execute/Traverse, Synchronize, Disposition: Open, Options: Directory, Synchronous IO Non-Alert, Attributes: n/a, ShareMode: Read, Write, AllocationSize: n/a, OpenResult: Opened","SUCCESS"
"2:08:10.1626725 PM","python.exe","49296","CreateFile","C:\Users\jimpames\Desktop\FESv8-algebraic\migration_toolkit\skeleton_engine","Desired Access: Read Attributes, Synchronize, Disposition: Open, Options: Synchronous IO Non-Alert, Attributes: n/a, ShareMode: None, AllocationSize: n/a, OpenResult: Opened","SUCCESS"
"2:08:10.1626976 PM","python.exe","49296","QueryInformationVolume","C:\Users\jimpames\Desktop\FESv8-algebraic\migration_toolkit\skeleton_engine","VolumeCreationTime: 5/30/2024 3:01:34 PM, VolumeSerialNumber: 66CA-DF9F, SupportsObjects: True, VolumeLabel: Winፐ","BUFFER OVERFLOW"
"2:08:10.1627075 PM","python.exe","49296","QueryAllInformationFile","C:\Users\jimpames\Desktop\FESv8-algebraic\migration_toolkit\skeleton_engine","CreationTime: 6/6/2026 6:32:24 AM, LastAccessTime: 6/7/2026 2:08:10 PM, LastWriteTime: 6/6/2026 7:26:23 AM, ChangeTime: 6/6/2026 7:26:23 AM, FileAttributes: D, AllocationSize: 8,192, EndOfFile: 8,192","BUFFER OVERFLOW"
"2:08:10.1627176 PM","python.exe","49296","CloseFile","C:\Users\jimpames\Desktop\FESv8-algebraic\migration_toolkit\skeleton_engine","","SUCCESS"
"2:08:10.1628546 PM","python.exe","49296","CreateFile","C:\Users\jimpames\Desktop\FESv8-algebraic\migration_toolkit\skeleton_engine","Desired Access: Read Attributes, Synchronize, Disposition: Open, Options: Synchronous IO Non-Alert, Attributes: n/a, ShareMode: None, AllocationSize: n/a, OpenResult: Opened","SUCCESS"
"2:08:10.1628753 PM","python.exe","49296","QueryInformationVolume","C:\Users\jimpames\Desktop\FESv8-algebraic\migration_toolkit\skeleton_engine","VolumeCreationTime: 5/30/2024 3:01:34 PM, VolumeSerialNumber: 66CA-DF9F, SupportsObjects: True, VolumeLabel: Winხ","BUFFER OVERFLOW"
"2:08:10.1628874 PM","python.exe","49296","QueryAllInformationFile","C:\Users\jimpames\Desktop\FESv8-algebraic\migration_toolkit\skeleton_engine","CreationTime: 6/6/2026 6:32:24 AM, LastAccessTime: 6/7/2026 2:08:10 PM, LastWriteTime: 6/6/2026 7:26:23 AM, ChangeTime: 6/6/2026 7:26:23 AM, FileAttributes: D, AllocationSize: 8,192, EndOfFile: 8,192","BUFFER OVERFLOW"
"2:08:10.1629017 PM","python.exe","49296","CloseFile","C:\Users\jimpames\Desktop\FESv8-algebraic\migration_toolkit\skeleton_engine","","SUCCESS"
"2:08:10.1630149 PM","python.exe","49296","CreateFile","C:\Users\jimpames\Desktop\FESv8-algebraic\migration_toolkit\skeleton_engine","Desired Access: Read Attributes, Synchronize, Disposition: Open, Options: Synchronous IO Non-Alert, Attributes: n/a, ShareMode: None, AllocationSize: n/a, OpenResult: Opened","SUCCESS"
"2:08:10.1630365 PM","python.exe","49296","QueryInformationVolume","C:\Users\jimpames\Desktop\FESv8-algebraic\migration_toolkit\skeleton_engine","VolumeCreationTime: 5/30/2024 3:01:34 PM, VolumeSerialNumber: 66CA-DF9F, SupportsObjects: True, VolumeLabel: Winხ","BUFFER OVERFLOW"
"2:08:10.1630470 PM","python.exe","49296","QueryAllInformationFile","C:\Users\jimpames\Desktop\FESv8-algebraic\migration_toolkit\skeleton_engine","CreationTime: 6/6/2026 6:32:24 AM, LastAccessTime: 6/7/2026 2:08:10 PM, LastWriteTime: 6/6/2026 7:26:23 AM, ChangeTime: 6/6/2026 7:26:23 AM, FileAttributes: D, AllocationSize: 8,192, EndOfFile: 8,192","BUFFER OVERFLOW"
"2:08:10.1630651 PM","python.exe","49296","CloseFile","C:\Users\jimpames\Desktop\FESv8-algebraic\migration_toolkit\skeleton_engine","","SUCCESS"
"2:08:10.1631440 PM","python.exe","49296","CreateFile","C:\Users\jimpames\Desktop\FESv8-algebraic\migration_toolkit\skeleton_engine","Desired Access: Read Data/List Directory, Synchronize, Disposition: Open, Options: Directory, Synchronous IO Non-Alert, Attributes: n/a, ShareMode: Read, Write, Delete, AllocationSize: n/a, OpenResult: Opened","SUCCESS"
"2:08:10.1631894 PM","python.exe","49296","QueryDirectory","C:\Users\jimpames\Desktop\FESv8-algebraic\migration_toolkit\skeleton_engine","FileInformationClass: FileBothDirectoryInformation, 1: .., 2: build_pipeline.py, 3: customer_fidelity_validator.py, 4: immutables_classifier.py, 5: immutables_validator.py, 6: jpa_scrubber.py","SUCCESS"
"2:08:10.1632133 PM","python.exe","49296","QueryDirectory","C:\Users\jimpames\Desktop\FESv8-algebraic\migration_toolkit\skeleton_engine","FileInformationClass: FileBothDirectoryInformation","NO MORE FILES"
"2:08:10.1632249 PM","python.exe","49296","CloseFile","C:\Users\jimpames\Desktop\FESv8-algebraic\migration_toolkit\skeleton_engine","","SUCCESS"
"2:08:10.1644725 PM","python.exe","49296","CreateFile","C:\Users\jimpames\Desktop\FESv8-algebraic\migration_toolkit\skeleton_engine","Desired Access: Read Attributes, Synchronize, Disposition: Open, Options: Synchronous IO Non-Alert, Attributes: n/a, ShareMode: None, AllocationSize: n/a, OpenResult: Opened","SUCCESS"
"2:08:10.1644964 PM","python.exe","49296","QueryInformationVolume","C:\Users\jimpames\Desktop\FESv8-algebraic\migration_toolkit\skeleton_engine","VolumeCreationTime: 5/30/2024 3:01:34 PM, VolumeSerialNumber: 66CA-DF9F, SupportsObjects: True, VolumeLabel: Winხ","BUFFER OVERFLOW"
"2:08:10.1645079 PM","python.exe","49296","QueryAllInformationFile","C:\Users\jimpames\Desktop\FESv8-algebraic\migration_toolkit\skeleton_engine","CreationTime: 6/6/2026 6:32:24 AM, LastAccessTime: 6/7/2026 2:08:10 PM, LastWriteTime: 6/6/2026 7:26:23 AM, ChangeTime: 6/6/2026 7:26:23 AM, FileAttributes: D, AllocationSize: 8,192, EndOfFile: 8,192","BUFFER OVERFLOW"
"2:08:10.1645216 PM","python.exe","49296","CloseFile","C:\Users\jimpames\Desktop\FESv8-algebraic\migration_toolkit\skeleton_engine","","SUCCESS"
"2:08:10.1661547 PM","python.exe","49296","CreateFile","C:\Users\jimpames\Desktop\FESv8-algebraic\migration_toolkit\skeleton_engine","Desired Access: Read Attributes, Synchronize, Disposition: Open, Options: Synchronous IO Non-Alert, Attributes: n/a, ShareMode: None, AllocationSize: n/a, OpenResult: Opened","SUCCESS"
"2:08:10.1661904 PM","python.exe","49296","QueryInformationVolume","C:\Users\jimpames\Desktop\FESv8-algebraic\migration_toolkit\skeleton_engine","VolumeCreationTime: 5/30/2024 3:01:34 PM, VolumeSerialNumber: 66CA-DF9F, SupportsObjects: True, VolumeLabel: Winፐ","BUFFER OVERFLOW"
"2:08:10.1662059 PM","python.exe","49296","QueryAllInformationFile","C:\Users\jimpames\Desktop\FESv8-algebraic\migration_toolkit\skeleton_engine","CreationTime: 6/6/2026 6:32:24 AM, LastAccessTime: 6/7/2026 2:08:10 PM, LastWriteTime: 6/6/2026 7:26:23 AM, ChangeTime: 6/6/2026 7:26:23 AM, FileAttributes: D, AllocationSize: 8,192, EndOfFile: 8,192","BUFFER OVERFLOW"
"2:08:10.1662241 PM","python.exe","49296","CloseFile","C:\Users\jimpames\Desktop\FESv8-algebraic\migration_toolkit\skeleton_engine","","SUCCESS"
"2:08:10.1675438 PM","python.exe","49296","CreateFile","C:\Users\jimpames\Desktop\FESv8-algebraic\migration_toolkit\skeleton_engine","Desired Access: Read Attributes, Synchronize, Disposition: Open, Options: Synchronous IO Non-Alert, Attributes: n/a, ShareMode: None, AllocationSize: n/a, OpenResult: Opened","SUCCESS"
"2:08:10.1675661 PM","python.exe","49296","QueryInformationVolume","C:\Users\jimpames\Desktop\FESv8-algebraic\migration_toolkit\skeleton_engine","VolumeCreationTime: 5/30/2024 3:01:34 PM, VolumeSerialNumber: 66CA-DF9F, SupportsObjects: True, VolumeLabel: Winፐ","BUFFER OVERFLOW"
"2:08:10.1675774 PM","python.exe","49296","QueryAllInformationFile","C:\Users\jimpames\Desktop\FESv8-algebraic\migration_toolkit\skeleton_engine","CreationTime: 6/6/2026 6:32:24 AM, LastAccessTime: 6/7/2026 2:08:10 PM, LastWriteTime: 6/6/2026 7:26:23 AM, ChangeTime: 6/6/2026 7:26:23 AM, FileAttributes: D, AllocationSize: 8,192, EndOfFile: 8,192","BUFFER OVERFLOW"
"2:08:10.1675892 PM","python.exe","49296","CloseFile","C:\Users\jimpames\Desktop\FESv8-algebraic\migration_toolkit\skeleton_engine","","SUCCESS"
"2:08:10.1688399 PM","python.exe","49296","CreateFile","C:\Users\jimpames\Desktop\FESv8-algebraic\migration_toolkit\skeleton_engine","Desired Access: Read Attributes, Synchronize, Disposition: Open, Options: Synchronous IO Non-Alert, Attributes: n/a, ShareMode: None, AllocationSize: n/a, OpenResult: Opened","SUCCESS"
"2:08:10.1688609 PM","python.exe","49296","QueryInformationVolume","C:\Users\jimpames\Desktop\FESv8-algebraic\migration_toolkit\skeleton_engine","VolumeCreationTime: 5/30/2024 3:01:34 PM, VolumeSerialNumber: 66CA-DF9F, SupportsObjects: True, VolumeLabel: Winፐ","BUFFER OVERFLOW"
"2:08:10.1688717 PM","python.exe","49296","QueryAllInformationFile","C:\Users\jimpames\Desktop\FESv8-algebraic\migration_toolkit\skeleton_engine","CreationTime: 6/6/2026 6:32:24 AM, LastAccessTime: 6/7/2026 2:08:10 PM, LastWriteTime: 6/6/2026 7:26:23 AM, ChangeTime: 6/6/2026 7:26:23 AM, FileAttributes: D, AllocationSize: 8,192, EndOfFile: 8,192","BUFFER OVERFLOW"
"2:08:10.1688842 PM","python.exe","49296","CloseFile","C:\Users\jimpames\Desktop\FESv8-algebraic\migration_toolkit\skeleton_engine","","SUCCESS"
"2:08:10.1705906 PM","python.exe","49296","CreateFile","C:\Users\jimpames\Desktop\FESv8-algebraic\migration_toolkit\skeleton_engine","Desired Access: Read Attributes, Synchronize, Disposition: Open, Options: Synchronous IO Non-Alert, Attributes: n/a, ShareMode: None, AllocationSize: n/a, OpenResult: Opened","SUCCESS"
"2:08:10.1706233 PM","python.exe","49296","QueryInformationVolume","C:\Users\jimpames\Desktop\FESv8-algebraic\migration_toolkit\skeleton_engine","VolumeCreationTime: 5/30/2024 3:01:34 PM, VolumeSerialNumber: 66CA-DF9F, SupportsObjects: True, VolumeLabel: Winხ","BUFFER OVERFLOW"
"2:08:10.1706520 PM","python.exe","49296","QueryAllInformationFile","C:\Users\jimpames\Desktop\FESv8-algebraic\migration_toolkit\skeleton_engine","CreationTime: 6/6/2026 6:32:24 AM, LastAccessTime: 6/7/2026 2:08:10 PM, LastWriteTime: 6/6/2026 7:26:23 AM, ChangeTime: 6/6/2026 7:26:23 AM, FileAttributes: D, AllocationSize: 8,192, EndOfFile: 8,192","BUFFER OVERFLOW"
"2:08:10.1706698 PM","python.exe","49296","CloseFile","C:\Users\jimpames\Desktop\FESv8-algebraic\migration_toolkit\skeleton_engine","","SUCCESS"
"2:08:10.1718780 PM","python.exe","49296","CreateFile","C:\Users\jimpames\Desktop\FESv8-algebraic\migration_toolkit\skeleton_engine","Desired Access: Read Attributes, Synchronize, Disposition: Open, Options: Synchronous IO Non-Alert, Attributes: n/a, ShareMode: None, AllocationSize: n/a, OpenResult: Opened","SUCCESS"
"2:08:10.1719190 PM","python.exe","49296","QueryInformationVolume","C:\Users\jimpames\Desktop\FESv8-algebraic\migration_toolkit\skeleton_engine","VolumeCreationTime: 5/30/2024 3:01:34 PM, VolumeSerialNumber: 66CA-DF9F, SupportsObjects: True, VolumeLabel: Winፐ","BUFFER OVERFLOW"
"2:08:10.1719360 PM","python.exe","49296","QueryAllInformationFile","C:\Users\jimpames\Desktop\FESv8-algebraic\migration_toolkit\skeleton_engine","CreationTime: 6/6/2026 6:32:24 AM, LastAccessTime: 6/7/2026 2:08:10 PM, LastWriteTime: 6/6/2026 7:26:23 AM, ChangeTime: 6/6/2026 7:26:23 AM, FileAttributes: D, AllocationSize: 8,192, EndOfFile: 8,192","BUFFER OVERFLOW"
"2:08:10.1719550 PM","python.exe","49296","CloseFile","C:\Users\jimpames\Desktop\FESv8-algebraic\migration_toolkit\skeleton_engine","","SUCCESS"
"2:08:10.1739871 PM","python.exe","49296","CreateFile","C:\Users\jimpames\Desktop\FESv8-algebraic\migration_toolkit\skeleton_engine","Desired Access: Read Attributes, Synchronize, Disposition: Open, Options: Synchronous IO Non-Alert, Attributes: n/a, ShareMode: None, AllocationSize: n/a, OpenResult: Opened","SUCCESS"
"2:08:10.1740183 PM","python.exe","49296","QueryInformationVolume","C:\Users\jimpames\Desktop\FESv8-algebraic\migration_toolkit\skeleton_engine","VolumeCreationTime: 5/30/2024 3:01:34 PM, VolumeSerialNumber: 66CA-DF9F, SupportsObjects: True, VolumeLabel: Winፐ","BUFFER OVERFLOW"
"2:08:10.1740387 PM","python.exe","49296","QueryAllInformationFile","C:\Users\jimpames\Desktop\FESv8-algebraic\migration_toolkit\skeleton_engine","CreationTime: 6/6/2026 6:32:24 AM, LastAccessTime: 6/7/2026 2:08:10 PM, LastWriteTime: 6/6/2026 7:26:23 AM, ChangeTime: 6/6/2026 7:26:23 AM, FileAttributes: D, AllocationSize: 8,192, EndOfFile: 8,192","BUFFER OVERFLOW"
"2:08:10.1740580 PM","python.exe","49296","CloseFile","C:\Users\jimpames\Desktop\FESv8-algebraic\migration_toolkit\skeleton_engine","","SUCCESS"
"2:08:10.1754655 PM","python.exe","49296","CreateFile","C:\Users\jimpames\Desktop\FESv8-algebraic\migration_toolkit\skeleton_engine","Desired Access: Read Attributes, Synchronize, Disposition: Open, Options: Synchronous IO Non-Alert, Attributes: n/a, ShareMode: None, AllocationSize: n/a, OpenResult: Opened","SUCCESS"
"2:08:10.1754953 PM","python.exe","49296","QueryInformationVolume","C:\Users\jimpames\Desktop\FESv8-algebraic\migration_toolkit\skeleton_engine","VolumeCreationTime: 5/30/2024 3:01:34 PM, VolumeSerialNumber: 66CA-DF9F, SupportsObjects: True, VolumeLabel: Winხ","BUFFER OVERFLOW"
"2:08:10.1755125 PM","python.exe","49296","QueryAllInformationFile","C:\Users\jimpames\Desktop\FESv8-algebraic\migration_toolkit\skeleton_engine","CreationTime: 6/6/2026 6:32:24 AM, LastAccessTime: 6/7/2026 2:08:10 PM, LastWriteTime: 6/6/2026 7:26:23 AM, ChangeTime: 6/6/2026 7:26:23 AM, FileAttributes: D, AllocationSize: 8,192, EndOfFile: 8,192","BUFFER OVERFLOW"
"2:08:10.1755308 PM","python.exe","49296","CloseFile","C:\Users\jimpames\Desktop\FESv8-algebraic\migration_toolkit\skeleton_engine","","SUCCESS"
"2:08:10.1767690 PM","python.exe","49296","CreateFile","C:\Users\jimpames\Desktop\FESv8-algebraic\migration_toolkit\skeleton_engine","Desired Access: Read Attributes, Synchronize, Disposition: Open, Options: Synchronous IO Non-Alert, Attributes: n/a, ShareMode: None, AllocationSize: n/a, OpenResult: Opened","SUCCESS"
"2:08:10.1767981 PM","python.exe","49296","QueryInformationVolume","C:\Users\jimpames\Desktop\FESv8-algebraic\migration_toolkit\skeleton_engine","VolumeCreationTime: 5/30/2024 3:01:34 PM, VolumeSerialNumber: 66CA-DF9F, SupportsObjects: True, VolumeLabel: Win","BUFFER OVERFLOW"
"2:08:10.1768093 PM","python.exe","49296","QueryAllInformationFile","C:\Users\jimpames\Desktop\FESv8-algebraic\migration_toolkit\skeleton_engine","CreationTime: 6/6/2026 6:32:24 AM, LastAccessTime: 6/7/2026 2:08:10 PM, LastWriteTime: 6/6/2026 7:26:23 AM, ChangeTime: 6/6/2026 7:26:23 AM, FileAttributes: D, AllocationSize: 8,192, EndOfFile: 8,192","BUFFER OVERFLOW"
"2:08:10.1768474 PM","python.exe","49296","CloseFile","C:\Users\jimpames\Desktop\FESv8-algebraic\migration_toolkit\skeleton_engine","","SUCCESS"
"2:08:10.1787622 PM","python.exe","49296","CreateFile","C:\Users\jimpames\Desktop\FESv8-algebraic\migration_toolkit\skeleton_engine","Desired Access: Read Attributes, Synchronize, Disposition: Open, Options: Synchronous IO Non-Alert, Attributes: n/a, ShareMode: None, AllocationSize: n/a, OpenResult: Opened","SUCCESS"
"2:08:10.1788078 PM","python.exe","49296","QueryInformationVolume","C:\Users\jimpames\Desktop\FESv8-algebraic\migration_toolkit\skeleton_engine","VolumeCreationTime: 5/30/2024 3:01:34 PM, VolumeSerialNumber: 66CA-DF9F, SupportsObjects: True, VolumeLabel: Winፐ","BUFFER OVERFLOW"
"2:08:10.1788240 PM","python.exe","49296","QueryAllInformationFile","C:\Users\jimpames\Desktop\FESv8-algebraic\migration_toolkit\skeleton_engine","CreationTime: 6/6/2026 6:32:24 AM, LastAccessTime: 6/7/2026 2:08:10 PM, LastWriteTime: 6/6/2026 7:26:23 AM, ChangeTime: 6/6/2026 7:26:23 AM, FileAttributes: D, AllocationSize: 8,192, EndOfFile: 8,192","BUFFER OVERFLOW"
"2:08:10.1788438 PM","python.exe","49296","CloseFile","C:\Users\jimpames\Desktop\FESv8-algebraic\migration_toolkit\skeleton_engine","","SUCCESS"
"2:08:10.1800722 PM","python.exe","49296","CreateFile","C:\Users\jimpames\Desktop\FESv8-algebraic\migration_toolkit\skeleton_engine","Desired Access: Read Attributes, Synchronize, Disposition: Open, Options: Synchronous IO Non-Alert, Attributes: n/a, ShareMode: None, AllocationSize: n/a, OpenResult: Opened","SUCCESS"
"2:08:10.1801058 PM","python.exe","49296","QueryInformationVolume","C:\Users\jimpames\Desktop\FESv8-algebraic\migration_toolkit\skeleton_engine","VolumeCreationTime: 5/30/2024 3:01:34 PM, VolumeSerialNumber: 66CA-DF9F, SupportsObjects: True, VolumeLabel: Winፐ","BUFFER OVERFLOW"
"2:08:10.1801237 PM","python.exe","49296","QueryAllInformationFile","C:\Users\jimpames\Desktop\FESv8-algebraic\migration_toolkit\skeleton_engine","CreationTime: 6/6/2026 6:32:24 AM, LastAccessTime: 6/7/2026 2:08:10 PM, LastWriteTime: 6/6/2026 7:26:23 AM, ChangeTime: 6/6/2026 7:26:23 AM, FileAttributes: D, AllocationSize: 8,192, EndOfFile: 8,192","BUFFER OVERFLOW"
"2:08:10.1801473 PM","python.exe","49296","CloseFile","C:\Users\jimpames\Desktop\FESv8-algebraic\migration_toolkit\skeleton_engine","","SUCCESS"
"2:08:10.1821175 PM","python.exe","49296","CreateFile","C:\Users\jimpames\Desktop\FESv8-algebraic\migration_toolkit\skeleton_engine","Desired Access: Read Attributes, Synchronize, Disposition: Open, Options: Synchronous IO Non-Alert, Attributes: n/a, ShareMode: None, AllocationSize: n/a, OpenResult: Opened","SUCCESS"
"2:08:10.1821611 PM","python.exe","49296","QueryInformationVolume","C:\Users\jimpames\Desktop\FESv8-algebraic\migration_toolkit\skeleton_engine","VolumeCreationTime: 5/30/2024 3:01:34 PM, VolumeSerialNumber: 66CA-DF9F, SupportsObjects: True, VolumeLabel: Win","BUFFER OVERFLOW"
"2:08:10.1821856 PM","python.exe","49296","QueryAllInformationFile","C:\Users\jimpames\Desktop\FESv8-algebraic\migration_toolkit\skeleton_engine","CreationTime: 6/6/2026 6:32:24 AM, LastAccessTime: 6/7/2026 2:08:10 PM, LastWriteTime: 6/6/2026 7:26:23 AM, ChangeTime: 6/6/2026 7:26:23 AM, FileAttributes: D, AllocationSize: 8,192, EndOfFile: 8,192","BUFFER OVERFLOW"
"2:08:10.1822112 PM","python.exe","49296","CloseFile","C:\Users\jimpames\Desktop\FESv8-algebraic\migration_toolkit\skeleton_engine","","SUCCESS"
"2:08:10.1853752 PM","python.exe","49296","CreateFile","C:\Users\jimpames\Desktop\FESv8-algebraic\migration_toolkit\skeleton_engine","Desired Access: Read Attributes, Synchronize, Disposition: Open, Options: Synchronous IO Non-Alert, Attributes: n/a, ShareMode: None, AllocationSize: n/a, OpenResult: Opened","SUCCESS"
"2:08:10.1854140 PM","python.exe","49296","QueryInformationVolume","C:\Users\jimpames\Desktop\FESv8-algebraic\migration_toolkit\skeleton_engine","VolumeCreationTime: 5/30/2024 3:01:34 PM, VolumeSerialNumber: 66CA-DF9F, SupportsObjects: True, VolumeLabel: Winፐ","BUFFER OVERFLOW"
"2:08:10.1854312 PM","python.exe","49296","QueryAllInformationFile","C:\Users\jimpames\Desktop\FESv8-algebraic\migration_toolkit\skeleton_engine","CreationTime: 6/6/2026 6:32:24 AM, LastAccessTime: 6/7/2026 2:08:10 PM, LastWriteTime: 6/6/2026 7:26:23 AM, ChangeTime: 6/6/2026 7:26:23 AM, FileAttributes: D, AllocationSize: 8,192, EndOfFile: 8,192","BUFFER OVERFLOW"
"2:08:10.1854485 PM","python.exe","49296","CloseFile","C:\Users\jimpames\Desktop\FESv8-algebraic\migration_toolkit\skeleton_engine","","SUCCESS"
"2:08:10.1869869 PM","python.exe","49296","CreateFile","C:\Users\jimpames\Desktop\FESv8-algebraic\migration_toolkit\skeleton_engine","Desired Access: Read Attributes, Synchronize, Disposition: Open, Options: Synchronous IO Non-Alert, Attributes: n/a, ShareMode: None, AllocationSize: n/a, OpenResult: Opened","SUCCESS"
"2:08:10.1870168 PM","python.exe","49296","QueryInformationVolume","C:\Users\jimpames\Desktop\FESv8-algebraic\migration_toolkit\skeleton_engine","VolumeCreationTime: 5/30/2024 3:01:34 PM, VolumeSerialNumber: 66CA-DF9F, SupportsObjects: True, VolumeLabel: Winፐ","BUFFER OVERFLOW"
"2:08:10.1870322 PM","python.exe","49296","QueryAllInformationFile","C:\Users\jimpames\Desktop\FESv8-algebraic\migration_toolkit\skeleton_engine","CreationTime: 6/6/2026 6:32:24 AM, LastAccessTime: 6/7/2026 2:08:10 PM, LastWriteTime: 6/6/2026 7:26:23 AM, ChangeTime: 6/6/2026 7:26:23 AM, FileAttributes: D, AllocationSize: 8,192, EndOfFile: 8,192","BUFFER OVERFLOW"
"2:08:10.1870529 PM","python.exe","49296","CloseFile","C:\Users\jimpames\Desktop\FESv8-algebraic\migration_toolkit\skeleton_engine","","SUCCESS"
"2:08:10.1891627 PM","python.exe","49296","CreateFile","C:\Users\jimpames\Desktop\FESv8-algebraic\migration_toolkit\skeleton_engine","Desired Access: Read Attributes, Synchronize, Disposition: Open, Options: Synchronous IO Non-Alert, Attributes: n/a, ShareMode: None, AllocationSize: n/a, OpenResult: Opened","SUCCESS"
"2:08:10.1891859 PM","python.exe","49296","QueryInformationVolume","C:\Users\jimpames\Desktop\FESv8-algebraic\migration_toolkit\skeleton_engine","VolumeCreationTime: 5/30/2024 3:01:34 PM, VolumeSerialNumber: 66CA-DF9F, SupportsObjects: True, VolumeLabel: Win","BUFFER OVERFLOW"
"2:08:10.1891956 PM","python.exe","49296","QueryAllInformationFile","C:\Users\jimpames\Desktop\FESv8-algebraic\migration_toolkit\skeleton_engine","CreationTime: 6/6/2026 6:32:24 AM, LastAccessTime: 6/7/2026 2:08:10 PM, LastWriteTime: 6/6/2026 7:26:23 AM, ChangeTime: 6/6/2026 7:26:23 AM, FileAttributes: D, AllocationSize: 8,192, EndOfFile: 8,192","BUFFER OVERFLOW"
"2:08:10.1892057 PM","python.exe","49296","CloseFile","C:\Users\jimpames\Desktop\FESv8-algebraic\migration_toolkit\skeleton_engine","","SUCCESS"
"2:08:10.1910961 PM","python.exe","49296","CreateFile","C:\Users\jimpames\Desktop\FESv8-algebraic\migration_toolkit\skeleton_engine","Desired Access: Read Attributes, Synchronize, Disposition: Open, Options: Synchronous IO Non-Alert, Attributes: n/a, ShareMode: None, AllocationSize: n/a, OpenResult: Opened","SUCCESS"
"2:08:10.1911360 PM","python.exe","49296","QueryInformationVolume","C:\Users\jimpames\Desktop\FESv8-algebraic\migration_toolkit\skeleton_engine","VolumeCreationTime: 5/30/2024 3:01:34 PM, VolumeSerialNumber: 66CA-DF9F, SupportsObjects: True, VolumeLabel: Winፐ","BUFFER OVERFLOW"
"2:08:10.1911494 PM","python.exe","49296","QueryAllInformationFile","C:\Users\jimpames\Desktop\FESv8-algebraic\migration_toolkit\skeleton_engine","CreationTime: 6/6/2026 6:32:24 AM, LastAccessTime: 6/7/2026 2:08:10 PM, LastWriteTime: 6/6/2026 7:26:23 AM, ChangeTime: 6/6/2026 7:26:23 AM, FileAttributes: D, AllocationSize: 8,192, EndOfFile: 8,192","BUFFER OVERFLOW"
"2:08:10.1911646 PM","python.exe","49296","CloseFile","C:\Users\jimpames\Desktop\FESv8-algebraic\migration_toolkit\skeleton_engine","","SUCCESS"
"2:08:10.1924103 PM","python.exe","49296","CreateFile","C:\Users\jimpames\Desktop\FESv8-algebraic\migration_toolkit\skeleton_engine","Desired Access: Read Attributes, Synchronize, Disposition: Open, Options: Synchronous IO Non-Alert, Attributes: n/a, ShareMode: None, AllocationSize: n/a, OpenResult: Opened","SUCCESS"
"2:08:10.1924413 PM","python.exe","49296","QueryInformationVolume","C:\Users\jimpames\Desktop\FESv8-algebraic\migration_toolkit\skeleton_engine","VolumeCreationTime: 5/30/2024 3:01:34 PM, VolumeSerialNumber: 66CA-DF9F, SupportsObjects: True, VolumeLabel: Winხ","BUFFER OVERFLOW"
"2:08:10.1925046 PM","python.exe","49296","QueryAllInformationFile","C:\Users\jimpames\Desktop\FESv8-algebraic\migration_toolkit\skeleton_engine","CreationTime: 6/6/2026 6:32:24 AM, LastAccessTime: 6/7/2026 2:08:10 PM, LastWriteTime: 6/6/2026 7:26:23 AM, ChangeTime: 6/6/2026 7:26:23 AM, FileAttributes: D, AllocationSize: 8,192, EndOfFile: 8,192","BUFFER OVERFLOW"
"2:08:10.1925532 PM","python.exe","49296","CloseFile","C:\Users\jimpames\Desktop\FESv8-algebraic\migration_toolkit\skeleton_engine","","SUCCESS"
"2:08:10.1939910 PM","python.exe","49296","CreateFile","C:\Users\jimpames\Desktop\FESv8-algebraic\migration_toolkit\skeleton_engine","Desired Access: Read Attributes, Synchronize, Disposition: Open, Options: Synchronous IO Non-Alert, Attributes: n/a, ShareMode: None, AllocationSize: n/a, OpenResult: Opened","SUCCESS"
"2:08:10.1940145 PM","python.exe","49296","QueryInformationVolume","C:\Users\jimpames\Desktop\FESv8-algebraic\migration_toolkit\skeleton_engine","VolumeCreationTime: 5/30/2024 3:01:34 PM, VolumeSerialNumber: 66CA-DF9F, SupportsObjects: True, VolumeLabel: Winხ","BUFFER OVERFLOW"
"2:08:10.1940422 PM","python.exe","49296","QueryAllInformationFile","C:\Users\jimpames\Desktop\FESv8-algebraic\migration_toolkit\skeleton_engine","CreationTime: 6/6/2026 6:32:24 AM, LastAccessTime: 6/7/2026 2:08:10 PM, LastWriteTime: 6/6/2026 7:26:23 AM, ChangeTime: 6/6/2026 7:26:23 AM, FileAttributes: D, AllocationSize: 8,192, EndOfFile: 8,192","BUFFER OVERFLOW"
"2:08:10.1940617 PM","python.exe","49296","CloseFile","C:\Users\jimpames\Desktop\FESv8-algebraic\migration_toolkit\skeleton_engine","","SUCCESS"
"2:08:10.1956876 PM","python.exe","49296","CreateFile","C:\Users\jimpames\Desktop\FESv8-algebraic\migration_toolkit\skeleton_engine","Desired Access: Read Attributes, Synchronize, Disposition: Open, Options: Synchronous IO Non-Alert, Attributes: n/a, ShareMode: None, AllocationSize: n/a, OpenResult: Opened","SUCCESS"
"2:08:10.1957195 PM","python.exe","49296","QueryInformationVolume","C:\Users\jimpames\Desktop\FESv8-algebraic\migration_toolkit\skeleton_engine","VolumeCreationTime: 5/30/2024 3:01:34 PM, VolumeSerialNumber: 66CA-DF9F, SupportsObjects: True, VolumeLabel: Winხ","BUFFER OVERFLOW"
"2:08:10.1957363 PM","python.exe","49296","QueryAllInformationFile","C:\Users\jimpames\Desktop\FESv8-algebraic\migration_toolkit\skeleton_engine","CreationTime: 6/6/2026 6:32:24 AM, LastAccessTime: 6/7/2026 2:08:10 PM, LastWriteTime: 6/6/2026 7:26:23 AM, ChangeTime: 6/6/2026 7:26:23 AM, FileAttributes: D, AllocationSize: 8,192, EndOfFile: 8,192","BUFFER OVERFLOW"
"2:08:10.1957563 PM","python.exe","49296","CloseFile","C:\Users\jimpames\Desktop\FESv8-algebraic\migration_toolkit\skeleton_engine","","SUCCESS"
"2:08:10.1989910 PM","python.exe","49296","CreateFile","C:\Users\jimpames\Desktop\FESv8-algebraic\migration_toolkit\skeleton_engine","Desired Access: Read Attributes, Synchronize, Disposition: Open, Options: Synchronous IO Non-Alert, Attributes: n/a, ShareMode: None, AllocationSize: n/a, OpenResult: Opened","SUCCESS"
"2:08:10.1990151 PM","python.exe","49296","QueryInformationVolume","C:\Users\jimpames\Desktop\FESv8-algebraic\migration_toolkit\skeleton_engine","VolumeCreationTime: 5/30/2024 3:01:34 PM, VolumeSerialNumber: 66CA-DF9F, SupportsObjects: True, VolumeLabel: Winፐ","BUFFER OVERFLOW"
"2:08:10.1990259 PM","python.exe","49296","QueryAllInformationFile","C:\Users\jimpames\Desktop\FESv8-algebraic\migration_toolkit\skeleton_engine","CreationTime: 6/6/2026 6:32:24 AM, LastAccessTime: 6/7/2026 2:08:10 PM, LastWriteTime: 6/6/2026 7:26:23 AM, ChangeTime: 6/6/2026 7:26:23 AM, FileAttributes: D, AllocationSize: 8,192, EndOfFile: 8,192","BUFFER OVERFLOW"
"2:08:10.1990370 PM","python.exe","49296","CloseFile","C:\Users\jimpames\Desktop\FESv8-algebraic\migration_toolkit\skeleton_engine","","SUCCESS"
"2:08:10.2040887 PM","python.exe","49296","CreateFile","C:\Users\jimpames\Desktop\FESv8-algebraic\migration_toolkit\skeleton_engine","Desired Access: Read Attributes, Synchronize, Disposition: Open, Options: Synchronous IO Non-Alert, Attributes: n/a, ShareMode: None, AllocationSize: n/a, OpenResult: Opened","SUCCESS"
"2:08:10.2041084 PM","python.exe","49296","QueryInformationVolume","C:\Users\jimpames\Desktop\FESv8-algebraic\migration_toolkit\skeleton_engine","VolumeCreationTime: 5/30/2024 3:01:34 PM, VolumeSerialNumber: 66CA-DF9F, SupportsObjects: True, VolumeLabel: Winፐ","BUFFER OVERFLOW"
"2:08:10.2041169 PM","python.exe","49296","QueryAllInformationFile","C:\Users\jimpames\Desktop\FESv8-algebraic\migration_toolkit\skeleton_engine","CreationTime: 6/6/2026 6:32:24 AM, LastAccessTime: 6/7/2026 2:08:10 PM, LastWriteTime: 6/6/2026 7:26:23 AM, ChangeTime: 6/6/2026 7:26:23 AM, FileAttributes: D, AllocationSize: 8,192, EndOfFile: 8,192","BUFFER OVERFLOW"
"2:08:10.2041267 PM","python.exe","49296","CloseFile","C:\Users\jimpames\Desktop\FESv8-algebraic\migration_toolkit\skeleton_engine","","SUCCESS"
"2:08:10.2067190 PM","python.exe","49296","CreateFile","C:\Users\jimpames\Desktop\FESv8-algebraic\migration_toolkit\skeleton_engine","Desired Access: Read Attributes, Synchronize, Disposition: Open, Options: Synchronous IO Non-Alert, Attributes: n/a, ShareMode: None, AllocationSize: n/a, OpenResult: Opened","SUCCESS"
"2:08:10.2067468 PM","python.exe","49296","QueryInformationVolume","C:\Users\jimpames\Desktop\FESv8-algebraic\migration_toolkit\skeleton_engine","VolumeCreationTime: 5/30/2024 3:01:34 PM, VolumeSerialNumber: 66CA-DF9F, SupportsObjects: True, VolumeLabel: Winხ","BUFFER OVERFLOW"
"2:08:10.2067584 PM","python.exe","49296","QueryAllInformationFile","C:\Users\jimpames\Desktop\FESv8-algebraic\migration_toolkit\skeleton_engine","CreationTime: 6/6/2026 6:32:24 AM, LastAccessTime: 6/7/2026 2:08:10 PM, LastWriteTime: 6/6/2026 7:26:23 AM, ChangeTime: 6/6/2026 7:26:23 AM, FileAttributes: D, AllocationSize: 8,192, EndOfFile: 8,192","BUFFER OVERFLOW"
"2:08:10.2067698 PM","python.exe","49296","CloseFile","C:\Users\jimpames\Desktop\FESv8-algebraic\migration_toolkit\skeleton_engine","","SUCCESS"
"2:08:10.2094467 PM","python.exe","49296","CreateFile","C:\Users\jimpames\Desktop\FESv8-algebraic\migration_toolkit\skeleton_engine","Desired Access: Read Attributes, Synchronize, Disposition: Open, Options: Synchronous IO Non-Alert, Attributes: n/a, ShareMode: None, AllocationSize: n/a, OpenResult: Opened","SUCCESS"
"2:08:10.2094766 PM","python.exe","49296","QueryInformationVolume","C:\Users\jimpames\Desktop\FESv8-algebraic\migration_toolkit\skeleton_engine","VolumeCreationTime: 5/30/2024 3:01:34 PM, VolumeSerialNumber: 66CA-DF9F, SupportsObjects: True, VolumeLabel: Winხ","BUFFER OVERFLOW"
"2:08:10.2094943 PM","python.exe","49296","QueryAllInformationFile","C:\Users\jimpames\Desktop\FESv8-algebraic\migration_toolkit\skeleton_engine","CreationTime: 6/6/2026 6:32:24 AM, LastAccessTime: 6/7/2026 2:08:10 PM, LastWriteTime: 6/6/2026 7:26:23 AM, ChangeTime: 6/6/2026 7:26:23 AM, FileAttributes: D, AllocationSize: 8,192, EndOfFile: 8,192","BUFFER OVERFLOW"
"2:08:10.2095130 PM","python.exe","49296","CloseFile","C:\Users\jimpames\Desktop\FESv8-algebraic\migration_toolkit\skeleton_engine","","SUCCESS"
"2:08:10.2108604 PM","python.exe","49296","CreateFile","C:\Users\jimpames\Desktop\FESv8-algebraic\migration_toolkit\skeleton_engine","Desired Access: Read Attributes, Synchronize, Disposition: Open, Options: Synchronous IO Non-Alert, Attributes: n/a, ShareMode: None, AllocationSize: n/a, OpenResult: Opened","SUCCESS"
"2:08:10.2108953 PM","python.exe","49296","QueryInformationVolume","C:\Users\jimpames\Desktop\FESv8-algebraic\migration_toolkit\skeleton_engine","VolumeCreationTime: 5/30/2024 3:01:34 PM, VolumeSerialNumber: 66CA-DF9F, SupportsObjects: True, VolumeLabel: Winხ","BUFFER OVERFLOW"
"2:08:10.2109149 PM","python.exe","49296","QueryAllInformationFile","C:\Users\jimpames\Desktop\FESv8-algebraic\migration_toolkit\skeleton_engine","CreationTime: 6/6/2026 6:32:24 AM, LastAccessTime: 6/7/2026 2:08:10 PM, LastWriteTime: 6/6/2026 7:26:23 AM, ChangeTime: 6/6/2026 7:26:23 AM, FileAttributes: D, AllocationSize: 8,192, EndOfFile: 8,192","BUFFER OVERFLOW"
"2:08:10.2109350 PM","python.exe","49296","CloseFile","C:\Users\jimpames\Desktop\FESv8-algebraic\migration_toolkit\skeleton_engine","","SUCCESS"
"2:08:10.2122690 PM","python.exe","49296","CreateFile","C:\Users\jimpames\Desktop\FESv8-algebraic\migration_toolkit\skeleton_engine","Desired Access: Read Attributes, Synchronize, Disposition: Open, Options: Synchronous IO Non-Alert, Attributes: n/a, ShareMode: None, AllocationSize: n/a, OpenResult: Opened","SUCCESS"
"2:08:10.2123039 PM","python.exe","49296","QueryInformationVolume","C:\Users\jimpames\Desktop\FESv8-algebraic\migration_toolkit\skeleton_engine","VolumeCreationTime: 5/30/2024 3:01:34 PM, VolumeSerialNumber: 66CA-DF9F, SupportsObjects: True, VolumeLabel: Winፐ","BUFFER OVERFLOW"
"2:08:10.2123188 PM","python.exe","49296","QueryAllInformationFile","C:\Users\jimpames\Desktop\FESv8-algebraic\migration_toolkit\skeleton_engine","CreationTime: 6/6/2026 6:32:24 AM, LastAccessTime: 6/7/2026 2:08:10 PM, LastWriteTime: 6/6/2026 7:26:23 AM, ChangeTime: 6/6/2026 7:26:23 AM, FileAttributes: D, AllocationSize: 8,192, EndOfFile: 8,192","BUFFER OVERFLOW"
"2:08:10.2123336 PM","python.exe","49296","CloseFile","C:\Users\jimpames\Desktop\FESv8-algebraic\migration_toolkit\skeleton_engine","","SUCCESS"
"2:08:10.2136759 PM","python.exe","49296","CreateFile","C:\Users\jimpames\Desktop\FESv8-algebraic\migration_toolkit\skeleton_engine","Desired Access: Read Attributes, Synchronize, Disposition: Open, Options: Synchronous IO Non-Alert, Attributes: n/a, ShareMode: None, AllocationSize: n/a, OpenResult: Opened","SUCCESS"
"2:08:10.2137008 PM","python.exe","49296","QueryInformationVolume","C:\Users\jimpames\Desktop\FESv8-algebraic\migration_toolkit\skeleton_engine","VolumeCreationTime: 5/30/2024 3:01:34 PM, VolumeSerialNumber: 66CA-DF9F, SupportsObjects: True, VolumeLabel: Winხ","BUFFER OVERFLOW"
"2:08:10.2137133 PM","python.exe","49296","QueryAllInformationFile","C:\Users\jimpames\Desktop\FESv8-algebraic\migration_toolkit\skeleton_engine","CreationTime: 6/6/2026 6:32:24 AM, LastAccessTime: 6/7/2026 2:08:10 PM, LastWriteTime: 6/6/2026 7:26:23 AM, ChangeTime: 6/6/2026 7:26:23 AM, FileAttributes: D, AllocationSize: 8,192, EndOfFile: 8,192","BUFFER OVERFLOW"
"2:08:10.2137339 PM","python.exe","49296","CloseFile","C:\Users\jimpames\Desktop\FESv8-algebraic\migration_toolkit\skeleton_engine","","SUCCESS"
"2:08:10.2145483 PM","python.exe","49296","CreateFile","C:\Users\jimpames\Desktop\FESv8-algebraic\migration_toolkit\skeleton_engine","Desired Access: Read Attributes, Synchronize, Disposition: Open, Options: Synchronous IO Non-Alert, Attributes: n/a, ShareMode: None, AllocationSize: n/a, OpenResult: Opened","SUCCESS"
"2:08:10.2145660 PM","python.exe","49296","QueryInformationVolume","C:\Users\jimpames\Desktop\FESv8-algebraic\migration_toolkit\skeleton_engine","VolumeCreationTime: 5/30/2024 3:01:34 PM, VolumeSerialNumber: 66CA-DF9F, SupportsObjects: True, VolumeLabel: Winፐ","BUFFER OVERFLOW"
"2:08:10.2145791 PM","python.exe","49296","QueryAllInformationFile","C:\Users\jimpames\Desktop\FESv8-algebraic\migration_toolkit\skeleton_engine","CreationTime: 6/6/2026 6:32:24 AM, LastAccessTime: 6/7/2026 2:08:10 PM, LastWriteTime: 6/6/2026 7:26:23 AM, ChangeTime: 6/6/2026 7:26:23 AM, FileAttributes: D, AllocationSize: 8,192, EndOfFile: 8,192","BUFFER OVERFLOW"
"2:08:10.2145905 PM","python.exe","49296","CloseFile","C:\Users\jimpames\Desktop\FESv8-algebraic\migration_toolkit\skeleton_engine","","SUCCESS"
"2:08:10.2160578 PM","python.exe","49296","CreateFile","C:\Users\jimpames\Desktop\FESv8-algebraic\migration_toolkit\skeleton_engine","Desired Access: Read Attributes, Synchronize, Disposition: Open, Options: Synchronous IO Non-Alert, Attributes: n/a, ShareMode: None, AllocationSize: n/a, OpenResult: Opened","SUCCESS"
"2:08:10.2160806 PM","python.exe","49296","QueryInformationVolume","C:\Users\jimpames\Desktop\FESv8-algebraic\migration_toolkit\skeleton_engine","VolumeCreationTime: 5/30/2024 3:01:34 PM, VolumeSerialNumber: 66CA-DF9F, SupportsObjects: True, VolumeLabel: Winხ","BUFFER OVERFLOW"
"2:08:10.2160907 PM","python.exe","49296","QueryAllInformationFile","C:\Users\jimpames\Desktop\FESv8-algebraic\migration_toolkit\skeleton_engine","CreationTime: 6/6/2026 6:32:24 AM, LastAccessTime: 6/7/2026 2:08:10 PM, LastWriteTime: 6/6/2026 7:26:23 AM, ChangeTime: 6/6/2026 7:26:23 AM, FileAttributes: D, AllocationSize: 8,192, EndOfFile: 8,192","BUFFER OVERFLOW"
"2:08:10.2161076 PM","python.exe","49296","CloseFile","C:\Users\jimpames\Desktop\FESv8-algebraic\migration_toolkit\skeleton_engine","","SUCCESS"
"2:08:10.2178579 PM","python.exe","49296","CreateFile","C:\Users\jimpames\Desktop\FESv8-algebraic\migration_toolkit\skeleton_engine","Desired Access: Read Attributes, Synchronize, Disposition: Open, Options: Synchronous IO Non-Alert, Attributes: n/a, ShareMode: None, AllocationSize: n/a, OpenResult: Opened","SUCCESS"
"2:08:10.2178820 PM","python.exe","49296","QueryInformationVolume","C:\Users\jimpames\Desktop\FESv8-algebraic\migration_toolkit\skeleton_engine","VolumeCreationTime: 5/30/2024 3:01:34 PM, VolumeSerialNumber: 66CA-DF9F, SupportsObjects: True, VolumeLabel: Winፐ","BUFFER OVERFLOW"
"2:08:10.2178923 PM","python.exe","49296","QueryAllInformationFile","C:\Users\jimpames\Desktop\FESv8-algebraic\migration_toolkit\skeleton_engine","CreationTime: 6/6/2026 6:32:24 AM, LastAccessTime: 6/7/2026 2:08:10 PM, LastWriteTime: 6/6/2026 7:26:23 AM, ChangeTime: 6/6/2026 7:26:23 AM, FileAttributes: D, AllocationSize: 8,192, EndOfFile: 8,192","BUFFER OVERFLOW"
"2:08:10.2179029 PM","python.exe","49296","CloseFile","C:\Users\jimpames\Desktop\FESv8-algebraic\migration_toolkit\skeleton_engine","","SUCCESS"
"2:08:10.2190864 PM","python.exe","49296","CreateFile","C:\Users\jimpames\Desktop\FESv8-algebraic\migration_toolkit\skeleton_engine","Desired Access: Read Attributes, Synchronize, Disposition: Open, Options: Synchronous IO Non-Alert, Attributes: n/a, ShareMode: None, AllocationSize: n/a, OpenResult: Opened","SUCCESS"
"2:08:10.2191107 PM","python.exe","49296","QueryInformationVolume","C:\Users\jimpames\Desktop\FESv8-algebraic\migration_toolkit\skeleton_engine","VolumeCreationTime: 5/30/2024 3:01:34 PM, VolumeSerialNumber: 66CA-DF9F, SupportsObjects: True, VolumeLabel: Winፐ","BUFFER OVERFLOW"
"2:08:10.2191217 PM","python.exe","49296","QueryAllInformationFile","C:\Users\jimpames\Desktop\FESv8-algebraic\migration_toolkit\skeleton_engine","CreationTime: 6/6/2026 6:32:24 AM, LastAccessTime: 6/7/2026 2:08:10 PM, LastWriteTime: 6/6/2026 7:26:23 AM, ChangeTime: 6/6/2026 7:26:23 AM, FileAttributes: D, AllocationSize: 8,192, EndOfFile: 8,192","BUFFER OVERFLOW"
"2:08:10.2191331 PM","python.exe","49296","CloseFile","C:\Users\jimpames\Desktop\FESv8-algebraic\migration_toolkit\skeleton_engine","","SUCCESS"
"2:08:10.2201541 PM","python.exe","49296","CreateFile","C:\Users\jimpames\Desktop\FESv8-algebraic\migration_toolkit\skeleton_engine","Desired Access: Read Attributes, Synchronize, Disposition: Open, Options: Synchronous IO Non-Alert, Attributes: n/a, ShareMode: None, AllocationSize: n/a, OpenResult: Opened","SUCCESS"
"2:08:10.2201762 PM","python.exe","49296","QueryInformationVolume","C:\Users\jimpames\Desktop\FESv8-algebraic\migration_toolkit\skeleton_engine","VolumeCreationTime: 5/30/2024 3:01:34 PM, VolumeSerialNumber: 66CA-DF9F, SupportsObjects: True, VolumeLabel: Winፐ","BUFFER OVERFLOW"
"2:08:10.2201871 PM","python.exe","49296","QueryAllInformationFile","C:\Users\jimpames\Desktop\FESv8-algebraic\migration_toolkit\skeleton_engine","CreationTime: 6/6/2026 6:32:24 AM, LastAccessTime: 6/7/2026 2:08:10 PM, LastWriteTime: 6/6/2026 7:26:23 AM, ChangeTime: 6/6/2026 7:26:23 AM, FileAttributes: D, AllocationSize: 8,192, EndOfFile: 8,192","BUFFER OVERFLOW"
"2:08:10.2201993 PM","python.exe","49296","CloseFile","C:\Users\jimpames\Desktop\FESv8-algebraic\migration_toolkit\skeleton_engine","","SUCCESS"
"2:08:10.2213524 PM","python.exe","49296","CreateFile","C:\Users\jimpames\Desktop\FESv8-algebraic\migration_toolkit\skeleton_engine","Desired Access: Read Attributes, Synchronize, Disposition: Open, Options: Synchronous IO Non-Alert, Attributes: n/a, ShareMode: None, AllocationSize: n/a, OpenResult: Opened","SUCCESS"
"2:08:10.2213752 PM","python.exe","49296","QueryInformationVolume","C:\Users\jimpames\Desktop\FESv8-algebraic\migration_toolkit\skeleton_engine","VolumeCreationTime: 5/30/2024 3:01:34 PM, VolumeSerialNumber: 66CA-DF9F, SupportsObjects: True, VolumeLabel: Winፐ","BUFFER OVERFLOW"
"2:08:10.2213868 PM","python.exe","49296","QueryAllInformationFile","C:\Users\jimpames\Desktop\FESv8-algebraic\migration_toolkit\skeleton_engine","CreationTime: 6/6/2026 6:32:24 AM, LastAccessTime: 6/7/2026 2:08:10 PM, LastWriteTime: 6/6/2026 7:26:23 AM, ChangeTime: 6/6/2026 7:26:23 AM, FileAttributes: D, AllocationSize: 8,192, EndOfFile: 8,192","BUFFER OVERFLOW"
"2:08:10.2213995 PM","python.exe","49296","CloseFile","C:\Users\jimpames\Desktop\FESv8-algebraic\migration_toolkit\skeleton_engine","","SUCCESS"
"2:08:10.2225940 PM","python.exe","49296","CreateFile","C:\Users\jimpames\Desktop\FESv8-algebraic\migration_toolkit\skeleton_engine","Desired Access: Read Attributes, Synchronize, Disposition: Open, Options: Synchronous IO Non-Alert, Attributes: n/a, ShareMode: None, AllocationSize: n/a, OpenResult: Opened","SUCCESS"
"2:08:10.2226132 PM","python.exe","49296","QueryInformationVolume","C:\Users\jimpames\Desktop\FESv8-algebraic\migration_toolkit\skeleton_engine","VolumeCreationTime: 5/30/2024 3:01:34 PM, VolumeSerialNumber: 66CA-DF9F, SupportsObjects: True, VolumeLabel: Winხ","BUFFER OVERFLOW"
"2:08:10.2226234 PM","python.exe","49296","QueryAllInformationFile","C:\Users\jimpames\Desktop\FESv8-algebraic\migration_toolkit\skeleton_engine","CreationTime: 6/6/2026 6:32:24 AM, LastAccessTime: 6/7/2026 2:08:10 PM, LastWriteTime: 6/6/2026 7:26:23 AM, ChangeTime: 6/6/2026 7:26:23 AM, FileAttributes: D, AllocationSize: 8,192, EndOfFile: 8,192","BUFFER OVERFLOW"
"2:08:10.2226343 PM","python.exe","49296","CloseFile","C:\Users\jimpames\Desktop\FESv8-algebraic\migration_toolkit\skeleton_engine","","SUCCESS"
"2:08:10.2236911 PM","python.exe","49296","CreateFile","C:\Users\jimpames\Desktop\FESv8-algebraic\migration_toolkit\skeleton_engine","Desired Access: Read Attributes, Synchronize, Disposition: Open, Options: Synchronous IO Non-Alert, Attributes: n/a, ShareMode: None, AllocationSize: n/a, OpenResult: Opened","SUCCESS"
"2:08:10.2237129 PM","python.exe","49296","QueryInformationVolume","C:\Users\jimpames\Desktop\FESv8-algebraic\migration_toolkit\skeleton_engine","VolumeCreationTime: 5/30/2024 3:01:34 PM, VolumeSerialNumber: 66CA-DF9F, SupportsObjects: True, VolumeLabel: Winხ","BUFFER OVERFLOW"
"2:08:10.2237241 PM","python.exe","49296","QueryAllInformationFile","C:\Users\jimpames\Desktop\FESv8-algebraic\migration_toolkit\skeleton_engine","CreationTime: 6/6/2026 6:32:24 AM, LastAccessTime: 6/7/2026 2:08:10 PM, LastWriteTime: 6/6/2026 7:26:23 AM, ChangeTime: 6/6/2026 7:26:23 AM, FileAttributes: D, AllocationSize: 8,192, EndOfFile: 8,192","BUFFER OVERFLOW"
"2:08:10.2237363 PM","python.exe","49296","CloseFile","C:\Users\jimpames\Desktop\FESv8-algebraic\migration_toolkit\skeleton_engine","","SUCCESS"
"2:08:10.2664940 PM","python.exe","49296","CloseFile","C:\Users\jimpames\Desktop\FESv8-algebraic\migration_toolkit","","SUCCESS"
"2:08:10.2689044 PM","python.exe","81864","CloseFile","C:\Users\jimpames\Desktop\FESv8-algebraic\migration_toolkit","","SUCCESS"
"2:08:10.2709702 PM","python.exe","35508","CreateFile","C:\Users\jimpames\Desktop\FESv8-algebraic\migration_toolkit","Desired Access: Read Attributes, Disposition: Open, Options: Open Reparse Point, Attributes: n/a, ShareMode: Read, Write, Delete, AllocationSize: n/a, OpenResult: Opened","SUCCESS"
"2:08:10.2709897 PM","python.exe","35508","QueryBasicInformationFile","C:\Users\jimpames\Desktop\FESv8-algebraic\migration_toolkit","CreationTime: 6/6/2026 6:32:22 AM, LastAccessTime: 6/7/2026 2:08:10 PM, LastWriteTime: 6/6/2026 7:26:22 AM, ChangeTime: 6/6/2026 7:26:22 AM, FileAttributes: D","SUCCESS"
"2:08:10.2709965 PM","python.exe","35508","CloseFile","C:\Users\jimpames\Desktop\FESv8-algebraic\migration_toolkit","","SUCCESS"
"2:08:10.2785609 PM","python.exe","77536","CreateFile","C:\Users\jimpames\Desktop\FESv8-algebraic\migration_toolkit","Desired Access: Execute/Traverse, Synchronize, Disposition: Open, Options: Directory, Synchronous IO Non-Alert, Attributes: n/a, ShareMode: Read, Write, AllocationSize: n/a, OpenResult: Opened","SUCCESS"
"2:08:10.2899381 PM","python.exe","56596","CreateFile","C:\Users\jimpames\Desktop\FESv8-algebraic\migration_toolkit","Desired Access: Execute/Traverse, Synchronize, Disposition: Open, Options: Directory, Synchronous IO Non-Alert, Attributes: n/a, ShareMode: Read, Write, AllocationSize: n/a, OpenResult: Opened","SUCCESS"
"2:08:10.3317621 PM","python.exe","56596","CreateFile","C:\Users\jimpames\Desktop\FESv8-algebraic\migration_toolkit\skeleton_engine","Desired Access: Read Attributes, Synchronize, Disposition: Open, Options: Synchronous IO Non-Alert, Attributes: n/a, ShareMode: None, AllocationSize: n/a, OpenResult: Opened","SUCCESS"
"2:08:10.3317847 PM","python.exe","56596","QueryInformationVolume","C:\Users\jimpames\Desktop\FESv8-algebraic\migration_toolkit\skeleton_engine","VolumeCreationTime: 5/30/2024 3:01:34 PM, VolumeSerialNumber: 66CA-DF9F, SupportsObjects: True, VolumeLabel: Winፒ","BUFFER OVERFLOW"
"2:08:10.3317950 PM","python.exe","56596","QueryAllInformationFile","C:\Users\jimpames\Desktop\FESv8-algebraic\migration_toolkit\skeleton_engine","CreationTime: 6/6/2026 6:32:24 AM, LastAccessTime: 6/7/2026 2:08:10 PM, LastWriteTime: 6/6/2026 7:26:23 AM, ChangeTime: 6/6/2026 7:26:23 AM, FileAttributes: D, AllocationSize: 8,192, EndOfFile: 8,192","BUFFER OVERFLOW"
"2:08:10.3318090 PM","python.exe","56596","CloseFile","C:\Users\jimpames\Desktop\FESv8-algebraic\migration_toolkit\skeleton_engine","","SUCCESS"
"2:08:10.3318908 PM","python.exe","56596","CreateFile","C:\Users\jimpames\Desktop\FESv8-algebraic\migration_toolkit\skeleton_engine","Desired Access: Read Attributes, Synchronize, Disposition: Open, Options: Synchronous IO Non-Alert, Attributes: n/a, ShareMode: None, AllocationSize: n/a, OpenResult: Opened","SUCCESS"
"2:08:10.3319070 PM","python.exe","56596","QueryInformationVolume","C:\Users\jimpames\Desktop\FESv8-algebraic\migration_toolkit\skeleton_engine","VolumeCreationTime: 5/30/2024 3:01:34 PM, VolumeSerialNumber: 66CA-DF9F, SupportsObjects: True, VolumeLabel: Winხ","BUFFER OVERFLOW"
"2:08:10.3319152 PM","python.exe","56596","QueryAllInformationFile","C:\Users\jimpames\Desktop\FESv8-algebraic\migration_toolkit\skeleton_engine","CreationTime: 6/6/2026 6:32:24 AM, LastAccessTime: 6/7/2026 2:08:10 PM, LastWriteTime: 6/6/2026 7:26:23 AM, ChangeTime: 6/6/2026 7:26:23 AM, FileAttributes: D, AllocationSize: 8,192, EndOfFile: 8,192","BUFFER OVERFLOW"
"2:08:10.3319265 PM","python.exe","56596","CloseFile","C:\Users\jimpames\Desktop\FESv8-algebraic\migration_toolkit\skeleton_engine","","SUCCESS"
"2:08:10.3320101 PM","python.exe","56596","CreateFile","C:\Users\jimpames\Desktop\FESv8-algebraic\migration_toolkit\skeleton_engine","Desired Access: Read Attributes, Synchronize, Disposition: Open, Options: Synchronous IO Non-Alert, Attributes: n/a, ShareMode: None, AllocationSize: n/a, OpenResult: Opened","SUCCESS"
"2:08:10.3320240 PM","python.exe","56596","QueryInformationVolume","C:\Users\jimpames\Desktop\FESv8-algebraic\migration_toolkit\skeleton_engine","VolumeCreationTime: 5/30/2024 3:01:34 PM, VolumeSerialNumber: 66CA-DF9F, SupportsObjects: True, VolumeLabel: Winፒ","BUFFER OVERFLOW"
"2:08:10.3320308 PM","python.exe","56596","QueryAllInformationFile","C:\Users\jimpames\Desktop\FESv8-algebraic\migration_toolkit\skeleton_engine","CreationTime: 6/6/2026 6:32:24 AM, LastAccessTime: 6/7/2026 2:08:10 PM, LastWriteTime: 6/6/2026 7:26:23 AM, ChangeTime: 6/6/2026 7:26:23 AM, FileAttributes: D, AllocationSize: 8,192, EndOfFile: 8,192","BUFFER OVERFLOW"
"2:08:10.3320387 PM","python.exe","56596","CloseFile","C:\Users\jimpames\Desktop\FESv8-algebraic\migration_toolkit\skeleton_engine","","SUCCESS"
"2:08:10.3321107 PM","python.exe","56596","CreateFile","C:\Users\jimpames\Desktop\FESv8-algebraic\migration_toolkit\skeleton_engine","Desired Access: Read Data/List Directory, Synchronize, Disposition: Open, Options: Directory, Synchronous IO Non-Alert, Attributes: n/a, ShareMode: Read, Write, Delete, AllocationSize: n/a, OpenResult: Opened","SUCCESS"
"2:08:10.3321933 PM","python.exe","56596","QueryDirectory","C:\Users\jimpames\Desktop\FESv8-algebraic\migration_toolkit\skeleton_engine","FileInformationClass: FileBothDirectoryInformation, 1: .., 2: build_pipeline.py, 3: customer_fidelity_validator.py, 4: immutables_classifier.py, 5: immutables_validator.py, 6: jpa_scrubber.py","SUCCESS"
"2:08:10.3322192 PM","python.exe","56596","QueryDirectory","C:\Users\jimpames\Desktop\FESv8-algebraic\migration_toolkit\skeleton_engine","FileInformationClass: FileBothDirectoryInformation","NO MORE FILES"
"2:08:10.3322276 PM","python.exe","56596","CloseFile","C:\Users\jimpames\Desktop\FESv8-algebraic\migration_toolkit\skeleton_engine","","SUCCESS"
"2:08:10.3335422 PM","python.exe","56596","CreateFile","C:\Users\jimpames\Desktop\FESv8-algebraic\migration_toolkit\skeleton_engine","Desired Access: Read Attributes, Synchronize, Disposition: Open, Options: Synchronous IO Non-Alert, Attributes: n/a, ShareMode: None, AllocationSize: n/a, OpenResult: Opened","SUCCESS"
"2:08:10.3335609 PM","python.exe","56596","QueryInformationVolume","C:\Users\jimpames\Desktop\FESv8-algebraic\migration_toolkit\skeleton_engine","VolumeCreationTime: 5/30/2024 3:01:34 PM, VolumeSerialNumber: 66CA-DF9F, SupportsObjects: True, VolumeLabel: Winፒ","BUFFER OVERFLOW"
"2:08:10.3335682 PM","python.exe","56596","QueryAllInformationFile","C:\Users\jimpames\Desktop\FESv8-algebraic\migration_toolkit\skeleton_engine","CreationTime: 6/6/2026 6:32:24 AM, LastAccessTime: 6/7/2026 2:08:10 PM, LastWriteTime: 6/6/2026 7:26:23 AM, ChangeTime: 6/6/2026 7:26:23 AM, FileAttributes: D, AllocationSize: 8,192, EndOfFile: 8,192","BUFFER OVERFLOW"
"2:08:10.3335772 PM","python.exe","56596","CloseFile","C:\Users\jimpames\Desktop\FESv8-algebraic\migration_toolkit\skeleton_engine","","SUCCESS"
"2:08:10.3347338 PM","python.exe","56596","CreateFile","C:\Users\jimpames\Desktop\FESv8-algebraic\migration_toolkit\skeleton_engine","Desired Access: Read Attributes, Synchronize, Disposition: Open, Options: Synchronous IO Non-Alert, Attributes: n/a, ShareMode: None, AllocationSize: n/a, OpenResult: Opened","SUCCESS"
"2:08:10.3347558 PM","python.exe","56596","QueryInformationVolume","C:\Users\jimpames\Desktop\FESv8-algebraic\migration_toolkit\skeleton_engine","VolumeCreationTime: 5/30/2024 3:01:34 PM, VolumeSerialNumber: 66CA-DF9F, SupportsObjects: True, VolumeLabel: Winხ","BUFFER OVERFLOW"
"2:08:10.3347656 PM","python.exe","56596","QueryAllInformationFile","C:\Users\jimpames\Desktop\FESv8-algebraic\migration_toolkit\skeleton_engine","CreationTime: 6/6/2026 6:32:24 AM, LastAccessTime: 6/7/2026 2:08:10 PM, LastWriteTime: 6/6/2026 7:26:23 AM, ChangeTime: 6/6/2026 7:26:23 AM, FileAttributes: D, AllocationSize: 8,192, EndOfFile: 8,192","BUFFER OVERFLOW"
"2:08:10.3347765 PM","python.exe","56596","CloseFile","C:\Users\jimpames\Desktop\FESv8-algebraic\migration_toolkit\skeleton_engine","","SUCCESS"
"2:08:10.3358656 PM","python.exe","56596","CreateFile","C:\Users\jimpames\Desktop\FESv8-algebraic\migration_toolkit\skeleton_engine","Desired Access: Read Attributes, Synchronize, Disposition: Open, Options: Synchronous IO Non-Alert, Attributes: n/a, ShareMode: None, AllocationSize: n/a, OpenResult: Opened","SUCCESS"
"2:08:10.3358953 PM","python.exe","56596","QueryInformationVolume","C:\Users\jimpames\Desktop\FESv8-algebraic\migration_toolkit\skeleton_engine","VolumeCreationTime: 5/30/2024 3:01:34 PM, VolumeSerialNumber: 66CA-DF9F, SupportsObjects: True, VolumeLabel: Winፒ","BUFFER OVERFLOW"
"2:08:10.3359102 PM","python.exe","56596","QueryAllInformationFile","C:\Users\jimpames\Desktop\FESv8-algebraic\migration_toolkit\skeleton_engine","CreationTime: 6/6/2026 6:32:24 AM, LastAccessTime: 6/7/2026 2:08:10 PM, LastWriteTime: 6/6/2026 7:26:23 AM, ChangeTime: 6/6/2026 7:26:23 AM, FileAttributes: D, AllocationSize: 8,192, EndOfFile: 8,192","BUFFER OVERFLOW"
"2:08:10.3359222 PM","python.exe","56596","CloseFile","C:\Users\jimpames\Desktop\FESv8-algebraic\migration_toolkit\skeleton_engine","","SUCCESS"
"2:08:10.3370440 PM","python.exe","56596","CreateFile","C:\Users\jimpames\Desktop\FESv8-algebraic\migration_toolkit\skeleton_engine","Desired Access: Read Attributes, Synchronize, Disposition: Open, Options: Synchronous IO Non-Alert, Attributes: n/a, ShareMode: None, AllocationSize: n/a, OpenResult: Opened","SUCCESS"
"2:08:10.3370669 PM","python.exe","56596","QueryInformationVolume","C:\Users\jimpames\Desktop\FESv8-algebraic\migration_toolkit\skeleton_engine","VolumeCreationTime: 5/30/2024 3:01:34 PM, VolumeSerialNumber: 66CA-DF9F, SupportsObjects: True, VolumeLabel: Winፒ","BUFFER OVERFLOW"
"2:08:10.3370780 PM","python.exe","56596","QueryAllInformationFile","C:\Users\jimpames\Desktop\FESv8-algebraic\migration_toolkit\skeleton_engine","CreationTime: 6/6/2026 6:32:24 AM, LastAccessTime: 6/7/2026 2:08:10 PM, LastWriteTime: 6/6/2026 7:26:23 AM, ChangeTime: 6/6/2026 7:26:23 AM, FileAttributes: D, AllocationSize: 8,192, EndOfFile: 8,192","BUFFER OVERFLOW"
"2:08:10.3370903 PM","python.exe","56596","CloseFile","C:\Users\jimpames\Desktop\FESv8-algebraic\migration_toolkit\skeleton_engine","","SUCCESS"
"2:08:10.3385822 PM","python.exe","56596","CreateFile","C:\Users\jimpames\Desktop\FESv8-algebraic\migration_toolkit\skeleton_engine","Desired Access: Read Attributes, Synchronize, Disposition: Open, Options: Synchronous IO Non-Alert, Attributes: n/a, ShareMode: None, AllocationSize: n/a, OpenResult: Opened","SUCCESS"
"2:08:10.3386050 PM","python.exe","56596","QueryInformationVolume","C:\Users\jimpames\Desktop\FESv8-algebraic\migration_toolkit\skeleton_engine","VolumeCreationTime: 5/30/2024 3:01:34 PM, VolumeSerialNumber: 66CA-DF9F, SupportsObjects: True, VolumeLabel: Winፒ","BUFFER OVERFLOW"
"2:08:10.3386159 PM","python.exe","56596","QueryAllInformationFile","C:\Users\jimpames\Desktop\FESv8-algebraic\migration_toolkit\skeleton_engine","CreationTime: 6/6/2026 6:32:24 AM, LastAccessTime: 6/7/2026 2:08:10 PM, LastWriteTime: 6/6/2026 7:26:23 AM, ChangeTime: 6/6/2026 7:26:23 AM, FileAttributes: D, AllocationSize: 8,192, EndOfFile: 8,192","BUFFER OVERFLOW"
"2:08:10.3386272 PM","python.exe","56596","CloseFile","C:\Users\jimpames\Desktop\FESv8-algebraic\migration_toolkit\skeleton_engine","","SUCCESS"
"2:08:10.3396913 PM","python.exe","56596","CreateFile","C:\Users\jimpames\Desktop\FESv8-algebraic\migration_toolkit\skeleton_engine","Desired Access: Read Attributes, Synchronize, Disposition: Open, Options: Synchronous IO Non-Alert, Attributes: n/a, ShareMode: None, AllocationSize: n/a, OpenResult: Opened","SUCCESS"
"2:08:10.3397187 PM","python.exe","56596","QueryInformationVolume","C:\Users\jimpames\Desktop\FESv8-algebraic\migration_toolkit\skeleton_engine","VolumeCreationTime: 5/30/2024 3:01:34 PM, VolumeSerialNumber: 66CA-DF9F, SupportsObjects: True, VolumeLabel: Winፒ","BUFFER OVERFLOW"
"2:08:10.3397353 PM","python.exe","56596","QueryAllInformationFile","C:\Users\jimpames\Desktop\FESv8-algebraic\migration_toolkit\skeleton_engine","CreationTime: 6/6/2026 6:32:24 AM, LastAccessTime: 6/7/2026 2:08:10 PM, LastWriteTime: 6/6/2026 7:26:23 AM, ChangeTime: 6/6/2026 7:26:23 AM, FileAttributes: D, AllocationSize: 8,192, EndOfFile: 8,192","BUFFER OVERFLOW"
"2:08:10.3397519 PM","python.exe","56596","CloseFile","C:\Users\jimpames\Desktop\FESv8-algebraic\migration_toolkit\skeleton_engine","","SUCCESS"
"2:08:10.3413637 PM","python.exe","56596","CreateFile","C:\Users\jimpames\Desktop\FESv8-algebraic\migration_toolkit\skeleton_engine","Desired Access: Read Attributes, Synchronize, Disposition: Open, Options: Synchronous IO Non-Alert, Attributes: n/a, ShareMode: None, AllocationSize: n/a, OpenResult: Opened","SUCCESS"
"2:08:10.3413906 PM","python.exe","56596","QueryInformationVolume","C:\Users\jimpames\Desktop\FESv8-algebraic\migration_toolkit\skeleton_engine","VolumeCreationTime: 5/30/2024 3:01:34 PM, VolumeSerialNumber: 66CA-DF9F, SupportsObjects: True, VolumeLabel: Winፒ","BUFFER OVERFLOW"
"2:08:10.3414051 PM","python.exe","56596","QueryAllInformationFile","C:\Users\jimpames\Desktop\FESv8-algebraic\migration_toolkit\skeleton_engine","CreationTime: 6/6/2026 6:32:24 AM, LastAccessTime: 6/7/2026 2:08:10 PM, LastWriteTime: 6/6/2026 7:26:23 AM, ChangeTime: 6/6/2026 7:26:23 AM, FileAttributes: D, AllocationSize: 8,192, EndOfFile: 8,192","BUFFER OVERFLOW"
"2:08:10.3414200 PM","python.exe","56596","CloseFile","C:\Users\jimpames\Desktop\FESv8-algebraic\migration_toolkit\skeleton_engine","","SUCCESS"
"2:08:10.3427734 PM","python.exe","56596","CreateFile","C:\Users\jimpames\Desktop\FESv8-algebraic\migration_toolkit\skeleton_engine","Desired Access: Read Attributes, Synchronize, Disposition: Open, Options: Synchronous IO Non-Alert, Attributes: n/a, ShareMode: None, AllocationSize: n/a, OpenResult: Opened","SUCCESS"
"2:08:10.3427980 PM","python.exe","56596","QueryInformationVolume","C:\Users\jimpames\Desktop\FESv8-algebraic\migration_toolkit\skeleton_engine","VolumeCreationTime: 5/30/2024 3:01:34 PM, VolumeSerialNumber: 66CA-DF9F, SupportsObjects: True, VolumeLabel: Winხ","BUFFER OVERFLOW"
"2:08:10.3428099 PM","python.exe","56596","QueryAllInformationFile","C:\Users\jimpames\Desktop\FESv8-algebraic\migration_toolkit\skeleton_engine","CreationTime: 6/6/2026 6:32:24 AM, LastAccessTime: 6/7/2026 2:08:10 PM, LastWriteTime: 6/6/2026 7:26:23 AM, ChangeTime: 6/6/2026 7:26:23 AM, FileAttributes: D, AllocationSize: 8,192, EndOfFile: 8,192","BUFFER OVERFLOW"
"2:08:10.3428220 PM","python.exe","56596","CloseFile","C:\Users\jimpames\Desktop\FESv8-algebraic\migration_toolkit\skeleton_engine","","SUCCESS"
"2:08:10.3438978 PM","python.exe","56596","CreateFile","C:\Users\jimpames\Desktop\FESv8-algebraic\migration_toolkit\skeleton_engine","Desired Access: Read Attributes, Synchronize, Disposition: Open, Options: Synchronous IO Non-Alert, Attributes: n/a, ShareMode: None, AllocationSize: n/a, OpenResult: Opened","SUCCESS"
"2:08:10.3439259 PM","python.exe","56596","QueryInformationVolume","C:\Users\jimpames\Desktop\FESv8-algebraic\migration_toolkit\skeleton_engine","VolumeCreationTime: 5/30/2024 3:01:34 PM, VolumeSerialNumber: 66CA-DF9F, SupportsObjects: True, VolumeLabel: Winፒ","BUFFER OVERFLOW"
"2:08:10.3439406 PM","python.exe","56596","QueryAllInformationFile","C:\Users\jimpames\Desktop\FESv8-algebraic\migration_toolkit\skeleton_engine","CreationTime: 6/6/2026 6:32:24 AM, LastAccessTime: 6/7/2026 2:08:10 PM, LastWriteTime: 6/6/2026 7:26:23 AM, ChangeTime: 6/6/2026 7:26:23 AM, FileAttributes: D, AllocationSize: 8,192, EndOfFile: 8,192","BUFFER OVERFLOW"
"2:08:10.3439534 PM","python.exe","56596","CloseFile","C:\Users\jimpames\Desktop\FESv8-algebraic\migration_toolkit\skeleton_engine","","SUCCESS"
"2:08:10.3455238 PM","python.exe","56596","CreateFile","C:\Users\jimpames\Desktop\FESv8-algebraic\migration_toolkit\skeleton_engine","Desired Access: Read Attributes, Synchronize, Disposition: Open, Options: Synchronous IO Non-Alert, Attributes: n/a, ShareMode: None, AllocationSize: n/a, OpenResult: Opened","SUCCESS"
"2:08:10.3455515 PM","python.exe","56596","QueryInformationVolume","C:\Users\jimpames\Desktop\FESv8-algebraic\migration_toolkit\skeleton_engine","VolumeCreationTime: 5/30/2024 3:01:34 PM, VolumeSerialNumber: 66CA-DF9F, SupportsObjects: True, VolumeLabel: Winፒ","BUFFER OVERFLOW"
"2:08:10.3455657 PM","python.exe","56596","QueryAllInformationFile","C:\Users\jimpames\Desktop\FESv8-algebraic\migration_toolkit\skeleton_engine","CreationTime: 6/6/2026 6:32:24 AM, LastAccessTime: 6/7/2026 2:08:10 PM, LastWriteTime: 6/6/2026 7:26:23 AM, ChangeTime: 6/6/2026 7:26:23 AM, FileAttributes: D, AllocationSize: 8,192, EndOfFile: 8,192","BUFFER OVERFLOW"
"2:08:10.3455807 PM","python.exe","56596","CloseFile","C:\Users\jimpames\Desktop\FESv8-algebraic\migration_toolkit\skeleton_engine","","SUCCESS"
"2:08:10.3467207 PM","python.exe","56596","CreateFile","C:\Users\jimpames\Desktop\FESv8-algebraic\migration_toolkit\skeleton_engine","Desired Access: Read Attributes, Synchronize, Disposition: Open, Options: Synchronous IO Non-Alert, Attributes: n/a, ShareMode: None, AllocationSize: n/a, OpenResult: Opened","SUCCESS"
"2:08:10.3467440 PM","python.exe","56596","QueryInformationVolume","C:\Users\jimpames\Desktop\FESv8-algebraic\migration_toolkit\skeleton_engine","VolumeCreationTime: 5/30/2024 3:01:34 PM, VolumeSerialNumber: 66CA-DF9F, SupportsObjects: True, VolumeLabel: Winხ","BUFFER OVERFLOW"
"2:08:10.3467566 PM","python.exe","56596","QueryAllInformationFile","C:\Users\jimpames\Desktop\FESv8-algebraic\migration_toolkit\skeleton_engine","CreationTime: 6/6/2026 6:32:24 AM, LastAccessTime: 6/7/2026 2:08:10 PM, LastWriteTime: 6/6/2026 7:26:23 AM, ChangeTime: 6/6/2026 7:26:23 AM, FileAttributes: D, AllocationSize: 8,192, EndOfFile: 8,192","BUFFER OVERFLOW"
"2:08:10.3467708 PM","python.exe","56596","CloseFile","C:\Users\jimpames\Desktop\FESv8-algebraic\migration_toolkit\skeleton_engine","","SUCCESS"
"2:08:10.3480504 PM","python.exe","56596","CreateFile","C:\Users\jimpames\Desktop\FESv8-algebraic\migration_toolkit\skeleton_engine","Desired Access: Read Attributes, Synchronize, Disposition: Open, Options: Synchronous IO Non-Alert, Attributes: n/a, ShareMode: None, AllocationSize: n/a, OpenResult: Opened","SUCCESS"
"2:08:10.3480795 PM","python.exe","56596","QueryInformationVolume","C:\Users\jimpames\Desktop\FESv8-algebraic\migration_toolkit\skeleton_engine","VolumeCreationTime: 5/30/2024 3:01:34 PM, VolumeSerialNumber: 66CA-DF9F, SupportsObjects: True, VolumeLabel: Winፒ","BUFFER OVERFLOW"
"2:08:10.3480979 PM","python.exe","56596","QueryAllInformationFile","C:\Users\jimpames\Desktop\FESv8-algebraic\migration_toolkit\skeleton_engine","CreationTime: 6/6/2026 6:32:24 AM, LastAccessTime: 6/7/2026 2:08:10 PM, LastWriteTime: 6/6/2026 7:26:23 AM, ChangeTime: 6/6/2026 7:26:23 AM, FileAttributes: D, AllocationSize: 8,192, EndOfFile: 8,192","BUFFER OVERFLOW"
"2:08:10.3481174 PM","python.exe","56596","CloseFile","C:\Users\jimpames\Desktop\FESv8-algebraic\migration_toolkit\skeleton_engine","","SUCCESS"
"2:08:10.3500743 PM","python.exe","56596","CreateFile","C:\Users\jimpames\Desktop\FESv8-algebraic\migration_toolkit\skeleton_engine","Desired Access: Read Attributes, Synchronize, Disposition: Open, Options: Synchronous IO Non-Alert, Attributes: n/a, ShareMode: None, AllocationSize: n/a, OpenResult: Opened","SUCCESS"
"2:08:10.3501128 PM","python.exe","56596","QueryInformationVolume","C:\Users\jimpames\Desktop\FESv8-algebraic\migration_toolkit\skeleton_engine","VolumeCreationTime: 5/30/2024 3:01:34 PM, VolumeSerialNumber: 66CA-DF9F, SupportsObjects: True, VolumeLabel: Winፒ","BUFFER OVERFLOW"
"2:08:10.3501316 PM","python.exe","56596","QueryAllInformationFile","C:\Users\jimpames\Desktop\FESv8-algebraic\migration_toolkit\skeleton_engine","CreationTime: 6/6/2026 6:32:24 AM, LastAccessTime: 6/7/2026 2:08:10 PM, LastWriteTime: 6/6/2026 7:26:23 AM, ChangeTime: 6/6/2026 7:26:23 AM, FileAttributes: D, AllocationSize: 8,192, EndOfFile: 8,192","BUFFER OVERFLOW"
"2:08:10.3501515 PM","python.exe","56596","CloseFile","C:\Users\jimpames\Desktop\FESv8-algebraic\migration_toolkit\skeleton_engine","","SUCCESS"
"2:08:10.3515231 PM","python.exe","56596","CreateFile","C:\Users\jimpames\Desktop\FESv8-algebraic\migration_toolkit\skeleton_engine","Desired Access: Read Attributes, Synchronize, Disposition: Open, Options: Synchronous IO Non-Alert, Attributes: n/a, ShareMode: None, AllocationSize: n/a, OpenResult: Opened","SUCCESS"
"2:08:10.3515440 PM","python.exe","56596","QueryInformationVolume","C:\Users\jimpames\Desktop\FESv8-algebraic\migration_toolkit\skeleton_engine","VolumeCreationTime: 5/30/2024 3:01:34 PM, VolumeSerialNumber: 66CA-DF9F, SupportsObjects: True, VolumeLabel: Winፒ","BUFFER OVERFLOW"
"2:08:10.3515530 PM","python.exe","56596","QueryAllInformationFile","C:\Users\jimpames\Desktop\FESv8-algebraic\migration_toolkit\skeleton_engine","CreationTime: 6/6/2026 6:32:24 AM, LastAccessTime: 6/7/2026 2:08:10 PM, LastWriteTime: 6/6/2026 7:26:23 AM, ChangeTime: 6/6/2026 7:26:23 AM, FileAttributes: D, AllocationSize: 8,192, EndOfFile: 8,192","BUFFER OVERFLOW"
"2:08:10.3515632 PM","python.exe","56596","CloseFile","C:\Users\jimpames\Desktop\FESv8-algebraic\migration_toolkit\skeleton_engine","","SUCCESS"
"2:08:10.3537939 PM","python.exe","56596","CreateFile","C:\Users\jimpames\Desktop\FESv8-algebraic\migration_toolkit\skeleton_engine","Desired Access: Read Attributes, Synchronize, Disposition: Open, Options: Synchronous IO Non-Alert, Attributes: n/a, ShareMode: None, AllocationSize: n/a, OpenResult: Opened","SUCCESS"
"2:08:10.3538213 PM","python.exe","56596","QueryInformationVolume","C:\Users\jimpames\Desktop\FESv8-algebraic\migration_toolkit\skeleton_engine","VolumeCreationTime: 5/30/2024 3:01:34 PM, VolumeSerialNumber: 66CA-DF9F, SupportsObjects: True, VolumeLabel: Winხ","BUFFER OVERFLOW"
"2:08:10.3538346 PM","python.exe","56596","QueryAllInformationFile","C:\Users\jimpames\Desktop\FESv8-algebraic\migration_toolkit\skeleton_engine","CreationTime: 6/6/2026 6:32:24 AM, LastAccessTime: 6/7/2026 2:08:10 PM, LastWriteTime: 6/6/2026 7:26:23 AM, ChangeTime: 6/6/2026 7:26:23 AM, FileAttributes: D, AllocationSize: 8,192, EndOfFile: 8,192","BUFFER OVERFLOW"
"2:08:10.3538489 PM","python.exe","56596","CloseFile","C:\Users\jimpames\Desktop\FESv8-algebraic\migration_toolkit\skeleton_engine","","SUCCESS"
"2:08:10.3552208 PM","python.exe","56596","CreateFile","C:\Users\jimpames\Desktop\FESv8-algebraic\migration_toolkit\skeleton_engine","Desired Access: Read Attributes, Synchronize, Disposition: Open, Options: Synchronous IO Non-Alert, Attributes: n/a, ShareMode: None, AllocationSize: n/a, OpenResult: Opened","SUCCESS"
"2:08:10.3552534 PM","python.exe","56596","QueryInformationVolume","C:\Users\jimpames\Desktop\FESv8-algebraic\migration_toolkit\skeleton_engine","VolumeCreationTime: 5/30/2024 3:01:34 PM, VolumeSerialNumber: 66CA-DF9F, SupportsObjects: True, VolumeLabel: Winፒ","BUFFER OVERFLOW"
"2:08:10.3552651 PM","python.exe","56596","QueryAllInformationFile","C:\Users\jimpames\Desktop\FESv8-algebraic\migration_toolkit\skeleton_engine","CreationTime: 6/6/2026 6:32:24 AM, LastAccessTime: 6/7/2026 2:08:10 PM, LastWriteTime: 6/6/2026 7:26:23 AM, ChangeTime: 6/6/2026 7:26:23 AM, FileAttributes: D, AllocationSize: 8,192, EndOfFile: 8,192","BUFFER OVERFLOW"
"2:08:10.3552768 PM","python.exe","56596","CloseFile","C:\Users\jimpames\Desktop\FESv8-algebraic\migration_toolkit\skeleton_engine","","SUCCESS"
"2:08:10.3564040 PM","python.exe","56596","CreateFile","C:\Users\jimpames\Desktop\FESv8-algebraic\migration_toolkit\skeleton_engine","Desired Access: Read Attributes, Synchronize, Disposition: Open, Options: Synchronous IO Non-Alert, Attributes: n/a, ShareMode: None, AllocationSize: n/a, OpenResult: Opened","SUCCESS"
"2:08:10.3564244 PM","python.exe","56596","QueryInformationVolume","C:\Users\jimpames\Desktop\FESv8-algebraic\migration_toolkit\skeleton_engine","VolumeCreationTime: 5/30/2024 3:01:34 PM, VolumeSerialNumber: 66CA-DF9F, SupportsObjects: True, VolumeLabel: Winፒ","BUFFER OVERFLOW"
"2:08:10.3564341 PM","python.exe","56596","QueryAllInformationFile","C:\Users\jimpames\Desktop\FESv8-algebraic\migration_toolkit\skeleton_engine","CreationTime: 6/6/2026 6:32:24 AM, LastAccessTime: 6/7/2026 2:08:10 PM, LastWriteTime: 6/6/2026 7:26:23 AM, ChangeTime: 6/6/2026 7:26:23 AM, FileAttributes: D, AllocationSize: 8,192, EndOfFile: 8,192","BUFFER OVERFLOW"
"2:08:10.3564450 PM","python.exe","56596","CloseFile","C:\Users\jimpames\Desktop\FESv8-algebraic\migration_toolkit\skeleton_engine","","SUCCESS"
"2:08:10.3576083 PM","python.exe","56596","CreateFile","C:\Users\jimpames\Desktop\FESv8-algebraic\migration_toolkit\skeleton_engine","Desired Access: Read Attributes, Synchronize, Disposition: Open, Options: Synchronous IO Non-Alert, Attributes: n/a, ShareMode: None, AllocationSize: n/a, OpenResult: Opened","SUCCESS"
"2:08:10.3576271 PM","python.exe","56596","QueryInformationVolume","C:\Users\jimpames\Desktop\FESv8-algebraic\migration_toolkit\skeleton_engine","VolumeCreationTime: 5/30/2024 3:01:34 PM, VolumeSerialNumber: 66CA-DF9F, SupportsObjects: True, VolumeLabel: Winፒ","BUFFER OVERFLOW"
"2:08:10.3576354 PM","python.exe","56596","QueryAllInformationFile","C:\Users\jimpames\Desktop\FESv8-algebraic\migration_toolkit\skeleton_engine","CreationTime: 6/6/2026 6:32:24 AM, LastAccessTime: 6/7/2026 2:08:10 PM, LastWriteTime: 6/6/2026 7:26:23 AM, ChangeTime: 6/6/2026 7:26:23 AM, FileAttributes: D, AllocationSize: 8,192, EndOfFile: 8,192","BUFFER OVERFLOW"
"2:08:10.3576473 PM","python.exe","56596","CloseFile","C:\Users\jimpames\Desktop\FESv8-algebraic\migration_toolkit\skeleton_engine","","SUCCESS"
"2:08:10.3592039 PM","python.exe","56596","CreateFile","C:\Users\jimpames\Desktop\FESv8-algebraic\migration_toolkit\skeleton_engine","Desired Access: Read Attributes, Synchronize, Disposition: Open, Options: Synchronous IO Non-Alert, Attributes: n/a, ShareMode: None, AllocationSize: n/a, OpenResult: Opened","SUCCESS"
"2:08:10.3592338 PM","python.exe","56596","QueryInformationVolume","C:\Users\jimpames\Desktop\FESv8-algebraic\migration_toolkit\skeleton_engine","VolumeCreationTime: 5/30/2024 3:01:34 PM, VolumeSerialNumber: 66CA-DF9F, SupportsObjects: True, VolumeLabel: Winፒ","BUFFER OVERFLOW"
"2:08:10.3592484 PM","python.exe","56596","QueryAllInformationFile","C:\Users\jimpames\Desktop\FESv8-algebraic\migration_toolkit\skeleton_engine","CreationTime: 6/6/2026 6:32:24 AM, LastAccessTime: 6/7/2026 2:08:10 PM, LastWriteTime: 6/6/2026 7:26:23 AM, ChangeTime: 6/6/2026 7:26:23 AM, FileAttributes: D, AllocationSize: 8,192, EndOfFile: 8,192","BUFFER OVERFLOW"
"2:08:10.3592648 PM","python.exe","56596","CloseFile","C:\Users\jimpames\Desktop\FESv8-algebraic\migration_toolkit\skeleton_engine","","SUCCESS"
"2:08:10.3632598 PM","python.exe","56596","CreateFile","C:\Users\jimpames\Desktop\FESv8-algebraic\migration_toolkit\skeleton_engine","Desired Access: Read Attributes, Synchronize, Disposition: Open, Options: Synchronous IO Non-Alert, Attributes: n/a, ShareMode: None, AllocationSize: n/a, OpenResult: Opened","SUCCESS"
"2:08:10.3632868 PM","python.exe","56596","QueryInformationVolume","C:\Users\jimpames\Desktop\FESv8-algebraic\migration_toolkit\skeleton_engine","VolumeCreationTime: 5/30/2024 3:01:34 PM, VolumeSerialNumber: 66CA-DF9F, SupportsObjects: True, VolumeLabel: Winፒ","BUFFER OVERFLOW"
"2:08:10.3632990 PM","python.exe","56596","QueryAllInformationFile","C:\Users\jimpames\Desktop\FESv8-algebraic\migration_toolkit\skeleton_engine","CreationTime: 6/6/2026 6:32:24 AM, LastAccessTime: 6/7/2026 2:08:10 PM, LastWriteTime: 6/6/2026 7:26:23 AM, ChangeTime: 6/6/2026 7:26:23 AM, FileAttributes: D, AllocationSize: 8,192, EndOfFile: 8,192","BUFFER OVERFLOW"
"2:08:10.3633121 PM","python.exe","56596","CloseFile","C:\Users\jimpames\Desktop\FESv8-algebraic\migration_toolkit\skeleton_engine","","SUCCESS"
"2:08:10.3641383 PM","python.exe","56596","CreateFile","C:\Users\jimpames\Desktop\FESv8-algebraic\migration_toolkit\skeleton_engine","Desired Access: Read Attributes, Synchronize, Disposition: Open, Options: Synchronous IO Non-Alert, Attributes: n/a, ShareMode: None, AllocationSize: n/a, OpenResult: Opened","SUCCESS"
"2:08:10.3641800 PM","python.exe","56596","QueryInformationVolume","C:\Users\jimpames\Desktop\FESv8-algebraic\migration_toolkit\skeleton_engine","VolumeCreationTime: 5/30/2024 3:01:34 PM, VolumeSerialNumber: 66CA-DF9F, SupportsObjects: True, VolumeLabel: Winხ","BUFFER OVERFLOW"
"2:08:10.3642054 PM","python.exe","56596","QueryAllInformationFile","C:\Users\jimpames\Desktop\FESv8-algebraic\migration_toolkit\skeleton_engine","CreationTime: 6/6/2026 6:32:24 AM, LastAccessTime: 6/7/2026 2:08:10 PM, LastWriteTime: 6/6/2026 7:26:23 AM, ChangeTime: 6/6/2026 7:26:23 AM, FileAttributes: D, AllocationSize: 8,192, EndOfFile: 8,192","BUFFER OVERFLOW"
"2:08:10.3642270 PM","python.exe","56596","CloseFile","C:\Users\jimpames\Desktop\FESv8-algebraic\migration_toolkit\skeleton_engine","","SUCCESS"
"2:08:10.3686832 PM","python.exe","56596","CreateFile","C:\Users\jimpames\Desktop\FESv8-algebraic\migration_toolkit\skeleton_engine","Desired Access: Read Attributes, Synchronize, Disposition: Open, Options: Synchronous IO Non-Alert, Attributes: n/a, ShareMode: None, AllocationSize: n/a, OpenResult: Opened","SUCCESS"
"2:08:10.3687169 PM","python.exe","56596","QueryInformationVolume","C:\Users\jimpames\Desktop\FESv8-algebraic\migration_toolkit\skeleton_engine","VolumeCreationTime: 5/30/2024 3:01:34 PM, VolumeSerialNumber: 66CA-DF9F, SupportsObjects: True, VolumeLabel: Winፒ","BUFFER OVERFLOW"
"2:08:10.3687354 PM","python.exe","56596","QueryAllInformationFile","C:\Users\jimpames\Desktop\FESv8-algebraic\migration_toolkit\skeleton_engine","CreationTime: 6/6/2026 6:32:24 AM, LastAccessTime: 6/7/2026 2:08:10 PM, LastWriteTime: 6/6/2026 7:26:23 AM, ChangeTime: 6/6/2026 7:26:23 AM, FileAttributes: D, AllocationSize: 8,192, EndOfFile: 8,192","BUFFER OVERFLOW"
"2:08:10.3687548 PM","python.exe","56596","CloseFile","C:\Users\jimpames\Desktop\FESv8-algebraic\migration_toolkit\skeleton_engine","","SUCCESS"
"2:08:10.3732292 PM","python.exe","56596","CreateFile","C:\Users\jimpames\Desktop\FESv8-algebraic\migration_toolkit\skeleton_engine","Desired Access: Read Attributes, Synchronize, Disposition: Open, Options: Synchronous IO Non-Alert, Attributes: n/a, ShareMode: None, AllocationSize: n/a, OpenResult: Opened","SUCCESS"
"2:08:10.3732679 PM","python.exe","56596","QueryInformationVolume","C:\Users\jimpames\Desktop\FESv8-algebraic\migration_toolkit\skeleton_engine","VolumeCreationTime: 5/30/2024 3:01:34 PM, VolumeSerialNumber: 66CA-DF9F, SupportsObjects: True, VolumeLabel: Winፒ","BUFFER OVERFLOW"
"2:08:10.3732892 PM","python.exe","56596","QueryAllInformationFile","C:\Users\jimpames\Desktop\FESv8-algebraic\migration_toolkit\skeleton_engine","CreationTime: 6/6/2026 6:32:24 AM, LastAccessTime: 6/7/2026 2:08:10 PM, LastWriteTime: 6/6/2026 7:26:23 AM, ChangeTime: 6/6/2026 7:26:23 AM, FileAttributes: D, AllocationSize: 8,192, EndOfFile: 8,192","BUFFER OVERFLOW"
"2:08:10.3733034 PM","python.exe","56596","CloseFile","C:\Users\jimpames\Desktop\FESv8-algebraic\migration_toolkit\skeleton_engine","","SUCCESS"
"2:08:10.3767579 PM","python.exe","56596","CreateFile","C:\Users\jimpames\Desktop\FESv8-algebraic\migration_toolkit\skeleton_engine","Desired Access: Read Attributes, Synchronize, Disposition: Open, Options: Synchronous IO Non-Alert, Attributes: n/a, ShareMode: None, AllocationSize: n/a, OpenResult: Opened","SUCCESS"
"2:08:10.3767988 PM","python.exe","56596","QueryInformationVolume","C:\Users\jimpames\Desktop\FESv8-algebraic\migration_toolkit\skeleton_engine","VolumeCreationTime: 5/30/2024 3:01:34 PM, VolumeSerialNumber: 66CA-DF9F, SupportsObjects: True, VolumeLabel: Winፒ","BUFFER OVERFLOW"
"2:08:10.3768166 PM","python.exe","56596","QueryAllInformationFile","C:\Users\jimpames\Desktop\FESv8-algebraic\migration_toolkit\skeleton_engine","CreationTime: 6/6/2026 6:32:24 AM, LastAccessTime: 6/7/2026 2:08:10 PM, LastWriteTime: 6/6/2026 7:26:23 AM, ChangeTime: 6/6/2026 7:26:23 AM, FileAttributes: D, AllocationSize: 8,192, EndOfFile: 8,192","BUFFER OVERFLOW"
"2:08:10.3768355 PM","python.exe","56596","CloseFile","C:\Users\jimpames\Desktop\FESv8-algebraic\migration_toolkit\skeleton_engine","","SUCCESS"
"2:08:10.3800441 PM","python.exe","56596","CreateFile","C:\Users\jimpames\Desktop\FESv8-algebraic\migration_toolkit\skeleton_engine","Desired Access: Read Attributes, Synchronize, Disposition: Open, Options: Synchronous IO Non-Alert, Attributes: n/a, ShareMode: None, AllocationSize: n/a, OpenResult: Opened","SUCCESS"
"2:08:10.3800694 PM","python.exe","56596","QueryInformationVolume","C:\Users\jimpames\Desktop\FESv8-algebraic\migration_toolkit\skeleton_engine","VolumeCreationTime: 5/30/2024 3:01:34 PM, VolumeSerialNumber: 66CA-DF9F, SupportsObjects: True, VolumeLabel: Winხ","BUFFER OVERFLOW"
"2:08:10.3800826 PM","python.exe","56596","QueryAllInformationFile","C:\Users\jimpames\Desktop\FESv8-algebraic\migration_toolkit\skeleton_engine","CreationTime: 6/6/2026 6:32:24 AM, LastAccessTime: 6/7/2026 2:08:10 PM, LastWriteTime: 6/6/2026 7:26:23 AM, ChangeTime: 6/6/2026 7:26:23 AM, FileAttributes: D, AllocationSize: 8,192, EndOfFile: 8,192","BUFFER OVERFLOW"
"2:08:10.3800967 PM","python.exe","56596","CloseFile","C:\Users\jimpames\Desktop\FESv8-algebraic\migration_toolkit\skeleton_engine","","SUCCESS"
"2:08:10.3820116 PM","python.exe","56596","CreateFile","C:\Users\jimpames\Desktop\FESv8-algebraic\migration_toolkit\skeleton_engine","Desired Access: Read Attributes, Synchronize, Disposition: Open, Options: Synchronous IO Non-Alert, Attributes: n/a, ShareMode: None, AllocationSize: n/a, OpenResult: Opened","SUCCESS"
"2:08:10.3820411 PM","python.exe","56596","QueryInformationVolume","C:\Users\jimpames\Desktop\FESv8-algebraic\migration_toolkit\skeleton_engine","VolumeCreationTime: 5/30/2024 3:01:34 PM, VolumeSerialNumber: 66CA-DF9F, SupportsObjects: True, VolumeLabel: Winხ","BUFFER OVERFLOW"
"2:08:10.3820595 PM","python.exe","56596","QueryAllInformationFile","C:\Users\jimpames\Desktop\FESv8-algebraic\migration_toolkit\skeleton_engine","CreationTime: 6/6/2026 6:32:24 AM, LastAccessTime: 6/7/2026 2:08:10 PM, LastWriteTime: 6/6/2026 7:26:23 AM, ChangeTime: 6/6/2026 7:26:23 AM, FileAttributes: D, AllocationSize: 8,192, EndOfFile: 8,192","BUFFER OVERFLOW"
"2:08:10.3820803 PM","python.exe","56596","CloseFile","C:\Users\jimpames\Desktop\FESv8-algebraic\migration_toolkit\skeleton_engine","","SUCCESS"
"2:08:10.3837711 PM","python.exe","56596","CreateFile","C:\Users\jimpames\Desktop\FESv8-algebraic\migration_toolkit\skeleton_engine","Desired Access: Read Attributes, Synchronize, Disposition: Open, Options: Synchronous IO Non-Alert, Attributes: n/a, ShareMode: None, AllocationSize: n/a, OpenResult: Opened","SUCCESS"
"2:08:10.3838068 PM","python.exe","56596","QueryInformationVolume","C:\Users\jimpames\Desktop\FESv8-algebraic\migration_toolkit\skeleton_engine","VolumeCreationTime: 5/30/2024 3:01:34 PM, VolumeSerialNumber: 66CA-DF9F, SupportsObjects: True, VolumeLabel: Winხ","BUFFER OVERFLOW"
"2:08:10.3838351 PM","python.exe","56596","QueryAllInformationFile","C:\Users\jimpames\Desktop\FESv8-algebraic\migration_toolkit\skeleton_engine","CreationTime: 6/6/2026 6:32:24 AM, LastAccessTime: 6/7/2026 2:08:10 PM, LastWriteTime: 6/6/2026 7:26:23 AM, ChangeTime: 6/6/2026 7:26:23 AM, FileAttributes: D, AllocationSize: 8,192, EndOfFile: 8,192","BUFFER OVERFLOW"
"2:08:10.3838582 PM","python.exe","56596","CloseFile","C:\Users\jimpames\Desktop\FESv8-algebraic\migration_toolkit\skeleton_engine","","SUCCESS"
"2:08:10.3855153 PM","python.exe","56596","CreateFile","C:\Users\jimpames\Desktop\FESv8-algebraic\migration_toolkit\skeleton_engine","Desired Access: Read Attributes, Synchronize, Disposition: Open, Options: Synchronous IO Non-Alert, Attributes: n/a, ShareMode: None, AllocationSize: n/a, OpenResult: Opened","SUCCESS"
"2:08:10.3855449 PM","python.exe","56596","QueryInformationVolume","C:\Users\jimpames\Desktop\FESv8-algebraic\migration_toolkit\skeleton_engine","VolumeCreationTime: 5/30/2024 3:01:34 PM, VolumeSerialNumber: 66CA-DF9F, SupportsObjects: True, VolumeLabel: Winፒ","BUFFER OVERFLOW"
"2:08:10.3855638 PM","python.exe","56596","QueryAllInformationFile","C:\Users\jimpames\Desktop\FESv8-algebraic\migration_toolkit\skeleton_engine","CreationTime: 6/6/2026 6:32:24 AM, LastAccessTime: 6/7/2026 2:08:10 PM, LastWriteTime: 6/6/2026 7:26:23 AM, ChangeTime: 6/6/2026 7:26:23 AM, FileAttributes: D, AllocationSize: 8,192, EndOfFile: 8,192","BUFFER OVERFLOW"
"2:08:10.3855841 PM","python.exe","56596","CloseFile","C:\Users\jimpames\Desktop\FESv8-algebraic\migration_toolkit\skeleton_engine","","SUCCESS"
"2:08:10.3866034 PM","python.exe","56596","CreateFile","C:\Users\jimpames\Desktop\FESv8-algebraic\migration_toolkit\skeleton_engine","Desired Access: Read Attributes, Synchronize, Disposition: Open, Options: Synchronous IO Non-Alert, Attributes: n/a, ShareMode: None, AllocationSize: n/a, OpenResult: Opened","SUCCESS"
"2:08:10.3866307 PM","python.exe","56596","QueryInformationVolume","C:\Users\jimpames\Desktop\FESv8-algebraic\migration_toolkit\skeleton_engine","VolumeCreationTime: 5/30/2024 3:01:34 PM, VolumeSerialNumber: 66CA-DF9F, SupportsObjects: True, VolumeLabel: Winხ","BUFFER OVERFLOW"
"2:08:10.3866482 PM","python.exe","56596","QueryAllInformationFile","C:\Users\jimpames\Desktop\FESv8-algebraic\migration_toolkit\skeleton_engine","CreationTime: 6/6/2026 6:32:24 AM, LastAccessTime: 6/7/2026 2:08:10 PM, LastWriteTime: 6/6/2026 7:26:23 AM, ChangeTime: 6/6/2026 7:26:23 AM, FileAttributes: D, AllocationSize: 8,192, EndOfFile: 8,192","BUFFER OVERFLOW"
"2:08:10.3866657 PM","python.exe","56596","CloseFile","C:\Users\jimpames\Desktop\FESv8-algebraic\migration_toolkit\skeleton_engine","","SUCCESS"
"2:08:10.3885076 PM","python.exe","56596","CreateFile","C:\Users\jimpames\Desktop\FESv8-algebraic\migration_toolkit\skeleton_engine","Desired Access: Read Attributes, Synchronize, Disposition: Open, Options: Synchronous IO Non-Alert, Attributes: n/a, ShareMode: None, AllocationSize: n/a, OpenResult: Opened","SUCCESS"
"2:08:10.3885284 PM","python.exe","56596","QueryInformationVolume","C:\Users\jimpames\Desktop\FESv8-algebraic\migration_toolkit\skeleton_engine","VolumeCreationTime: 5/30/2024 3:01:34 PM, VolumeSerialNumber: 66CA-DF9F, SupportsObjects: True, VolumeLabel: Winხ","BUFFER OVERFLOW"
"2:08:10.3885525 PM","python.exe","56596","QueryAllInformationFile","C:\Users\jimpames\Desktop\FESv8-algebraic\migration_toolkit\skeleton_engine","CreationTime: 6/6/2026 6:32:24 AM, LastAccessTime: 6/7/2026 2:08:10 PM, LastWriteTime: 6/6/2026 7:26:23 AM, ChangeTime: 6/6/2026 7:26:23 AM, FileAttributes: D, AllocationSize: 8,192, EndOfFile: 8,192","BUFFER OVERFLOW"
"2:08:10.3885749 PM","python.exe","56596","CloseFile","C:\Users\jimpames\Desktop\FESv8-algebraic\migration_toolkit\skeleton_engine","","SUCCESS"
"2:08:10.3906371 PM","python.exe","56596","CreateFile","C:\Users\jimpames\Desktop\FESv8-algebraic\migration_toolkit\skeleton_engine","Desired Access: Read Attributes, Synchronize, Disposition: Open, Options: Synchronous IO Non-Alert, Attributes: n/a, ShareMode: None, AllocationSize: n/a, OpenResult: Opened","SUCCESS"
"2:08:10.3906608 PM","python.exe","56596","QueryInformationVolume","C:\Users\jimpames\Desktop\FESv8-algebraic\migration_toolkit\skeleton_engine","VolumeCreationTime: 5/30/2024 3:01:34 PM, VolumeSerialNumber: 66CA-DF9F, SupportsObjects: True, VolumeLabel: Winፒ","BUFFER OVERFLOW"
"2:08:10.3906708 PM","python.exe","56596","QueryAllInformationFile","C:\Users\jimpames\Desktop\FESv8-algebraic\migration_toolkit\skeleton_engine","CreationTime: 6/6/2026 6:32:24 AM, LastAccessTime: 6/7/2026 2:08:10 PM, LastWriteTime: 6/6/2026 7:26:23 AM, ChangeTime: 6/6/2026 7:26:23 AM, FileAttributes: D, AllocationSize: 8,192, EndOfFile: 8,192","BUFFER OVERFLOW"
"2:08:10.3906811 PM","python.exe","56596","CloseFile","C:\Users\jimpames\Desktop\FESv8-algebraic\migration_toolkit\skeleton_engine","","SUCCESS"
"2:08:10.3920038 PM","python.exe","56596","CreateFile","C:\Users\jimpames\Desktop\FESv8-algebraic\migration_toolkit\skeleton_engine","Desired Access: Read Attributes, Synchronize, Disposition: Open, Options: Synchronous IO Non-Alert, Attributes: n/a, ShareMode: None, AllocationSize: n/a, OpenResult: Opened","SUCCESS"
"2:08:10.3920272 PM","python.exe","56596","QueryInformationVolume","C:\Users\jimpames\Desktop\FESv8-algebraic\migration_toolkit\skeleton_engine","VolumeCreationTime: 5/30/2024 3:01:34 PM, VolumeSerialNumber: 66CA-DF9F, SupportsObjects: True, VolumeLabel: Winხ","BUFFER OVERFLOW"
"2:08:10.3920381 PM","python.exe","56596","QueryAllInformationFile","C:\Users\jimpames\Desktop\FESv8-algebraic\migration_toolkit\skeleton_engine","CreationTime: 6/6/2026 6:32:24 AM, LastAccessTime: 6/7/2026 2:08:10 PM, LastWriteTime: 6/6/2026 7:26:23 AM, ChangeTime: 6/6/2026 7:26:23 AM, FileAttributes: D, AllocationSize: 8,192, EndOfFile: 8,192","BUFFER OVERFLOW"
"2:08:10.3920495 PM","python.exe","56596","CloseFile","C:\Users\jimpames\Desktop\FESv8-algebraic\migration_toolkit\skeleton_engine","","SUCCESS"
"2:08:10.3933309 PM","python.exe","56596","CreateFile","C:\Users\jimpames\Desktop\FESv8-algebraic\migration_toolkit\skeleton_engine","Desired Access: Read Attributes, Synchronize, Disposition: Open, Options: Synchronous IO Non-Alert, Attributes: n/a, ShareMode: None, AllocationSize: n/a, OpenResult: Opened","SUCCESS"
"2:08:10.3933611 PM","python.exe","56596","QueryInformationVolume","C:\Users\jimpames\Desktop\FESv8-algebraic\migration_toolkit\skeleton_engine","VolumeCreationTime: 5/30/2024 3:01:34 PM, VolumeSerialNumber: 66CA-DF9F, SupportsObjects: True, VolumeLabel: Winፒ","BUFFER OVERFLOW"
"2:08:10.3933755 PM","python.exe","56596","QueryAllInformationFile","C:\Users\jimpames\Desktop\FESv8-algebraic\migration_toolkit\skeleton_engine","CreationTime: 6/6/2026 6:32:24 AM, LastAccessTime: 6/7/2026 2:08:10 PM, LastWriteTime: 6/6/2026 7:26:23 AM, ChangeTime: 6/6/2026 7:26:23 AM, FileAttributes: D, AllocationSize: 8,192, EndOfFile: 8,192","BUFFER OVERFLOW"
"2:08:10.3933882 PM","python.exe","56596","CloseFile","C:\Users\jimpames\Desktop\FESv8-algebraic\migration_toolkit\skeleton_engine","","SUCCESS"
"2:08:10.3945830 PM","python.exe","56596","CreateFile","C:\Users\jimpames\Desktop\FESv8-algebraic\migration_toolkit\skeleton_engine","Desired Access: Read Attributes, Synchronize, Disposition: Open, Options: Synchronous IO Non-Alert, Attributes: n/a, ShareMode: None, AllocationSize: n/a, OpenResult: Opened","SUCCESS"
"2:08:10.3946010 PM","python.exe","56596","QueryInformationVolume","C:\Users\jimpames\Desktop\FESv8-algebraic\migration_toolkit\skeleton_engine","VolumeCreationTime: 5/30/2024 3:01:34 PM, VolumeSerialNumber: 66CA-DF9F, SupportsObjects: True, VolumeLabel: Winხ","BUFFER OVERFLOW"
"2:08:10.3946112 PM","python.exe","56596","QueryAllInformationFile","C:\Users\jimpames\Desktop\FESv8-algebraic\migration_toolkit\skeleton_engine","CreationTime: 6/6/2026 6:32:24 AM, LastAccessTime: 6/7/2026 2:08:10 PM, LastWriteTime: 6/6/2026 7:26:23 AM, ChangeTime: 6/6/2026 7:26:23 AM, FileAttributes: D, AllocationSize: 8,192, EndOfFile: 8,192","BUFFER OVERFLOW"
"2:08:10.3946259 PM","python.exe","56596","CloseFile","C:\Users\jimpames\Desktop\FESv8-algebraic\migration_toolkit\skeleton_engine","","SUCCESS"
"2:08:10.3959057 PM","python.exe","56596","CreateFile","C:\Users\jimpames\Desktop\FESv8-algebraic\migration_toolkit\skeleton_engine","Desired Access: Read Attributes, Synchronize, Disposition: Open, Options: Synchronous IO Non-Alert, Attributes: n/a, ShareMode: None, AllocationSize: n/a, OpenResult: Opened","SUCCESS"
"2:08:10.3959346 PM","python.exe","56596","QueryInformationVolume","C:\Users\jimpames\Desktop\FESv8-algebraic\migration_toolkit\skeleton_engine","VolumeCreationTime: 5/30/2024 3:01:34 PM, VolumeSerialNumber: 66CA-DF9F, SupportsObjects: True, VolumeLabel: Winხ","BUFFER OVERFLOW"
"2:08:10.3959505 PM","python.exe","56596","QueryAllInformationFile","C:\Users\jimpames\Desktop\FESv8-algebraic\migration_toolkit\skeleton_engine","CreationTime: 6/6/2026 6:32:24 AM, LastAccessTime: 6/7/2026 2:08:10 PM, LastWriteTime: 6/6/2026 7:26:23 AM, ChangeTime: 6/6/2026 7:26:23 AM, FileAttributes: D, AllocationSize: 8,192, EndOfFile: 8,192","BUFFER OVERFLOW"
"2:08:10.3959741 PM","python.exe","56596","CloseFile","C:\Users\jimpames\Desktop\FESv8-algebraic\migration_toolkit\skeleton_engine","","SUCCESS"
"2:08:10.3973856 PM","python.exe","56596","CreateFile","C:\Users\jimpames\Desktop\FESv8-algebraic\migration_toolkit\skeleton_engine","Desired Access: Read Attributes, Synchronize, Disposition: Open, Options: Synchronous IO Non-Alert, Attributes: n/a, ShareMode: None, AllocationSize: n/a, OpenResult: Opened","SUCCESS"
"2:08:10.3974062 PM","python.exe","56596","QueryInformationVolume","C:\Users\jimpames\Desktop\FESv8-algebraic\migration_toolkit\skeleton_engine","VolumeCreationTime: 5/30/2024 3:01:34 PM, VolumeSerialNumber: 66CA-DF9F, SupportsObjects: True, VolumeLabel: Winፒ","BUFFER OVERFLOW"
"2:08:10.3974173 PM","python.exe","56596","QueryAllInformationFile","C:\Users\jimpames\Desktop\FESv8-algebraic\migration_toolkit\skeleton_engine","CreationTime: 6/6/2026 6:32:24 AM, LastAccessTime: 6/7/2026 2:08:10 PM, LastWriteTime: 6/6/2026 7:26:23 AM, ChangeTime: 6/6/2026 7:26:23 AM, FileAttributes: D, AllocationSize: 8,192, EndOfFile: 8,192","BUFFER OVERFLOW"
"2:08:10.3974339 PM","python.exe","56596","CloseFile","C:\Users\jimpames\Desktop\FESv8-algebraic\migration_toolkit\skeleton_engine","","SUCCESS"
"2:08:10.4086797 PM","python.exe","56596","CloseFile","C:\Users\jimpames\Desktop\FESv8-algebraic\migration_toolkit","","SUCCESS"
"2:08:10.4109595 PM","python.exe","77536","CloseFile","C:\Users\jimpames\Desktop\FESv8-algebraic\migration_toolkit","","SUCCESS"
"2:08:10.4132762 PM","python.exe","35508","CreateFile","C:\Users\jimpames\Desktop\FESv8-algebraic\migration_toolkit","Desired Access: Read Attributes, Disposition: Open, Options: Open Reparse Point, Attributes: n/a, ShareMode: Read, Write, Delete, AllocationSize: n/a, OpenResult: Opened","SUCCESS"
"2:08:10.4132895 PM","python.exe","35508","QueryBasicInformationFile","C:\Users\jimpames\Desktop\FESv8-algebraic\migration_toolkit","CreationTime: 6/6/2026 6:32:22 AM, LastAccessTime: 6/7/2026 2:08:10 PM, LastWriteTime: 6/6/2026 7:26:22 AM, ChangeTime: 6/6/2026 7:26:22 AM, FileAttributes: D","SUCCESS"
"2:08:10.4132962 PM","python.exe","35508","CloseFile","C:\Users\jimpames\Desktop\FESv8-algebraic\migration_toolkit","","SUCCESS"
"2:08:10.4202452 PM","python.exe","47532","CreateFile","C:\Users\jimpames\Desktop\FESv8-algebraic\migration_toolkit","Desired Access: Execute/Traverse, Synchronize, Disposition: Open, Options: Directory, Synchronous IO Non-Alert, Attributes: n/a, ShareMode: Read, Write, AllocationSize: n/a, OpenResult: Opened","SUCCESS"
"2:08:10.4333325 PM","python.exe","24408","CreateFile","C:\Users\jimpames\Desktop\FESv8-algebraic\migration_toolkit","Desired Access: Execute/Traverse, Synchronize, Disposition: Open, Options: Directory, Synchronous IO Non-Alert, Attributes: n/a, ShareMode: Read, Write, AllocationSize: n/a, OpenResult: Opened","SUCCESS"
"2:08:10.4767857 PM","python.exe","24408","CreateFile","C:\Users\jimpames\Desktop\FESv8-algebraic\migration_toolkit\skeleton_engine","Desired Access: Read Attributes, Synchronize, Disposition: Open, Options: Synchronous IO Non-Alert, Attributes: n/a, ShareMode: None, AllocationSize: n/a, OpenResult: Opened","SUCCESS"
"2:08:10.4768127 PM","python.exe","24408","QueryInformationVolume","C:\Users\jimpames\Desktop\FESv8-algebraic\migration_toolkit\skeleton_engine","VolumeCreationTime: 5/30/2024 3:01:34 PM, VolumeSerialNumber: 66CA-DF9F, SupportsObjects: True, VolumeLabel: Winხ","BUFFER OVERFLOW"
"2:08:10.4768319 PM","python.exe","24408","QueryAllInformationFile","C:\Users\jimpames\Desktop\FESv8-algebraic\migration_toolkit\skeleton_engine","CreationTime: 6/6/2026 6:32:24 AM, LastAccessTime: 6/7/2026 2:08:10 PM, LastWriteTime: 6/6/2026 7:26:23 AM, ChangeTime: 6/6/2026 7:26:23 AM, FileAttributes: D, AllocationSize: 8,192, EndOfFile: 8,192","BUFFER OVERFLOW"
"2:08:10.4768437 PM","python.exe","24408","CloseFile","C:\Users\jimpames\Desktop\FESv8-algebraic\migration_toolkit\skeleton_engine","","SUCCESS"
"2:08:10.4769180 PM","python.exe","24408","CreateFile","C:\Users\jimpames\Desktop\FESv8-algebraic\migration_toolkit\skeleton_engine","Desired Access: Read Attributes, Synchronize, Disposition: Open, Options: Synchronous IO Non-Alert, Attributes: n/a, ShareMode: None, AllocationSize: n/a, OpenResult: Opened","SUCCESS"
"2:08:10.4769328 PM","python.exe","24408","QueryInformationVolume","C:\Users\jimpames\Desktop\FESv8-algebraic\migration_toolkit\skeleton_engine","VolumeCreationTime: 5/30/2024 3:01:34 PM, VolumeSerialNumber: 66CA-DF9F, SupportsObjects: True, VolumeLabel: Winፔ","BUFFER OVERFLOW"
"2:08:10.4769428 PM","python.exe","24408","QueryAllInformationFile","C:\Users\jimpames\Desktop\FESv8-algebraic\migration_toolkit\skeleton_engine","CreationTime: 6/6/2026 6:32:24 AM, LastAccessTime: 6/7/2026 2:08:10 PM, LastWriteTime: 6/6/2026 7:26:23 AM, ChangeTime: 6/6/2026 7:26:23 AM, FileAttributes: D, AllocationSize: 8,192, EndOfFile: 8,192","BUFFER OVERFLOW"
"2:08:10.4769541 PM","python.exe","24408","CloseFile","C:\Users\jimpames\Desktop\FESv8-algebraic\migration_toolkit\skeleton_engine","","SUCCESS"
"2:08:10.4770463 PM","python.exe","24408","CreateFile","C:\Users\jimpames\Desktop\FESv8-algebraic\migration_toolkit\skeleton_engine","Desired Access: Read Attributes, Synchronize, Disposition: Open, Options: Synchronous IO Non-Alert, Attributes: n/a, ShareMode: None, AllocationSize: n/a, OpenResult: Opened","SUCCESS"
"2:08:10.4770593 PM","python.exe","24408","QueryInformationVolume","C:\Users\jimpames\Desktop\FESv8-algebraic\migration_toolkit\skeleton_engine","VolumeCreationTime: 5/30/2024 3:01:34 PM, VolumeSerialNumber: 66CA-DF9F, SupportsObjects: True, VolumeLabel: Win(眦༛","BUFFER OVERFLOW"
"2:08:10.4770665 PM","python.exe","24408","QueryAllInformationFile","C:\Users\jimpames\Desktop\FESv8-algebraic\migration_toolkit\skeleton_engine","CreationTime: 6/6/2026 6:32:24 AM, LastAccessTime: 6/7/2026 2:08:10 PM, LastWriteTime: 6/6/2026 7:26:23 AM, ChangeTime: 6/6/2026 7:26:23 AM, FileAttributes: D, AllocationSize: 8,192, EndOfFile: 8,192","BUFFER OVERFLOW"
"2:08:10.4770741 PM","python.exe","24408","CloseFile","C:\Users\jimpames\Desktop\FESv8-algebraic\migration_toolkit\skeleton_engine","","SUCCESS"
"2:08:10.4771276 PM","python.exe","24408","CreateFile","C:\Users\jimpames\Desktop\FESv8-algebraic\migration_toolkit\skeleton_engine","Desired Access: Read Data/List Directory, Synchronize, Disposition: Open, Options: Directory, Synchronous IO Non-Alert, Attributes: n/a, ShareMode: Read, Write, Delete, AllocationSize: n/a, OpenResult: Opened","SUCCESS"
"2:08:10.4771719 PM","python.exe","24408","QueryDirectory","C:\Users\jimpames\Desktop\FESv8-algebraic\migration_toolkit\skeleton_engine","FileInformationClass: FileBothDirectoryInformation, 1: .., 2: build_pipeline.py, 3: customer_fidelity_validator.py, 4: immutables_classifier.py, 5: immutables_validator.py, 6: jpa_scrubber.py","SUCCESS"
"2:08:10.4772480 PM","python.exe","24408","QueryDirectory","C:\Users\jimpames\Desktop\FESv8-algebraic\migration_toolkit\skeleton_engine","FileInformationClass: FileBothDirectoryInformation","NO MORE FILES"
"2:08:10.4772611 PM","python.exe","24408","CloseFile","C:\Users\jimpames\Desktop\FESv8-algebraic\migration_toolkit\skeleton_engine","","SUCCESS"
"2:08:10.4785792 PM","python.exe","24408","CreateFile","C:\Users\jimpames\Desktop\FESv8-algebraic\migration_toolkit\skeleton_engine","Desired Access: Read Attributes, Synchronize, Disposition: Open, Options: Synchronous IO Non-Alert, Attributes: n/a, ShareMode: None, AllocationSize: n/a, OpenResult: Opened","SUCCESS"
"2:08:10.4786126 PM","python.exe","24408","QueryInformationVolume","C:\Users\jimpames\Desktop\FESv8-algebraic\migration_toolkit\skeleton_engine","VolumeCreationTime: 5/30/2024 3:01:34 PM, VolumeSerialNumber: 66CA-DF9F, SupportsObjects: True, VolumeLabel: Winხ","BUFFER OVERFLOW"
"2:08:10.4786254 PM","python.exe","24408","QueryAllInformationFile","C:\Users\jimpames\Desktop\FESv8-algebraic\migration_toolkit\skeleton_engine","CreationTime: 6/6/2026 6:32:24 AM, LastAccessTime: 6/7/2026 2:08:10 PM, LastWriteTime: 6/6/2026 7:26:23 AM, ChangeTime: 6/6/2026 7:26:23 AM, FileAttributes: D, AllocationSize: 8,192, EndOfFile: 8,192","BUFFER OVERFLOW"
"2:08:10.4786395 PM","python.exe","24408","CloseFile","C:\Users\jimpames\Desktop\FESv8-algebraic\migration_toolkit\skeleton_engine","","SUCCESS"
"2:08:10.4800246 PM","python.exe","24408","CreateFile","C:\Users\jimpames\Desktop\FESv8-algebraic\migration_toolkit\skeleton_engine","Desired Access: Read Attributes, Synchronize, Disposition: Open, Options: Synchronous IO Non-Alert, Attributes: n/a, ShareMode: None, AllocationSize: n/a, OpenResult: Opened","SUCCESS"
"2:08:10.4800494 PM","python.exe","24408","QueryInformationVolume","C:\Users\jimpames\Desktop\FESv8-algebraic\migration_toolkit\skeleton_engine","VolumeCreationTime: 5/30/2024 3:01:34 PM, VolumeSerialNumber: 66CA-DF9F, SupportsObjects: True, VolumeLabel: Winხ","BUFFER OVERFLOW"
"2:08:10.4800627 PM","python.exe","24408","QueryAllInformationFile","C:\Users\jimpames\Desktop\FESv8-algebraic\migration_toolkit\skeleton_engine","CreationTime: 6/6/2026 6:32:24 AM, LastAccessTime: 6/7/2026 2:08:10 PM, LastWriteTime: 6/6/2026 7:26:23 AM, ChangeTime: 6/6/2026 7:26:23 AM, FileAttributes: D, AllocationSize: 8,192, EndOfFile: 8,192","BUFFER OVERFLOW"
"2:08:10.4800771 PM","python.exe","24408","CloseFile","C:\Users\jimpames\Desktop\FESv8-algebraic\migration_toolkit\skeleton_engine","","SUCCESS"
"2:08:10.4814374 PM","python.exe","24408","CreateFile","C:\Users\jimpames\Desktop\FESv8-algebraic\migration_toolkit\skeleton_engine","Desired Access: Read Attributes, Synchronize, Disposition: Open, Options: Synchronous IO Non-Alert, Attributes: n/a, ShareMode: None, AllocationSize: n/a, OpenResult: Opened","SUCCESS"
"2:08:10.4814591 PM","python.exe","24408","QueryInformationVolume","C:\Users\jimpames\Desktop\FESv8-algebraic\migration_toolkit\skeleton_engine","VolumeCreationTime: 5/30/2024 3:01:34 PM, VolumeSerialNumber: 66CA-DF9F, SupportsObjects: True, VolumeLabel: Winፔ","BUFFER OVERFLOW"
"2:08:10.4814695 PM","python.exe","24408","QueryAllInformationFile","C:\Users\jimpames\Desktop\FESv8-algebraic\migration_toolkit\skeleton_engine","CreationTime: 6/6/2026 6:32:24 AM, LastAccessTime: 6/7/2026 2:08:10 PM, LastWriteTime: 6/6/2026 7:26:23 AM, ChangeTime: 6/6/2026 7:26:23 AM, FileAttributes: D, AllocationSize: 8,192, EndOfFile: 8,192","BUFFER OVERFLOW"
"2:08:10.4814808 PM","python.exe","24408","CloseFile","C:\Users\jimpames\Desktop\FESv8-algebraic\migration_toolkit\skeleton_engine","","SUCCESS"
"2:08:10.4828166 PM","python.exe","24408","CreateFile","C:\Users\jimpames\Desktop\FESv8-algebraic\migration_toolkit\skeleton_engine","Desired Access: Read Attributes, Synchronize, Disposition: Open, Options: Synchronous IO Non-Alert, Attributes: n/a, ShareMode: None, AllocationSize: n/a, OpenResult: Opened","SUCCESS"
"2:08:10.4828442 PM","python.exe","24408","QueryInformationVolume","C:\Users\jimpames\Desktop\FESv8-algebraic\migration_toolkit\skeleton_engine","VolumeCreationTime: 5/30/2024 3:01:34 PM, VolumeSerialNumber: 66CA-DF9F, SupportsObjects: True, VolumeLabel: Winხ","BUFFER OVERFLOW"
"2:08:10.4828557 PM","python.exe","24408","QueryAllInformationFile","C:\Users\jimpames\Desktop\FESv8-algebraic\migration_toolkit\skeleton_engine","CreationTime: 6/6/2026 6:32:24 AM, LastAccessTime: 6/7/2026 2:08:10 PM, LastWriteTime: 6/6/2026 7:26:23 AM, ChangeTime: 6/6/2026 7:26:23 AM, FileAttributes: D, AllocationSize: 8,192, EndOfFile: 8,192","BUFFER OVERFLOW"
"2:08:10.4828776 PM","python.exe","24408","CloseFile","C:\Users\jimpames\Desktop\FESv8-algebraic\migration_toolkit\skeleton_engine","","SUCCESS"
"2:08:10.4845900 PM","python.exe","24408","CreateFile","C:\Users\jimpames\Desktop\FESv8-algebraic\migration_toolkit\skeleton_engine","Desired Access: Read Attributes, Synchronize, Disposition: Open, Options: Synchronous IO Non-Alert, Attributes: n/a, ShareMode: None, AllocationSize: n/a, OpenResult: Opened","SUCCESS"
"2:08:10.4846127 PM","python.exe","24408","QueryInformationVolume","C:\Users\jimpames\Desktop\FESv8-algebraic\migration_toolkit\skeleton_engine","VolumeCreationTime: 5/30/2024 3:01:34 PM, VolumeSerialNumber: 66CA-DF9F, SupportsObjects: True, VolumeLabel: Winፔ","BUFFER OVERFLOW"
"2:08:10.4846235 PM","python.exe","24408","QueryAllInformationFile","C:\Users\jimpames\Desktop\FESv8-algebraic\migration_toolkit\skeleton_engine","CreationTime: 6/6/2026 6:32:24 AM, LastAccessTime: 6/7/2026 2:08:10 PM, LastWriteTime: 6/6/2026 7:26:23 AM, ChangeTime: 6/6/2026 7:26:23 AM, FileAttributes: D, AllocationSize: 8,192, EndOfFile: 8,192","BUFFER OVERFLOW"
"2:08:10.4846351 PM","python.exe","24408","CloseFile","C:\Users\jimpames\Desktop\FESv8-algebraic\migration_toolkit\skeleton_engine","","SUCCESS"
"2:08:10.4860033 PM","python.exe","24408","CreateFile","C:\Users\jimpames\Desktop\FESv8-algebraic\migration_toolkit\skeleton_engine","Desired Access: Read Attributes, Synchronize, Disposition: Open, Options: Synchronous IO Non-Alert, Attributes: n/a, ShareMode: None, AllocationSize: n/a, OpenResult: Opened","SUCCESS"
"2:08:10.4860319 PM","python.exe","24408","QueryInformationVolume","C:\Users\jimpames\Desktop\FESv8-algebraic\migration_toolkit\skeleton_engine","VolumeCreationTime: 5/30/2024 3:01:34 PM, VolumeSerialNumber: 66CA-DF9F, SupportsObjects: True, VolumeLabel: Winፔ","BUFFER OVERFLOW"
"2:08:10.4860496 PM","python.exe","24408","QueryAllInformationFile","C:\Users\jimpames\Desktop\FESv8-algebraic\migration_toolkit\skeleton_engine","CreationTime: 6/6/2026 6:32:24 AM, LastAccessTime: 6/7/2026 2:08:10 PM, LastWriteTime: 6/6/2026 7:26:23 AM, ChangeTime: 6/6/2026 7:26:23 AM, FileAttributes: D, AllocationSize: 8,192, EndOfFile: 8,192","BUFFER OVERFLOW"
"2:08:10.4860687 PM","python.exe","24408","CloseFile","C:\Users\jimpames\Desktop\FESv8-algebraic\migration_toolkit\skeleton_engine","","SUCCESS"
"2:08:10.4879404 PM","python.exe","24408","CreateFile","C:\Users\jimpames\Desktop\FESv8-algebraic\migration_toolkit\skeleton_engine","Desired Access: Read Attributes, Synchronize, Disposition: Open, Options: Synchronous IO Non-Alert, Attributes: n/a, ShareMode: None, AllocationSize: n/a, OpenResult: Opened","SUCCESS"
"2:08:10.4879665 PM","python.exe","24408","QueryInformationVolume","C:\Users\jimpames\Desktop\FESv8-algebraic\migration_toolkit\skeleton_engine","VolumeCreationTime: 5/30/2024 3:01:34 PM, VolumeSerialNumber: 66CA-DF9F, SupportsObjects: True, VolumeLabel: Winხ","BUFFER OVERFLOW"
"2:08:10.4879801 PM","python.exe","24408","QueryAllInformationFile","C:\Users\jimpames\Desktop\FESv8-algebraic\migration_toolkit\skeleton_engine","CreationTime: 6/6/2026 6:32:24 AM, LastAccessTime: 6/7/2026 2:08:10 PM, LastWriteTime: 6/6/2026 7:26:23 AM, ChangeTime: 6/6/2026 7:26:23 AM, FileAttributes: D, AllocationSize: 8,192, EndOfFile: 8,192","BUFFER OVERFLOW"
"2:08:10.4879944 PM","python.exe","24408","CloseFile","C:\Users\jimpames\Desktop\FESv8-algebraic\migration_toolkit\skeleton_engine","","SUCCESS"
"2:08:10.4894204 PM","python.exe","24408","CreateFile","C:\Users\jimpames\Desktop\FESv8-algebraic\migration_toolkit\skeleton_engine","Desired Access: Read Attributes, Synchronize, Disposition: Open, Options: Synchronous IO Non-Alert, Attributes: n/a, ShareMode: None, AllocationSize: n/a, OpenResult: Opened","SUCCESS"
"2:08:10.4894504 PM","python.exe","24408","QueryInformationVolume","C:\Users\jimpames\Desktop\FESv8-algebraic\migration_toolkit\skeleton_engine","VolumeCreationTime: 5/30/2024 3:01:34 PM, VolumeSerialNumber: 66CA-DF9F, SupportsObjects: True, VolumeLabel: Winፔ","BUFFER OVERFLOW"
"2:08:10.4894650 PM","python.exe","24408","QueryAllInformationFile","C:\Users\jimpames\Desktop\FESv8-algebraic\migration_toolkit\skeleton_engine","CreationTime: 6/6/2026 6:32:24 AM, LastAccessTime: 6/7/2026 2:08:10 PM, LastWriteTime: 6/6/2026 7:26:23 AM, ChangeTime: 6/6/2026 7:26:23 AM, FileAttributes: D, AllocationSize: 8,192, EndOfFile: 8,192","BUFFER OVERFLOW"
"2:08:10.4894812 PM","python.exe","24408","CloseFile","C:\Users\jimpames\Desktop\FESv8-algebraic\migration_toolkit\skeleton_engine","","SUCCESS"
"2:08:10.4913017 PM","python.exe","24408","CreateFile","C:\Users\jimpames\Desktop\FESv8-algebraic\migration_toolkit\skeleton_engine","Desired Access: Read Attributes, Synchronize, Disposition: Open, Options: Synchronous IO Non-Alert, Attributes: n/a, ShareMode: None, AllocationSize: n/a, OpenResult: Opened","SUCCESS"
"2:08:10.4913291 PM","python.exe","24408","QueryInformationVolume","C:\Users\jimpames\Desktop\FESv8-algebraic\migration_toolkit\skeleton_engine","VolumeCreationTime: 5/30/2024 3:01:34 PM, VolumeSerialNumber: 66CA-DF9F, SupportsObjects: True, VolumeLabel: Winፔ","BUFFER OVERFLOW"
"2:08:10.4913441 PM","python.exe","24408","QueryAllInformationFile","C:\Users\jimpames\Desktop\FESv8-algebraic\migration_toolkit\skeleton_engine","CreationTime: 6/6/2026 6:32:24 AM, LastAccessTime: 6/7/2026 2:08:10 PM, LastWriteTime: 6/6/2026 7:26:23 AM, ChangeTime: 6/6/2026 7:26:23 AM, FileAttributes: D, AllocationSize: 8,192, EndOfFile: 8,192","BUFFER OVERFLOW"
"2:08:10.4913594 PM","python.exe","24408","CloseFile","C:\Users\jimpames\Desktop\FESv8-algebraic\migration_toolkit\skeleton_engine","","SUCCESS"
"2:08:10.4931366 PM","python.exe","24408","CreateFile","C:\Users\jimpames\Desktop\FESv8-algebraic\migration_toolkit\skeleton_engine","Desired Access: Read Attributes, Synchronize, Disposition: Open, Options: Synchronous IO Non-Alert, Attributes: n/a, ShareMode: None, AllocationSize: n/a, OpenResult: Opened","SUCCESS"
"2:08:10.4931699 PM","python.exe","24408","QueryInformationVolume","C:\Users\jimpames\Desktop\FESv8-algebraic\migration_toolkit\skeleton_engine","VolumeCreationTime: 5/30/2024 3:01:34 PM, VolumeSerialNumber: 66CA-DF9F, SupportsObjects: True, VolumeLabel: Winፔ","BUFFER OVERFLOW"
"2:08:10.4931997 PM","python.exe","24408","QueryAllInformationFile","C:\Users\jimpames\Desktop\FESv8-algebraic\migration_toolkit\skeleton_engine","CreationTime: 6/6/2026 6:32:24 AM, LastAccessTime: 6/7/2026 2:08:10 PM, LastWriteTime: 6/6/2026 7:26:23 AM, ChangeTime: 6/6/2026 7:26:23 AM, FileAttributes: D, AllocationSize: 8,192, EndOfFile: 8,192","BUFFER OVERFLOW"
"2:08:10.4932364 PM","python.exe","24408","CloseFile","C:\Users\jimpames\Desktop\FESv8-algebraic\migration_toolkit\skeleton_engine","","SUCCESS"
"2:08:10.4948754 PM","python.exe","24408","CreateFile","C:\Users\jimpames\Desktop\FESv8-algebraic\migration_toolkit\skeleton_engine","Desired Access: Read Attributes, Synchronize, Disposition: Open, Options: Synchronous IO Non-Alert, Attributes: n/a, ShareMode: None, AllocationSize: n/a, OpenResult: Opened","SUCCESS"
"2:08:10.4949000 PM","python.exe","24408","QueryInformationVolume","C:\Users\jimpames\Desktop\FESv8-algebraic\migration_toolkit\skeleton_engine","VolumeCreationTime: 5/30/2024 3:01:34 PM, VolumeSerialNumber: 66CA-DF9F, SupportsObjects: True, VolumeLabel: Winፔ","BUFFER OVERFLOW"
"2:08:10.4949124 PM","python.exe","24408","QueryAllInformationFile","C:\Users\jimpames\Desktop\FESv8-algebraic\migration_toolkit\skeleton_engine","CreationTime: 6/6/2026 6:32:24 AM, LastAccessTime: 6/7/2026 2:08:10 PM, LastWriteTime: 6/6/2026 7:26:23 AM, ChangeTime: 6/6/2026 7:26:23 AM, FileAttributes: D, AllocationSize: 8,192, EndOfFile: 8,192","BUFFER OVERFLOW"
"2:08:10.4949262 PM","python.exe","24408","CloseFile","C:\Users\jimpames\Desktop\FESv8-algebraic\migration_toolkit\skeleton_engine","","SUCCESS"
"2:08:10.4964939 PM","python.exe","24408","CreateFile","C:\Users\jimpames\Desktop\FESv8-algebraic\migration_toolkit\skeleton_engine","Desired Access: Read Attributes, Synchronize, Disposition: Open, Options: Synchronous IO Non-Alert, Attributes: n/a, ShareMode: None, AllocationSize: n/a, OpenResult: Opened","SUCCESS"
"2:08:10.4965261 PM","python.exe","24408","QueryInformationVolume","C:\Users\jimpames\Desktop\FESv8-algebraic\migration_toolkit\skeleton_engine","VolumeCreationTime: 5/30/2024 3:01:34 PM, VolumeSerialNumber: 66CA-DF9F, SupportsObjects: True, VolumeLabel: Winፔ","BUFFER OVERFLOW"
"2:08:10.4965454 PM","python.exe","24408","QueryAllInformationFile","C:\Users\jimpames\Desktop\FESv8-algebraic\migration_toolkit\skeleton_engine","CreationTime: 6/6/2026 6:32:24 AM, LastAccessTime: 6/7/2026 2:08:10 PM, LastWriteTime: 6/6/2026 7:26:23 AM, ChangeTime: 6/6/2026 7:26:23 AM, FileAttributes: D, AllocationSize: 8,192, EndOfFile: 8,192","BUFFER OVERFLOW"
"2:08:10.4965742 PM","python.exe","24408","CloseFile","C:\Users\jimpames\Desktop\FESv8-algebraic\migration_toolkit\skeleton_engine","","SUCCESS"
"2:08:10.4988118 PM","python.exe","24408","CreateFile","C:\Users\jimpames\Desktop\FESv8-algebraic\migration_toolkit\skeleton_engine","Desired Access: Read Attributes, Synchronize, Disposition: Open, Options: Synchronous IO Non-Alert, Attributes: n/a, ShareMode: None, AllocationSize: n/a, OpenResult: Opened","SUCCESS"
"2:08:10.4988372 PM","python.exe","24408","QueryInformationVolume","C:\Users\jimpames\Desktop\FESv8-algebraic\migration_toolkit\skeleton_engine","VolumeCreationTime: 5/30/2024 3:01:34 PM, VolumeSerialNumber: 66CA-DF9F, SupportsObjects: True, VolumeLabel: Winხ","BUFFER OVERFLOW"
"2:08:10.4988488 PM","python.exe","24408","QueryAllInformationFile","C:\Users\jimpames\Desktop\FESv8-algebraic\migration_toolkit\skeleton_engine","CreationTime: 6/6/2026 6:32:24 AM, LastAccessTime: 6/7/2026 2:08:10 PM, LastWriteTime: 6/6/2026 7:26:23 AM, ChangeTime: 6/6/2026 7:26:23 AM, FileAttributes: D, AllocationSize: 8,192, EndOfFile: 8,192","BUFFER OVERFLOW"
"2:08:10.4988608 PM","python.exe","24408","CloseFile","C:\Users\jimpames\Desktop\FESv8-algebraic\migration_toolkit\skeleton_engine","","SUCCESS"
"2:08:10.5002390 PM","python.exe","24408","CreateFile","C:\Users\jimpames\Desktop\FESv8-algebraic\migration_toolkit\skeleton_engine","Desired Access: Read Attributes, Synchronize, Disposition: Open, Options: Synchronous IO Non-Alert, Attributes: n/a, ShareMode: None, AllocationSize: n/a, OpenResult: Opened","SUCCESS"
"2:08:10.5002657 PM","python.exe","24408","QueryInformationVolume","C:\Users\jimpames\Desktop\FESv8-algebraic\migration_toolkit\skeleton_engine","VolumeCreationTime: 5/30/2024 3:01:34 PM, VolumeSerialNumber: 66CA-DF9F, SupportsObjects: True, VolumeLabel: Winხ","BUFFER OVERFLOW"
"2:08:10.5002796 PM","python.exe","24408","QueryAllInformationFile","C:\Users\jimpames\Desktop\FESv8-algebraic\migration_toolkit\skeleton_engine","CreationTime: 6/6/2026 6:32:24 AM, LastAccessTime: 6/7/2026 2:08:10 PM, LastWriteTime: 6/6/2026 7:26:23 AM, ChangeTime: 6/6/2026 7:26:23 AM, FileAttributes: D, AllocationSize: 8,192, EndOfFile: 8,192","BUFFER OVERFLOW"
"2:08:10.5002945 PM","python.exe","24408","CloseFile","C:\Users\jimpames\Desktop\FESv8-algebraic\migration_toolkit\skeleton_engine","","SUCCESS"
"2:08:10.5029072 PM","python.exe","24408","CreateFile","C:\Users\jimpames\Desktop\FESv8-algebraic\migration_toolkit\skeleton_engine","Desired Access: Read Attributes, Synchronize, Disposition: Open, Options: Synchronous IO Non-Alert, Attributes: n/a, ShareMode: None, AllocationSize: n/a, OpenResult: Opened","SUCCESS"
"2:08:10.5029344 PM","python.exe","24408","QueryInformationVolume","C:\Users\jimpames\Desktop\FESv8-algebraic\migration_toolkit\skeleton_engine","VolumeCreationTime: 5/30/2024 3:01:34 PM, VolumeSerialNumber: 66CA-DF9F, SupportsObjects: True, VolumeLabel: Winፔ","BUFFER OVERFLOW"
"2:08:10.5029472 PM","python.exe","24408","QueryAllInformationFile","C:\Users\jimpames\Desktop\FESv8-algebraic\migration_toolkit\skeleton_engine","CreationTime: 6/6/2026 6:32:24 AM, LastAccessTime: 6/7/2026 2:08:10 PM, LastWriteTime: 6/6/2026 7:26:23 AM, ChangeTime: 6/6/2026 7:26:23 AM, FileAttributes: D, AllocationSize: 8,192, EndOfFile: 8,192","BUFFER OVERFLOW"
"2:08:10.5029616 PM","python.exe","24408","CloseFile","C:\Users\jimpames\Desktop\FESv8-algebraic\migration_toolkit\skeleton_engine","","SUCCESS"
"2:08:10.5043473 PM","python.exe","24408","CreateFile","C:\Users\jimpames\Desktop\FESv8-algebraic\migration_toolkit\skeleton_engine","Desired Access: Read Attributes, Synchronize, Disposition: Open, Options: Synchronous IO Non-Alert, Attributes: n/a, ShareMode: None, AllocationSize: n/a, OpenResult: Opened","SUCCESS"
"2:08:10.5043686 PM","python.exe","24408","QueryInformationVolume","C:\Users\jimpames\Desktop\FESv8-algebraic\migration_toolkit\skeleton_engine","VolumeCreationTime: 5/30/2024 3:01:34 PM, VolumeSerialNumber: 66CA-DF9F, SupportsObjects: True, VolumeLabel: Winፔ","BUFFER OVERFLOW"
"2:08:10.5043776 PM","python.exe","24408","QueryAllInformationFile","C:\Users\jimpames\Desktop\FESv8-algebraic\migration_toolkit\skeleton_engine","CreationTime: 6/6/2026 6:32:24 AM, LastAccessTime: 6/7/2026 2:08:10 PM, LastWriteTime: 6/6/2026 7:26:23 AM, ChangeTime: 6/6/2026 7:26:23 AM, FileAttributes: D, AllocationSize: 8,192, EndOfFile: 8,192","BUFFER OVERFLOW"
"2:08:10.5043878 PM","python.exe","24408","CloseFile","C:\Users\jimpames\Desktop\FESv8-algebraic\migration_toolkit\skeleton_engine","","SUCCESS"
"2:08:10.5054183 PM","python.exe","24408","CreateFile","C:\Users\jimpames\Desktop\FESv8-algebraic\migration_toolkit\skeleton_engine","Desired Access: Read Attributes, Synchronize, Disposition: Open, Options: Synchronous IO Non-Alert, Attributes: n/a, ShareMode: None, AllocationSize: n/a, OpenResult: Opened","SUCCESS"
"2:08:10.5054417 PM","python.exe","24408","QueryInformationVolume","C:\Users\jimpames\Desktop\FESv8-algebraic\migration_toolkit\skeleton_engine","VolumeCreationTime: 5/30/2024 3:01:34 PM, VolumeSerialNumber: 66CA-DF9F, SupportsObjects: True, VolumeLabel: Winხ","BUFFER OVERFLOW"
"2:08:10.5054522 PM","python.exe","24408","QueryAllInformationFile","C:\Users\jimpames\Desktop\FESv8-algebraic\migration_toolkit\skeleton_engine","CreationTime: 6/6/2026 6:32:24 AM, LastAccessTime: 6/7/2026 2:08:10 PM, LastWriteTime: 6/6/2026 7:26:23 AM, ChangeTime: 6/6/2026 7:26:23 AM, FileAttributes: D, AllocationSize: 8,192, EndOfFile: 8,192","BUFFER OVERFLOW"
"2:08:10.5054635 PM","python.exe","24408","CloseFile","C:\Users\jimpames\Desktop\FESv8-algebraic\migration_toolkit\skeleton_engine","","SUCCESS"
"2:08:10.5067745 PM","python.exe","24408","CreateFile","C:\Users\jimpames\Desktop\FESv8-algebraic\migration_toolkit\skeleton_engine","Desired Access: Read Attributes, Synchronize, Disposition: Open, Options: Synchronous IO Non-Alert, Attributes: n/a, ShareMode: None, AllocationSize: n/a, OpenResult: Opened","SUCCESS"
"2:08:10.5067947 PM","python.exe","24408","QueryInformationVolume","C:\Users\jimpames\Desktop\FESv8-algebraic\migration_toolkit\skeleton_engine","VolumeCreationTime: 5/30/2024 3:01:34 PM, VolumeSerialNumber: 66CA-DF9F, SupportsObjects: True, VolumeLabel: Winხ","BUFFER OVERFLOW"
"2:08:10.5068040 PM","python.exe","24408","QueryAllInformationFile","C:\Users\jimpames\Desktop\FESv8-algebraic\migration_toolkit\skeleton_engine","CreationTime: 6/6/2026 6:32:24 AM, LastAccessTime: 6/7/2026 2:08:10 PM, LastWriteTime: 6/6/2026 7:26:23 AM, ChangeTime: 6/6/2026 7:26:23 AM, FileAttributes: D, AllocationSize: 8,192, EndOfFile: 8,192","BUFFER OVERFLOW"
"2:08:10.5068173 PM","python.exe","24408","CloseFile","C:\Users\jimpames\Desktop\FESv8-algebraic\migration_toolkit\skeleton_engine","","SUCCESS"
"2:08:10.5083786 PM","python.exe","24408","CreateFile","C:\Users\jimpames\Desktop\FESv8-algebraic\migration_toolkit\skeleton_engine","Desired Access: Read Attributes, Synchronize, Disposition: Open, Options: Synchronous IO Non-Alert, Attributes: n/a, ShareMode: None, AllocationSize: n/a, OpenResult: Opened","SUCCESS"
"2:08:10.5084090 PM","python.exe","24408","QueryInformationVolume","C:\Users\jimpames\Desktop\FESv8-algebraic\migration_toolkit\skeleton_engine","VolumeCreationTime: 5/30/2024 3:01:34 PM, VolumeSerialNumber: 66CA-DF9F, SupportsObjects: True, VolumeLabel: Winፔ","BUFFER OVERFLOW"
"2:08:10.5084239 PM","python.exe","24408","QueryAllInformationFile","C:\Users\jimpames\Desktop\FESv8-algebraic\migration_toolkit\skeleton_engine","CreationTime: 6/6/2026 6:32:24 AM, LastAccessTime: 6/7/2026 2:08:10 PM, LastWriteTime: 6/6/2026 7:26:23 AM, ChangeTime: 6/6/2026 7:26:23 AM, FileAttributes: D, AllocationSize: 8,192, EndOfFile: 8,192","BUFFER OVERFLOW"
"2:08:10.5084397 PM","python.exe","24408","CloseFile","C:\Users\jimpames\Desktop\FESv8-algebraic\migration_toolkit\skeleton_engine","","SUCCESS"
"2:08:10.5121198 PM","python.exe","24408","CreateFile","C:\Users\jimpames\Desktop\FESv8-algebraic\migration_toolkit\skeleton_engine","Desired Access: Read Attributes, Synchronize, Disposition: Open, Options: Synchronous IO Non-Alert, Attributes: n/a, ShareMode: None, AllocationSize: n/a, OpenResult: Opened","SUCCESS"
"2:08:10.5121438 PM","python.exe","24408","QueryInformationVolume","C:\Users\jimpames\Desktop\FESv8-algebraic\migration_toolkit\skeleton_engine","VolumeCreationTime: 5/30/2024 3:01:34 PM, VolumeSerialNumber: 66CA-DF9F, SupportsObjects: True, VolumeLabel: Winხ","BUFFER OVERFLOW"
"2:08:10.5121545 PM","python.exe","24408","QueryAllInformationFile","C:\Users\jimpames\Desktop\FESv8-algebraic\migration_toolkit\skeleton_engine","CreationTime: 6/6/2026 6:32:24 AM, LastAccessTime: 6/7/2026 2:08:10 PM, LastWriteTime: 6/6/2026 7:26:23 AM, ChangeTime: 6/6/2026 7:26:23 AM, FileAttributes: D, AllocationSize: 8,192, EndOfFile: 8,192","BUFFER OVERFLOW"
"2:08:10.5121653 PM","python.exe","24408","CloseFile","C:\Users\jimpames\Desktop\FESv8-algebraic\migration_toolkit\skeleton_engine","","SUCCESS"
"2:08:10.5175437 PM","python.exe","24408","CreateFile","C:\Users\jimpames\Desktop\FESv8-algebraic\migration_toolkit\skeleton_engine","Desired Access: Read Attributes, Synchronize, Disposition: Open, Options: Synchronous IO Non-Alert, Attributes: n/a, ShareMode: None, AllocationSize: n/a, OpenResult: Opened","SUCCESS"
"2:08:10.5175664 PM","python.exe","24408","QueryInformationVolume","C:\Users\jimpames\Desktop\FESv8-algebraic\migration_toolkit\skeleton_engine","VolumeCreationTime: 5/30/2024 3:01:34 PM, VolumeSerialNumber: 66CA-DF9F, SupportsObjects: True, VolumeLabel: Winፔ","BUFFER OVERFLOW"
"2:08:10.5175765 PM","python.exe","24408","QueryAllInformationFile","C:\Users\jimpames\Desktop\FESv8-algebraic\migration_toolkit\skeleton_engine","CreationTime: 6/6/2026 6:32:24 AM, LastAccessTime: 6/7/2026 2:08:10 PM, LastWriteTime: 6/6/2026 7:26:23 AM, ChangeTime: 6/6/2026 7:26:23 AM, FileAttributes: D, AllocationSize: 8,192, EndOfFile: 8,192","BUFFER OVERFLOW"
"2:08:10.5175879 PM","python.exe","24408","CloseFile","C:\Users\jimpames\Desktop\FESv8-algebraic\migration_toolkit\skeleton_engine","","SUCCESS"
"2:08:10.5202194 PM","python.exe","24408","CreateFile","C:\Users\jimpames\Desktop\FESv8-algebraic\migration_toolkit\skeleton_engine","Desired Access: Read Attributes, Synchronize, Disposition: Open, Options: Synchronous IO Non-Alert, Attributes: n/a, ShareMode: None, AllocationSize: n/a, OpenResult: Opened","SUCCESS"
"2:08:10.5202432 PM","python.exe","24408","QueryInformationVolume","C:\Users\jimpames\Desktop\FESv8-algebraic\migration_toolkit\skeleton_engine","VolumeCreationTime: 5/30/2024 3:01:34 PM, VolumeSerialNumber: 66CA-DF9F, SupportsObjects: True, VolumeLabel: Winፔ","BUFFER OVERFLOW"
"2:08:10.5202535 PM","python.exe","24408","QueryAllInformationFile","C:\Users\jimpames\Desktop\FESv8-algebraic\migration_toolkit\skeleton_engine","CreationTime: 6/6/2026 6:32:24 AM, LastAccessTime: 6/7/2026 2:08:10 PM, LastWriteTime: 6/6/2026 7:26:23 AM, ChangeTime: 6/6/2026 7:26:23 AM, FileAttributes: D, AllocationSize: 8,192, EndOfFile: 8,192","BUFFER OVERFLOW"
"2:08:10.5202740 PM","python.exe","24408","CloseFile","C:\Users\jimpames\Desktop\FESv8-algebraic\migration_toolkit\skeleton_engine","","SUCCESS"
"2:08:10.5232312 PM","python.exe","24408","CreateFile","C:\Users\jimpames\Desktop\FESv8-algebraic\migration_toolkit\skeleton_engine","Desired Access: Read Attributes, Synchronize, Disposition: Open, Options: Synchronous IO Non-Alert, Attributes: n/a, ShareMode: None, AllocationSize: n/a, OpenResult: Opened","SUCCESS"
"2:08:10.5232569 PM","python.exe","24408","QueryInformationVolume","C:\Users\jimpames\Desktop\FESv8-algebraic\migration_toolkit\skeleton_engine","VolumeCreationTime: 5/30/2024 3:01:34 PM, VolumeSerialNumber: 66CA-DF9F, SupportsObjects: True, VolumeLabel: Winፔ","BUFFER OVERFLOW"
"2:08:10.5232689 PM","python.exe","24408","QueryAllInformationFile","C:\Users\jimpames\Desktop\FESv8-algebraic\migration_toolkit\skeleton_engine","CreationTime: 6/6/2026 6:32:24 AM, LastAccessTime: 6/7/2026 2:08:10 PM, LastWriteTime: 6/6/2026 7:26:23 AM, ChangeTime: 6/6/2026 7:26:23 AM, FileAttributes: D, AllocationSize: 8,192, EndOfFile: 8,192","BUFFER OVERFLOW"
"2:08:10.5232835 PM","python.exe","24408","CloseFile","C:\Users\jimpames\Desktop\FESv8-algebraic\migration_toolkit\skeleton_engine","","SUCCESS"
"2:08:10.5251131 PM","python.exe","24408","CreateFile","C:\Users\jimpames\Desktop\FESv8-algebraic\migration_toolkit\skeleton_engine","Desired Access: Read Attributes, Synchronize, Disposition: Open, Options: Synchronous IO Non-Alert, Attributes: n/a, ShareMode: None, AllocationSize: n/a, OpenResult: Opened","SUCCESS"
"2:08:10.5251493 PM","python.exe","24408","QueryInformationVolume","C:\Users\jimpames\Desktop\FESv8-algebraic\migration_toolkit\skeleton_engine","VolumeCreationTime: 5/30/2024 3:01:34 PM, VolumeSerialNumber: 66CA-DF9F, SupportsObjects: True, VolumeLabel: Winፔ","BUFFER OVERFLOW"
"2:08:10.5251669 PM","python.exe","24408","QueryAllInformationFile","C:\Users\jimpames\Desktop\FESv8-algebraic\migration_toolkit\skeleton_engine","CreationTime: 6/6/2026 6:32:24 AM, LastAccessTime: 6/7/2026 2:08:10 PM, LastWriteTime: 6/6/2026 7:26:23 AM, ChangeTime: 6/6/2026 7:26:23 AM, FileAttributes: D, AllocationSize: 8,192, EndOfFile: 8,192","BUFFER OVERFLOW"
"2:08:10.5251855 PM","python.exe","24408","CloseFile","C:\Users\jimpames\Desktop\FESv8-algebraic\migration_toolkit\skeleton_engine","","SUCCESS"
"2:08:10.5270002 PM","python.exe","24408","CreateFile","C:\Users\jimpames\Desktop\FESv8-algebraic\migration_toolkit\skeleton_engine","Desired Access: Read Attributes, Synchronize, Disposition: Open, Options: Synchronous IO Non-Alert, Attributes: n/a, ShareMode: None, AllocationSize: n/a, OpenResult: Opened","SUCCESS"
"2:08:10.5270252 PM","python.exe","24408","QueryInformationVolume","C:\Users\jimpames\Desktop\FESv8-algebraic\migration_toolkit\skeleton_engine","VolumeCreationTime: 5/30/2024 3:01:34 PM, VolumeSerialNumber: 66CA-DF9F, SupportsObjects: True, VolumeLabel: Win","BUFFER OVERFLOW"
"2:08:10.5270380 PM","python.exe","24408","QueryAllInformationFile","C:\Users\jimpames\Desktop\FESv8-algebraic\migration_toolkit\skeleton_engine","CreationTime: 6/6/2026 6:32:24 AM, LastAccessTime: 6/7/2026 2:08:10 PM, LastWriteTime: 6/6/2026 7:26:23 AM, ChangeTime: 6/6/2026 7:26:23 AM, FileAttributes: D, AllocationSize: 8,192, EndOfFile: 8,192","BUFFER OVERFLOW"
"2:08:10.5270516 PM","python.exe","24408","CloseFile","C:\Users\jimpames\Desktop\FESv8-algebraic\migration_toolkit\skeleton_engine","","SUCCESS"
"2:08:10.5288909 PM","python.exe","24408","CreateFile","C:\Users\jimpames\Desktop\FESv8-algebraic\migration_toolkit\skeleton_engine","Desired Access: Read Attributes, Synchronize, Disposition: Open, Options: Synchronous IO Non-Alert, Attributes: n/a, ShareMode: None, AllocationSize: n/a, OpenResult: Opened","SUCCESS"
"2:08:10.5289256 PM","python.exe","24408","QueryInformationVolume","C:\Users\jimpames\Desktop\FESv8-algebraic\migration_toolkit\skeleton_engine","VolumeCreationTime: 5/30/2024 3:01:34 PM, VolumeSerialNumber: 66CA-DF9F, SupportsObjects: True, VolumeLabel: Winხ","BUFFER OVERFLOW"
"2:08:10.5289469 PM","python.exe","24408","QueryAllInformationFile","C:\Users\jimpames\Desktop\FESv8-algebraic\migration_toolkit\skeleton_engine","CreationTime: 6/6/2026 6:32:24 AM, LastAccessTime: 6/7/2026 2:08:10 PM, LastWriteTime: 6/6/2026 7:26:23 AM, ChangeTime: 6/6/2026 7:26:23 AM, FileAttributes: D, AllocationSize: 8,192, EndOfFile: 8,192","BUFFER OVERFLOW"
"2:08:10.5289681 PM","python.exe","24408","CloseFile","C:\Users\jimpames\Desktop\FESv8-algebraic\migration_toolkit\skeleton_engine","","SUCCESS"
"2:08:10.5300752 PM","python.exe","24408","CreateFile","C:\Users\jimpames\Desktop\FESv8-algebraic\migration_toolkit\skeleton_engine","Desired Access: Read Attributes, Synchronize, Disposition: Open, Options: Synchronous IO Non-Alert, Attributes: n/a, ShareMode: None, AllocationSize: n/a, OpenResult: Opened","SUCCESS"
"2:08:10.5300933 PM","python.exe","24408","QueryInformationVolume","C:\Users\jimpames\Desktop\FESv8-algebraic\migration_toolkit\skeleton_engine","VolumeCreationTime: 5/30/2024 3:01:34 PM, VolumeSerialNumber: 66CA-DF9F, SupportsObjects: True, VolumeLabel: Winხ","BUFFER OVERFLOW"
"2:08:10.5301032 PM","python.exe","24408","QueryAllInformationFile","C:\Users\jimpames\Desktop\FESv8-algebraic\migration_toolkit\skeleton_engine","CreationTime: 6/6/2026 6:32:24 AM, LastAccessTime: 6/7/2026 2:08:10 PM, LastWriteTime: 6/6/2026 7:26:23 AM, ChangeTime: 6/6/2026 7:26:23 AM, FileAttributes: D, AllocationSize: 8,192, EndOfFile: 8,192","BUFFER OVERFLOW"
"2:08:10.5301162 PM","python.exe","24408","CloseFile","C:\Users\jimpames\Desktop\FESv8-algebraic\migration_toolkit\skeleton_engine","","SUCCESS"
"2:08:10.5316790 PM","python.exe","24408","CreateFile","C:\Users\jimpames\Desktop\FESv8-algebraic\migration_toolkit\skeleton_engine","Desired Access: Read Attributes, Synchronize, Disposition: Open, Options: Synchronous IO Non-Alert, Attributes: n/a, ShareMode: None, AllocationSize: n/a, OpenResult: Opened","SUCCESS"
"2:08:10.5317005 PM","python.exe","24408","QueryInformationVolume","C:\Users\jimpames\Desktop\FESv8-algebraic\migration_toolkit\skeleton_engine","VolumeCreationTime: 5/30/2024 3:01:34 PM, VolumeSerialNumber: 66CA-DF9F, SupportsObjects: True, VolumeLabel: Winხ","BUFFER OVERFLOW"
"2:08:10.5317099 PM","python.exe","24408","QueryAllInformationFile","C:\Users\jimpames\Desktop\FESv8-algebraic\migration_toolkit\skeleton_engine","CreationTime: 6/6/2026 6:32:24 AM, LastAccessTime: 6/7/2026 2:08:10 PM, LastWriteTime: 6/6/2026 7:26:23 AM, ChangeTime: 6/6/2026 7:26:23 AM, FileAttributes: D, AllocationSize: 8,192, EndOfFile: 8,192","BUFFER OVERFLOW"
"2:08:10.5317193 PM","python.exe","24408","CloseFile","C:\Users\jimpames\Desktop\FESv8-algebraic\migration_toolkit\skeleton_engine","","SUCCESS"
"2:08:10.5337631 PM","python.exe","24408","CreateFile","C:\Users\jimpames\Desktop\FESv8-algebraic\migration_toolkit\skeleton_engine","Desired Access: Read Attributes, Synchronize, Disposition: Open, Options: Synchronous IO Non-Alert, Attributes: n/a, ShareMode: None, AllocationSize: n/a, OpenResult: Opened","SUCCESS"
"2:08:10.5337857 PM","python.exe","24408","QueryInformationVolume","C:\Users\jimpames\Desktop\FESv8-algebraic\migration_toolkit\skeleton_engine","VolumeCreationTime: 5/30/2024 3:01:34 PM, VolumeSerialNumber: 66CA-DF9F, SupportsObjects: True, VolumeLabel: Winხ","BUFFER OVERFLOW"
"2:08:10.5337958 PM","python.exe","24408","QueryAllInformationFile","C:\Users\jimpames\Desktop\FESv8-algebraic\migration_toolkit\skeleton_engine","CreationTime: 6/6/2026 6:32:24 AM, LastAccessTime: 6/7/2026 2:08:10 PM, LastWriteTime: 6/6/2026 7:26:23 AM, ChangeTime: 6/6/2026 7:26:23 AM, FileAttributes: D, AllocationSize: 8,192, EndOfFile: 8,192","BUFFER OVERFLOW"
"2:08:10.5338063 PM","python.exe","24408","CloseFile","C:\Users\jimpames\Desktop\FESv8-algebraic\migration_toolkit\skeleton_engine","","SUCCESS"
"2:08:10.5352030 PM","python.exe","24408","CreateFile","C:\Users\jimpames\Desktop\FESv8-algebraic\migration_toolkit\skeleton_engine","Desired Access: Read Attributes, Synchronize, Disposition: Open, Options: Synchronous IO Non-Alert, Attributes: n/a, ShareMode: None, AllocationSize: n/a, OpenResult: Opened","SUCCESS"
"2:08:10.5352408 PM","python.exe","24408","QueryInformationVolume","C:\Users\jimpames\Desktop\FESv8-algebraic\migration_toolkit\skeleton_engine","VolumeCreationTime: 5/30/2024 3:01:34 PM, VolumeSerialNumber: 66CA-DF9F, SupportsObjects: True, VolumeLabel: Winፔ","BUFFER OVERFLOW"
"2:08:10.5352520 PM","python.exe","24408","QueryAllInformationFile","C:\Users\jimpames\Desktop\FESv8-algebraic\migration_toolkit\skeleton_engine","CreationTime: 6/6/2026 6:32:24 AM, LastAccessTime: 6/7/2026 2:08:10 PM, LastWriteTime: 6/6/2026 7:26:23 AM, ChangeTime: 6/6/2026 7:26:23 AM, FileAttributes: D, AllocationSize: 8,192, EndOfFile: 8,192","BUFFER OVERFLOW"
"2:08:10.5352655 PM","python.exe","24408","CloseFile","C:\Users\jimpames\Desktop\FESv8-algebraic\migration_toolkit\skeleton_engine","","SUCCESS"
"2:08:10.5364062 PM","python.exe","24408","CreateFile","C:\Users\jimpames\Desktop\FESv8-algebraic\migration_toolkit\skeleton_engine","Desired Access: Read Attributes, Synchronize, Disposition: Open, Options: Synchronous IO Non-Alert, Attributes: n/a, ShareMode: None, AllocationSize: n/a, OpenResult: Opened","SUCCESS"
"2:08:10.5364391 PM","python.exe","24408","QueryInformationVolume","C:\Users\jimpames\Desktop\FESv8-algebraic\migration_toolkit\skeleton_engine","VolumeCreationTime: 5/30/2024 3:01:34 PM, VolumeSerialNumber: 66CA-DF9F, SupportsObjects: True, VolumeLabel: Winፔ","BUFFER OVERFLOW"
"2:08:10.5364554 PM","python.exe","24408","QueryAllInformationFile","C:\Users\jimpames\Desktop\FESv8-algebraic\migration_toolkit\skeleton_engine","CreationTime: 6/6/2026 6:32:24 AM, LastAccessTime: 6/7/2026 2:08:10 PM, LastWriteTime: 6/6/2026 7:26:23 AM, ChangeTime: 6/6/2026 7:26:23 AM, FileAttributes: D, AllocationSize: 8,192, EndOfFile: 8,192","BUFFER OVERFLOW"
"2:08:10.5364730 PM","python.exe","24408","CloseFile","C:\Users\jimpames\Desktop\FESv8-algebraic\migration_toolkit\skeleton_engine","","SUCCESS"
"2:08:10.5377026 PM","python.exe","24408","CreateFile","C:\Users\jimpames\Desktop\FESv8-algebraic\migration_toolkit\skeleton_engine","Desired Access: Read Attributes, Synchronize, Disposition: Open, Options: Synchronous IO Non-Alert, Attributes: n/a, ShareMode: None, AllocationSize: n/a, OpenResult: Opened","SUCCESS"
"2:08:10.5377268 PM","python.exe","24408","QueryInformationVolume","C:\Users\jimpames\Desktop\FESv8-algebraic\migration_toolkit\skeleton_engine","VolumeCreationTime: 5/30/2024 3:01:34 PM, VolumeSerialNumber: 66CA-DF9F, SupportsObjects: True, VolumeLabel: Winፔ","BUFFER OVERFLOW"
"2:08:10.5377391 PM","python.exe","24408","QueryAllInformationFile","C:\Users\jimpames\Desktop\FESv8-algebraic\migration_toolkit\skeleton_engine","CreationTime: 6/6/2026 6:32:24 AM, LastAccessTime: 6/7/2026 2:08:10 PM, LastWriteTime: 6/6/2026 7:26:23 AM, ChangeTime: 6/6/2026 7:26:23 AM, FileAttributes: D, AllocationSize: 8,192, EndOfFile: 8,192","BUFFER OVERFLOW"
"2:08:10.5377519 PM","python.exe","24408","CloseFile","C:\Users\jimpames\Desktop\FESv8-algebraic\migration_toolkit\skeleton_engine","","SUCCESS"
"2:08:10.5394824 PM","python.exe","24408","CreateFile","C:\Users\jimpames\Desktop\FESv8-algebraic\migration_toolkit\skeleton_engine","Desired Access: Read Attributes, Synchronize, Disposition: Open, Options: Synchronous IO Non-Alert, Attributes: n/a, ShareMode: None, AllocationSize: n/a, OpenResult: Opened","SUCCESS"
"2:08:10.5395125 PM","python.exe","24408","QueryInformationVolume","C:\Users\jimpames\Desktop\FESv8-algebraic\migration_toolkit\skeleton_engine","VolumeCreationTime: 5/30/2024 3:01:34 PM, VolumeSerialNumber: 66CA-DF9F, SupportsObjects: True, VolumeLabel: Winፔ","BUFFER OVERFLOW"
"2:08:10.5395270 PM","python.exe","24408","QueryAllInformationFile","C:\Users\jimpames\Desktop\FESv8-algebraic\migration_toolkit\skeleton_engine","CreationTime: 6/6/2026 6:32:24 AM, LastAccessTime: 6/7/2026 2:08:10 PM, LastWriteTime: 6/6/2026 7:26:23 AM, ChangeTime: 6/6/2026 7:26:23 AM, FileAttributes: D, AllocationSize: 8,192, EndOfFile: 8,192","BUFFER OVERFLOW"
"2:08:10.5395416 PM","python.exe","24408","CloseFile","C:\Users\jimpames\Desktop\FESv8-algebraic\migration_toolkit\skeleton_engine","","SUCCESS"
"2:08:10.5411085 PM","python.exe","24408","CreateFile","C:\Users\jimpames\Desktop\FESv8-algebraic\migration_toolkit\skeleton_engine","Desired Access: Read Attributes, Synchronize, Disposition: Open, Options: Synchronous IO Non-Alert, Attributes: n/a, ShareMode: None, AllocationSize: n/a, OpenResult: Opened","SUCCESS"
"2:08:10.5411336 PM","python.exe","24408","QueryInformationVolume","C:\Users\jimpames\Desktop\FESv8-algebraic\migration_toolkit\skeleton_engine","VolumeCreationTime: 5/30/2024 3:01:34 PM, VolumeSerialNumber: 66CA-DF9F, SupportsObjects: True, VolumeLabel: Winፔ","BUFFER OVERFLOW"
"2:08:10.5411454 PM","python.exe","24408","QueryAllInformationFile","C:\Users\jimpames\Desktop\FESv8-algebraic\migration_toolkit\skeleton_engine","CreationTime: 6/6/2026 6:32:24 AM, LastAccessTime: 6/7/2026 2:08:10 PM, LastWriteTime: 6/6/2026 7:26:23 AM, ChangeTime: 6/6/2026 7:26:23 AM, FileAttributes: D, AllocationSize: 8,192, EndOfFile: 8,192","BUFFER OVERFLOW"
"2:08:10.5411576 PM","python.exe","24408","CloseFile","C:\Users\jimpames\Desktop\FESv8-algebraic\migration_toolkit\skeleton_engine","","SUCCESS"
"2:08:10.6214751 PM","python.exe","24408","CloseFile","C:\Users\jimpames\Desktop\FESv8-algebraic\migration_toolkit","","SUCCESS"
"2:08:10.6239805 PM","python.exe","47532","CloseFile","C:\Users\jimpames\Desktop\FESv8-algebraic\migration_toolkit","","SUCCESS"
"2:08:10.6263820 PM","python.exe","35508","CreateFile","C:\Users\jimpames\Desktop\FESv8-algebraic\migration_toolkit","Desired Access: Read Attributes, Disposition: Open, Options: Open Reparse Point, Attributes: n/a, ShareMode: Read, Write, Delete, AllocationSize: n/a, OpenResult: Opened","SUCCESS"
"2:08:10.6264024 PM","python.exe","35508","QueryBasicInformationFile","C:\Users\jimpames\Desktop\FESv8-algebraic\migration_toolkit","CreationTime: 6/6/2026 6:32:22 AM, LastAccessTime: 6/7/2026 2:08:10 PM, LastWriteTime: 6/6/2026 7:26:22 AM, ChangeTime: 6/6/2026 7:26:22 AM, FileAttributes: D","SUCCESS"
"2:08:10.6264133 PM","python.exe","35508","CloseFile","C:\Users\jimpames\Desktop\FESv8-algebraic\migration_toolkit","","SUCCESS"
"2:08:10.6336495 PM","python.exe","22652","CreateFile","C:\Users\jimpames\Desktop\FESv8-algebraic\migration_toolkit","Desired Access: Execute/Traverse, Synchronize, Disposition: Open, Options: Directory, Synchronous IO Non-Alert, Attributes: n/a, ShareMode: Read, Write, AllocationSize: n/a, OpenResult: Opened","SUCCESS"
"2:08:10.6473899 PM","python.exe","73160","CreateFile","C:\Users\jimpames\Desktop\FESv8-algebraic\migration_toolkit","Desired Access: Execute/Traverse, Synchronize, Disposition: Open, Options: Directory, Synchronous IO Non-Alert, Attributes: n/a, ShareMode: Read, Write, AllocationSize: n/a, OpenResult: Opened","SUCCESS"
"2:08:10.6977094 PM","python.exe","73160","CreateFile","C:\Users\jimpames\Desktop\FESv8-algebraic\migration_toolkit\wg_validator","Desired Access: Read Attributes, Synchronize, Disposition: Open, Options: Synchronous IO Non-Alert, Attributes: n/a, ShareMode: None, AllocationSize: n/a, OpenResult: Opened","SUCCESS"
"2:08:10.6977442 PM","python.exe","73160","QueryInformationVolume","C:\Users\jimpames\Desktop\FESv8-algebraic\migration_toolkit\wg_validator","VolumeCreationTime: 5/30/2024 3:01:34 PM, VolumeSerialNumber: 66CA-DF9F, SupportsObjects: True, VolumeLabel: Winፖ","BUFFER OVERFLOW"
"2:08:10.6977663 PM","python.exe","73160","QueryAllInformationFile","C:\Users\jimpames\Desktop\FESv8-algebraic\migration_toolkit\wg_validator","CreationTime: 6/6/2026 6:32:25 AM, LastAccessTime: 6/7/2026 2:08:10 PM, LastWriteTime: 6/6/2026 7:26:24 AM, ChangeTime: 6/6/2026 7:26:24 AM, FileAttributes: D, AllocationSize: 4,096, EndOfFile: 4,096","BUFFER OVERFLOW"
"2:08:10.6977812 PM","python.exe","73160","CloseFile","C:\Users\jimpames\Desktop\FESv8-algebraic\migration_toolkit\wg_validator","","SUCCESS"
"2:08:10.6979713 PM","python.exe","73160","CreateFile","C:\Users\jimpames\Desktop\FESv8-algebraic\migration_toolkit\wg_validator","Desired Access: Read Attributes, Synchronize, Disposition: Open, Options: Synchronous IO Non-Alert, Attributes: n/a, ShareMode: None, AllocationSize: n/a, OpenResult: Opened","SUCCESS"
"2:08:10.6979970 PM","python.exe","73160","QueryInformationVolume","C:\Users\jimpames\Desktop\FESv8-algebraic\migration_toolkit\wg_validator","VolumeCreationTime: 5/30/2024 3:01:34 PM, VolumeSerialNumber: 66CA-DF9F, SupportsObjects: True, VolumeLabel: Winፖ","BUFFER OVERFLOW"
"2:08:10.6980102 PM","python.exe","73160","QueryAllInformationFile","C:\Users\jimpames\Desktop\FESv8-algebraic\migration_toolkit\wg_validator","CreationTime: 6/6/2026 6:32:25 AM, LastAccessTime: 6/7/2026 2:08:10 PM, LastWriteTime: 6/6/2026 7:26:24 AM, ChangeTime: 6/6/2026 7:26:24 AM, FileAttributes: D, AllocationSize: 4,096, EndOfFile: 4,096","BUFFER OVERFLOW"
"2:08:10.6980249 PM","python.exe","73160","CloseFile","C:\Users\jimpames\Desktop\FESv8-algebraic\migration_toolkit\wg_validator","","SUCCESS"
"2:08:10.6981198 PM","python.exe","73160","CreateFile","C:\Users\jimpames\Desktop\FESv8-algebraic\migration_toolkit\wg_validator","Desired Access: Read Attributes, Synchronize, Disposition: Open, Options: Synchronous IO Non-Alert, Attributes: n/a, ShareMode: None, AllocationSize: n/a, OpenResult: Opened","SUCCESS"
"2:08:10.6981358 PM","python.exe","73160","QueryInformationVolume","C:\Users\jimpames\Desktop\FESv8-algebraic\migration_toolkit\wg_validator","VolumeCreationTime: 5/30/2024 3:01:34 PM, VolumeSerialNumber: 66CA-DF9F, SupportsObjects: True, VolumeLabel: Winፖ","BUFFER OVERFLOW"
"2:08:10.6981431 PM","python.exe","73160","QueryAllInformationFile","C:\Users\jimpames\Desktop\FESv8-algebraic\migration_toolkit\wg_validator","CreationTime: 6/6/2026 6:32:25 AM, LastAccessTime: 6/7/2026 2:08:10 PM, LastWriteTime: 6/6/2026 7:26:24 AM, ChangeTime: 6/6/2026 7:26:24 AM, FileAttributes: D, AllocationSize: 4,096, EndOfFile: 4,096","BUFFER OVERFLOW"
"2:08:10.6981597 PM","python.exe","73160","CloseFile","C:\Users\jimpames\Desktop\FESv8-algebraic\migration_toolkit\wg_validator","","SUCCESS"
"2:08:10.6982423 PM","python.exe","73160","CreateFile","C:\Users\jimpames\Desktop\FESv8-algebraic\migration_toolkit\wg_validator","Desired Access: Read Data/List Directory, Synchronize, Disposition: Open, Options: Directory, Synchronous IO Non-Alert, Attributes: n/a, ShareMode: Read, Write, Delete, AllocationSize: n/a, OpenResult: Opened","SUCCESS"
"2:08:10.6983112 PM","python.exe","73160","QueryDirectory","C:\Users\jimpames\Desktop\FESv8-algebraic\migration_toolkit\wg_validator","FileInformationClass: FileBothDirectoryInformation, 1: .., 2: CROSS_REFERENCE_FINDINGS.md, 3: jpa_diff.py, 4: output, 5: SCHEMA_CURATION_NOTES.md, 6: schema_inferer.py","SUCCESS"
"2:08:10.6983435 PM","python.exe","73160","QueryDirectory","C:\Users\jimpames\Desktop\FESv8-algebraic\migration_toolkit\wg_validator","FileInformationClass: FileBothDirectoryInformation","NO MORE FILES"
"2:08:10.6983569 PM","python.exe","73160","CloseFile","C:\Users\jimpames\Desktop\FESv8-algebraic\migration_toolkit\wg_validator","","SUCCESS"
"2:08:10.6998853 PM","python.exe","73160","CreateFile","C:\Users\jimpames\Desktop\FESv8-algebraic\migration_toolkit\wg_validator","Desired Access: Read Attributes, Synchronize, Disposition: Open, Options: Synchronous IO Non-Alert, Attributes: n/a, ShareMode: None, AllocationSize: n/a, OpenResult: Opened","SUCCESS"
"2:08:10.6999094 PM","python.exe","73160","QueryInformationVolume","C:\Users\jimpames\Desktop\FESv8-algebraic\migration_toolkit\wg_validator","VolumeCreationTime: 5/30/2024 3:01:34 PM, VolumeSerialNumber: 66CA-DF9F, SupportsObjects: True, VolumeLabel: Winፖ","BUFFER OVERFLOW"
"2:08:10.6999192 PM","python.exe","73160","QueryAllInformationFile","C:\Users\jimpames\Desktop\FESv8-algebraic\migration_toolkit\wg_validator","CreationTime: 6/6/2026 6:32:25 AM, LastAccessTime: 6/7/2026 2:08:10 PM, LastWriteTime: 6/6/2026 7:26:24 AM, ChangeTime: 6/6/2026 7:26:24 AM, FileAttributes: D, AllocationSize: 4,096, EndOfFile: 4,096","BUFFER OVERFLOW"
"2:08:10.6999310 PM","python.exe","73160","CloseFile","C:\Users\jimpames\Desktop\FESv8-algebraic\migration_toolkit\wg_validator","","SUCCESS"
"2:08:10.7014992 PM","python.exe","73160","CreateFile","C:\Users\jimpames\Desktop\FESv8-algebraic\migration_toolkit\wg_validator","Desired Access: Read Attributes, Synchronize, Disposition: Open, Options: Synchronous IO Non-Alert, Attributes: n/a, ShareMode: None, AllocationSize: n/a, OpenResult: Opened","SUCCESS"
"2:08:10.7015355 PM","python.exe","73160","QueryInformationVolume","C:\Users\jimpames\Desktop\FESv8-algebraic\migration_toolkit\wg_validator","VolumeCreationTime: 5/30/2024 3:01:34 PM, VolumeSerialNumber: 66CA-DF9F, SupportsObjects: True, VolumeLabel: Winხ","BUFFER OVERFLOW"
"2:08:10.7015510 PM","python.exe","73160","QueryAllInformationFile","C:\Users\jimpames\Desktop\FESv8-algebraic\migration_toolkit\wg_validator","CreationTime: 6/6/2026 6:32:25 AM, LastAccessTime: 6/7/2026 2:08:10 PM, LastWriteTime: 6/6/2026 7:26:24 AM, ChangeTime: 6/6/2026 7:26:24 AM, FileAttributes: D, AllocationSize: 4,096, EndOfFile: 4,096","BUFFER OVERFLOW"
"2:08:10.7015684 PM","python.exe","73160","CloseFile","C:\Users\jimpames\Desktop\FESv8-algebraic\migration_toolkit\wg_validator","","SUCCESS"
"2:08:10.7031438 PM","python.exe","73160","CreateFile","C:\Users\jimpames\Desktop\FESv8-algebraic\migration_toolkit\wg_validator","Desired Access: Read Attributes, Synchronize, Disposition: Open, Options: Synchronous IO Non-Alert, Attributes: n/a, ShareMode: None, AllocationSize: n/a, OpenResult: Opened","SUCCESS"
"2:08:10.7031715 PM","python.exe","73160","QueryInformationVolume","C:\Users\jimpames\Desktop\FESv8-algebraic\migration_toolkit\wg_validator","VolumeCreationTime: 5/30/2024 3:01:34 PM, VolumeSerialNumber: 66CA-DF9F, SupportsObjects: True, VolumeLabel: Winፖ","BUFFER OVERFLOW"
"2:08:10.7031838 PM","python.exe","73160","QueryAllInformationFile","C:\Users\jimpames\Desktop\FESv8-algebraic\migration_toolkit\wg_validator","CreationTime: 6/6/2026 6:32:25 AM, LastAccessTime: 6/7/2026 2:08:10 PM, LastWriteTime: 6/6/2026 7:26:24 AM, ChangeTime: 6/6/2026 7:26:24 AM, FileAttributes: D, AllocationSize: 4,096, EndOfFile: 4,096","BUFFER OVERFLOW"
"2:08:10.7031970 PM","python.exe","73160","CloseFile","C:\Users\jimpames\Desktop\FESv8-algebraic\migration_toolkit\wg_validator","","SUCCESS"
"2:08:10.7046410 PM","python.exe","73160","CreateFile","C:\Users\jimpames\Desktop\FESv8-algebraic\migration_toolkit\wg_validator","Desired Access: Read Attributes, Synchronize, Disposition: Open, Options: Synchronous IO Non-Alert, Attributes: n/a, ShareMode: None, AllocationSize: n/a, OpenResult: Opened","SUCCESS"
"2:08:10.7046669 PM","python.exe","73160","QueryInformationVolume","C:\Users\jimpames\Desktop\FESv8-algebraic\migration_toolkit\wg_validator","VolumeCreationTime: 5/30/2024 3:01:34 PM, VolumeSerialNumber: 66CA-DF9F, SupportsObjects: True, VolumeLabel: Winፖ","BUFFER OVERFLOW"
"2:08:10.7046789 PM","python.exe","73160","QueryAllInformationFile","C:\Users\jimpames\Desktop\FESv8-algebraic\migration_toolkit\wg_validator","CreationTime: 6/6/2026 6:32:25 AM, LastAccessTime: 6/7/2026 2:08:10 PM, LastWriteTime: 6/6/2026 7:26:24 AM, ChangeTime: 6/6/2026 7:26:24 AM, FileAttributes: D, AllocationSize: 4,096, EndOfFile: 4,096","BUFFER OVERFLOW"
"2:08:10.7046917 PM","python.exe","73160","CloseFile","C:\Users\jimpames\Desktop\FESv8-algebraic\migration_toolkit\wg_validator","","SUCCESS"
"2:08:10.7065974 PM","python.exe","73160","CreateFile","C:\Users\jimpames\Desktop\FESv8-algebraic\migration_toolkit\wg_validator","Desired Access: Read Attributes, Synchronize, Disposition: Open, Options: Synchronous IO Non-Alert, Attributes: n/a, ShareMode: None, AllocationSize: n/a, OpenResult: Opened","SUCCESS"
"2:08:10.7066236 PM","python.exe","73160","QueryInformationVolume","C:\Users\jimpames\Desktop\FESv8-algebraic\migration_toolkit\wg_validator","VolumeCreationTime: 5/30/2024 3:01:34 PM, VolumeSerialNumber: 66CA-DF9F, SupportsObjects: True, VolumeLabel: Winፖ","BUFFER OVERFLOW"
"2:08:10.7066352 PM","python.exe","73160","QueryAllInformationFile","C:\Users\jimpames\Desktop\FESv8-algebraic\migration_toolkit\wg_validator","CreationTime: 6/6/2026 6:32:25 AM, LastAccessTime: 6/7/2026 2:08:10 PM, LastWriteTime: 6/6/2026 7:26:24 AM, ChangeTime: 6/6/2026 7:26:24 AM, FileAttributes: D, AllocationSize: 4,096, EndOfFile: 4,096","BUFFER OVERFLOW"
"2:08:10.7066479 PM","python.exe","73160","CloseFile","C:\Users\jimpames\Desktop\FESv8-algebraic\migration_toolkit\wg_validator","","SUCCESS"
"2:08:10.7087524 PM","python.exe","73160","CreateFile","C:\Users\jimpames\Desktop\FESv8-algebraic\migration_toolkit\wg_validator","Desired Access: Read Attributes, Synchronize, Disposition: Open, Options: Synchronous IO Non-Alert, Attributes: n/a, ShareMode: None, AllocationSize: n/a, OpenResult: Opened","SUCCESS"
"2:08:10.7087977 PM","python.exe","73160","QueryInformationVolume","C:\Users\jimpames\Desktop\FESv8-algebraic\migration_toolkit\wg_validator","VolumeCreationTime: 5/30/2024 3:01:34 PM, VolumeSerialNumber: 66CA-DF9F, SupportsObjects: True, VolumeLabel: Winፖ","BUFFER OVERFLOW"
"2:08:10.7088169 PM","python.exe","73160","QueryAllInformationFile","C:\Users\jimpames\Desktop\FESv8-algebraic\migration_toolkit\wg_validator","CreationTime: 6/6/2026 6:32:25 AM, LastAccessTime: 6/7/2026 2:08:10 PM, LastWriteTime: 6/6/2026 7:26:24 AM, ChangeTime: 6/6/2026 7:26:24 AM, FileAttributes: D, AllocationSize: 4,096, EndOfFile: 4,096","BUFFER OVERFLOW"
"2:08:10.7088380 PM","python.exe","73160","CloseFile","C:\Users\jimpames\Desktop\FESv8-algebraic\migration_toolkit\wg_validator","","SUCCESS"
"2:08:10.7107793 PM","python.exe","73160","CreateFile","C:\Users\jimpames\Desktop\FESv8-algebraic\migration_toolkit\wg_validator","Desired Access: Read Attributes, Synchronize, Disposition: Open, Options: Synchronous IO Non-Alert, Attributes: n/a, ShareMode: None, AllocationSize: n/a, OpenResult: Opened","SUCCESS"
"2:08:10.7108123 PM","python.exe","73160","QueryInformationVolume","C:\Users\jimpames\Desktop\FESv8-algebraic\migration_toolkit\wg_validator","VolumeCreationTime: 5/30/2024 3:01:34 PM, VolumeSerialNumber: 66CA-DF9F, SupportsObjects: True, VolumeLabel: Winხ","BUFFER OVERFLOW"
"2:08:10.7108322 PM","python.exe","73160","QueryAllInformationFile","C:\Users\jimpames\Desktop\FESv8-algebraic\migration_toolkit\wg_validator","CreationTime: 6/6/2026 6:32:25 AM, LastAccessTime: 6/7/2026 2:08:10 PM, LastWriteTime: 6/6/2026 7:26:24 AM, ChangeTime: 6/6/2026 7:26:24 AM, FileAttributes: D, AllocationSize: 4,096, EndOfFile: 4,096","BUFFER OVERFLOW"
"2:08:10.7108490 PM","python.exe","73160","CloseFile","C:\Users\jimpames\Desktop\FESv8-algebraic\migration_toolkit\wg_validator","","SUCCESS"
"2:08:10.7127565 PM","python.exe","73160","CreateFile","C:\Users\jimpames\Desktop\FESv8-algebraic\migration_toolkit\wg_validator","Desired Access: Read Attributes, Synchronize, Disposition: Open, Options: Synchronous IO Non-Alert, Attributes: n/a, ShareMode: None, AllocationSize: n/a, OpenResult: Opened","SUCCESS"
"2:08:10.7127893 PM","python.exe","73160","QueryInformationVolume","C:\Users\jimpames\Desktop\FESv8-algebraic\migration_toolkit\wg_validator","VolumeCreationTime: 5/30/2024 3:01:34 PM, VolumeSerialNumber: 66CA-DF9F, SupportsObjects: True, VolumeLabel: Winፖ","BUFFER OVERFLOW"
"2:08:10.7128051 PM","python.exe","73160","QueryAllInformationFile","C:\Users\jimpames\Desktop\FESv8-algebraic\migration_toolkit\wg_validator","CreationTime: 6/6/2026 6:32:25 AM, LastAccessTime: 6/7/2026 2:08:10 PM, LastWriteTime: 6/6/2026 7:26:24 AM, ChangeTime: 6/6/2026 7:26:24 AM, FileAttributes: D, AllocationSize: 4,096, EndOfFile: 4,096","BUFFER OVERFLOW"
"2:08:10.7128227 PM","python.exe","73160","CloseFile","C:\Users\jimpames\Desktop\FESv8-algebraic\migration_toolkit\wg_validator","","SUCCESS"
"2:08:10.7146603 PM","python.exe","73160","CreateFile","C:\Users\jimpames\Desktop\FESv8-algebraic\migration_toolkit\wg_validator","Desired Access: Read Attributes, Synchronize, Disposition: Open, Options: Synchronous IO Non-Alert, Attributes: n/a, ShareMode: None, AllocationSize: n/a, OpenResult: Opened","SUCCESS"
"2:08:10.7146983 PM","python.exe","73160","QueryInformationVolume","C:\Users\jimpames\Desktop\FESv8-algebraic\migration_toolkit\wg_validator","VolumeCreationTime: 5/30/2024 3:01:34 PM, VolumeSerialNumber: 66CA-DF9F, SupportsObjects: True, VolumeLabel: Winፖ","BUFFER OVERFLOW"
"2:08:10.7147163 PM","python.exe","73160","QueryAllInformationFile","C:\Users\jimpames\Desktop\FESv8-algebraic\migration_toolkit\wg_validator","CreationTime: 6/6/2026 6:32:25 AM, LastAccessTime: 6/7/2026 2:08:10 PM, LastWriteTime: 6/6/2026 7:26:24 AM, ChangeTime: 6/6/2026 7:26:24 AM, FileAttributes: D, AllocationSize: 4,096, EndOfFile: 4,096","BUFFER OVERFLOW"
"2:08:10.7147362 PM","python.exe","73160","CloseFile","C:\Users\jimpames\Desktop\FESv8-algebraic\migration_toolkit\wg_validator","","SUCCESS"
"2:08:10.7170027 PM","python.exe","73160","CreateFile","C:\Users\jimpames\Desktop\FESv8-algebraic\migration_toolkit\wg_validator","Desired Access: Read Attributes, Synchronize, Disposition: Open, Options: Synchronous IO Non-Alert, Attributes: n/a, ShareMode: None, AllocationSize: n/a, OpenResult: Opened","SUCCESS"
"2:08:10.7170399 PM","python.exe","73160","QueryInformationVolume","C:\Users\jimpames\Desktop\FESv8-algebraic\migration_toolkit\wg_validator","VolumeCreationTime: 5/30/2024 3:01:34 PM, VolumeSerialNumber: 66CA-DF9F, SupportsObjects: True, VolumeLabel: Winხ","BUFFER OVERFLOW"
"2:08:10.7170627 PM","python.exe","73160","QueryAllInformationFile","C:\Users\jimpames\Desktop\FESv8-algebraic\migration_toolkit\wg_validator","CreationTime: 6/6/2026 6:32:25 AM, LastAccessTime: 6/7/2026 2:08:10 PM, LastWriteTime: 6/6/2026 7:26:24 AM, ChangeTime: 6/6/2026 7:26:24 AM, FileAttributes: D, AllocationSize: 4,096, EndOfFile: 4,096","BUFFER OVERFLOW"
"2:08:10.7170864 PM","python.exe","73160","CloseFile","C:\Users\jimpames\Desktop\FESv8-algebraic\migration_toolkit\wg_validator","","SUCCESS"
"2:08:10.7191396 PM","python.exe","73160","CreateFile","C:\Users\jimpames\Desktop\FESv8-algebraic\migration_toolkit\wg_validator","Desired Access: Read Attributes, Synchronize, Disposition: Open, Options: Synchronous IO Non-Alert, Attributes: n/a, ShareMode: None, AllocationSize: n/a, OpenResult: Opened","SUCCESS"
"2:08:10.7191695 PM","python.exe","73160","QueryInformationVolume","C:\Users\jimpames\Desktop\FESv8-algebraic\migration_toolkit\wg_validator","VolumeCreationTime: 5/30/2024 3:01:34 PM, VolumeSerialNumber: 66CA-DF9F, SupportsObjects: True, VolumeLabel: Winხ","BUFFER OVERFLOW"
"2:08:10.7191827 PM","python.exe","73160","QueryAllInformationFile","C:\Users\jimpames\Desktop\FESv8-algebraic\migration_toolkit\wg_validator","CreationTime: 6/6/2026 6:32:25 AM, LastAccessTime: 6/7/2026 2:08:10 PM, LastWriteTime: 6/6/2026 7:26:24 AM, ChangeTime: 6/6/2026 7:26:24 AM, FileAttributes: D, AllocationSize: 4,096, EndOfFile: 4,096","BUFFER OVERFLOW"
"2:08:10.7191970 PM","python.exe","73160","CloseFile","C:\Users\jimpames\Desktop\FESv8-algebraic\migration_toolkit\wg_validator","","SUCCESS"
"2:08:10.7209517 PM","python.exe","73160","CreateFile","C:\Users\jimpames\Desktop\FESv8-algebraic\migration_toolkit\wg_validator","Desired Access: Read Attributes, Synchronize, Disposition: Open, Options: Synchronous IO Non-Alert, Attributes: n/a, ShareMode: None, AllocationSize: n/a, OpenResult: Opened","SUCCESS"
"2:08:10.7209955 PM","python.exe","73160","QueryInformationVolume","C:\Users\jimpames\Desktop\FESv8-algebraic\migration_toolkit\wg_validator","VolumeCreationTime: 5/30/2024 3:01:34 PM, VolumeSerialNumber: 66CA-DF9F, SupportsObjects: True, VolumeLabel: Winხ","BUFFER OVERFLOW"
"2:08:10.7210169 PM","python.exe","73160","QueryAllInformationFile","C:\Users\jimpames\Desktop\FESv8-algebraic\migration_toolkit\wg_validator","CreationTime: 6/6/2026 6:32:25 AM, LastAccessTime: 6/7/2026 2:08:10 PM, LastWriteTime: 6/6/2026 7:26:24 AM, ChangeTime: 6/6/2026 7:26:24 AM, FileAttributes: D, AllocationSize: 4,096, EndOfFile: 4,096","BUFFER OVERFLOW"
"2:08:10.7210415 PM","python.exe","73160","CloseFile","C:\Users\jimpames\Desktop\FESv8-algebraic\migration_toolkit\wg_validator","","SUCCESS"
"2:08:10.7239498 PM","python.exe","73160","CreateFile","C:\Users\jimpames\Desktop\FESv8-algebraic\migration_toolkit\wg_validator","Desired Access: Read Attributes, Synchronize, Disposition: Open, Options: Synchronous IO Non-Alert, Attributes: n/a, ShareMode: None, AllocationSize: n/a, OpenResult: Opened","SUCCESS"
"2:08:10.7239817 PM","python.exe","73160","QueryInformationVolume","C:\Users\jimpames\Desktop\FESv8-algebraic\migration_toolkit\wg_validator","VolumeCreationTime: 5/30/2024 3:01:34 PM, VolumeSerialNumber: 66CA-DF9F, SupportsObjects: True, VolumeLabel: Winፖ","BUFFER OVERFLOW"
"2:08:10.7240004 PM","python.exe","73160","QueryAllInformationFile","C:\Users\jimpames\Desktop\FESv8-algebraic\migration_toolkit\wg_validator","CreationTime: 6/6/2026 6:32:25 AM, LastAccessTime: 6/7/2026 2:08:10 PM, LastWriteTime: 6/6/2026 7:26:24 AM, ChangeTime: 6/6/2026 7:26:24 AM, FileAttributes: D, AllocationSize: 4,096, EndOfFile: 4,096","BUFFER OVERFLOW"
"2:08:10.7240206 PM","python.exe","73160","CloseFile","C:\Users\jimpames\Desktop\FESv8-algebraic\migration_toolkit\wg_validator","","SUCCESS"
"2:08:10.7258117 PM","python.exe","73160","CreateFile","C:\Users\jimpames\Desktop\FESv8-algebraic\migration_toolkit\wg_validator","Desired Access: Read Attributes, Synchronize, Disposition: Open, Options: Synchronous IO Non-Alert, Attributes: n/a, ShareMode: None, AllocationSize: n/a, OpenResult: Opened","SUCCESS"
"2:08:10.7258411 PM","python.exe","73160","QueryInformationVolume","C:\Users\jimpames\Desktop\FESv8-algebraic\migration_toolkit\wg_validator","VolumeCreationTime: 5/30/2024 3:01:34 PM, VolumeSerialNumber: 66CA-DF9F, SupportsObjects: True, VolumeLabel: Winხ","BUFFER OVERFLOW"
"2:08:10.7258510 PM","python.exe","73160","QueryAllInformationFile","C:\Users\jimpames\Desktop\FESv8-algebraic\migration_toolkit\wg_validator","CreationTime: 6/6/2026 6:32:25 AM, LastAccessTime: 6/7/2026 2:08:10 PM, LastWriteTime: 6/6/2026 7:26:24 AM, ChangeTime: 6/6/2026 7:26:24 AM, FileAttributes: D, AllocationSize: 4,096, EndOfFile: 4,096","BUFFER OVERFLOW"
"2:08:10.7258622 PM","python.exe","73160","CloseFile","C:\Users\jimpames\Desktop\FESv8-algebraic\migration_toolkit\wg_validator","","SUCCESS"
"2:08:10.7283350 PM","python.exe","73160","CreateFile","C:\Users\jimpames\Desktop\FESv8-algebraic\migration_toolkit\wg_validator","Desired Access: Read Attributes, Synchronize, Disposition: Open, Options: Synchronous IO Non-Alert, Attributes: n/a, ShareMode: None, AllocationSize: n/a, OpenResult: Opened","SUCCESS"
"2:08:10.7283746 PM","python.exe","73160","QueryInformationVolume","C:\Users\jimpames\Desktop\FESv8-algebraic\migration_toolkit\wg_validator","VolumeCreationTime: 5/30/2024 3:01:34 PM, VolumeSerialNumber: 66CA-DF9F, SupportsObjects: True, VolumeLabel: Winፖ","BUFFER OVERFLOW"
"2:08:10.7283928 PM","python.exe","73160","QueryAllInformationFile","C:\Users\jimpames\Desktop\FESv8-algebraic\migration_toolkit\wg_validator","CreationTime: 6/6/2026 6:32:25 AM, LastAccessTime: 6/7/2026 2:08:10 PM, LastWriteTime: 6/6/2026 7:26:24 AM, ChangeTime: 6/6/2026 7:26:24 AM, FileAttributes: D, AllocationSize: 4,096, EndOfFile: 4,096","BUFFER OVERFLOW"
"2:08:10.7284079 PM","python.exe","73160","CloseFile","C:\Users\jimpames\Desktop\FESv8-algebraic\migration_toolkit\wg_validator","","SUCCESS"
"2:08:10.7300815 PM","python.exe","73160","CreateFile","C:\Users\jimpames\Desktop\FESv8-algebraic\migration_toolkit\wg_validator","Desired Access: Read Attributes, Synchronize, Disposition: Open, Options: Synchronous IO Non-Alert, Attributes: n/a, ShareMode: None, AllocationSize: n/a, OpenResult: Opened","SUCCESS"
"2:08:10.7301122 PM","python.exe","73160","QueryInformationVolume","C:\Users\jimpames\Desktop\FESv8-algebraic\migration_toolkit\wg_validator","VolumeCreationTime: 5/30/2024 3:01:34 PM, VolumeSerialNumber: 66CA-DF9F, SupportsObjects: True, VolumeLabel: Winፖ","BUFFER OVERFLOW"
"2:08:10.7301241 PM","python.exe","73160","QueryAllInformationFile","C:\Users\jimpames\Desktop\FESv8-algebraic\migration_toolkit\wg_validator","CreationTime: 6/6/2026 6:32:25 AM, LastAccessTime: 6/7/2026 2:08:10 PM, LastWriteTime: 6/6/2026 7:26:24 AM, ChangeTime: 6/6/2026 7:26:24 AM, FileAttributes: D, AllocationSize: 4,096, EndOfFile: 4,096","BUFFER OVERFLOW"
"2:08:10.7301378 PM","python.exe","73160","CloseFile","C:\Users\jimpames\Desktop\FESv8-algebraic\migration_toolkit\wg_validator","","SUCCESS"
"2:08:10.7315668 PM","python.exe","73160","CreateFile","C:\Users\jimpames\Desktop\FESv8-algebraic\migration_toolkit\wg_validator","Desired Access: Read Attributes, Synchronize, Disposition: Open, Options: Synchronous IO Non-Alert, Attributes: n/a, ShareMode: None, AllocationSize: n/a, OpenResult: Opened","SUCCESS"
"2:08:10.7315899 PM","python.exe","73160","QueryInformationVolume","C:\Users\jimpames\Desktop\FESv8-algebraic\migration_toolkit\wg_validator","VolumeCreationTime: 5/30/2024 3:01:34 PM, VolumeSerialNumber: 66CA-DF9F, SupportsObjects: True, VolumeLabel: Winხ","BUFFER OVERFLOW"
"2:08:10.7316001 PM","python.exe","73160","QueryAllInformationFile","C:\Users\jimpames\Desktop\FESv8-algebraic\migration_toolkit\wg_validator","CreationTime: 6/6/2026 6:32:25 AM, LastAccessTime: 6/7/2026 2:08:10 PM, LastWriteTime: 6/6/2026 7:26:24 AM, ChangeTime: 6/6/2026 7:26:24 AM, FileAttributes: D, AllocationSize: 4,096, EndOfFile: 4,096","BUFFER OVERFLOW"
"2:08:10.7316114 PM","python.exe","73160","CloseFile","C:\Users\jimpames\Desktop\FESv8-algebraic\migration_toolkit\wg_validator","","SUCCESS"
"2:08:10.7330256 PM","python.exe","73160","CreateFile","C:\Users\jimpames\Desktop\FESv8-algebraic\migration_toolkit\wg_validator","Desired Access: Read Attributes, Synchronize, Disposition: Open, Options: Synchronous IO Non-Alert, Attributes: n/a, ShareMode: None, AllocationSize: n/a, OpenResult: Opened","SUCCESS"
"2:08:10.7330473 PM","python.exe","73160","QueryInformationVolume","C:\Users\jimpames\Desktop\FESv8-algebraic\migration_toolkit\wg_validator","VolumeCreationTime: 5/30/2024 3:01:34 PM, VolumeSerialNumber: 66CA-DF9F, SupportsObjects: True, VolumeLabel: Winხ","BUFFER OVERFLOW"
"2:08:10.7330564 PM","python.exe","73160","QueryAllInformationFile","C:\Users\jimpames\Desktop\FESv8-algebraic\migration_toolkit\wg_validator","CreationTime: 6/6/2026 6:32:25 AM, LastAccessTime: 6/7/2026 2:08:10 PM, LastWriteTime: 6/6/2026 7:26:24 AM, ChangeTime: 6/6/2026 7:26:24 AM, FileAttributes: D, AllocationSize: 4,096, EndOfFile: 4,096","BUFFER OVERFLOW"
"2:08:10.7330661 PM","python.exe","73160","CloseFile","C:\Users\jimpames\Desktop\FESv8-algebraic\migration_toolkit\wg_validator","","SUCCESS"
"2:08:10.7346519 PM","python.exe","73160","CreateFile","C:\Users\jimpames\Desktop\FESv8-algebraic\migration_toolkit\wg_validator","Desired Access: Read Attributes, Synchronize, Disposition: Open, Options: Synchronous IO Non-Alert, Attributes: n/a, ShareMode: None, AllocationSize: n/a, OpenResult: Opened","SUCCESS"
"2:08:10.7346839 PM","python.exe","73160","QueryInformationVolume","C:\Users\jimpames\Desktop\FESv8-algebraic\migration_toolkit\wg_validator","VolumeCreationTime: 5/30/2024 3:01:34 PM, VolumeSerialNumber: 66CA-DF9F, SupportsObjects: True, VolumeLabel: Winხ","BUFFER OVERFLOW"
"2:08:10.7346978 PM","python.exe","73160","QueryAllInformationFile","C:\Users\jimpames\Desktop\FESv8-algebraic\migration_toolkit\wg_validator","CreationTime: 6/6/2026 6:32:25 AM, LastAccessTime: 6/7/2026 2:08:10 PM, LastWriteTime: 6/6/2026 7:26:24 AM, ChangeTime: 6/6/2026 7:26:24 AM, FileAttributes: D, AllocationSize: 4,096, EndOfFile: 4,096","BUFFER OVERFLOW"
"2:08:10.7347097 PM","python.exe","73160","CloseFile","C:\Users\jimpames\Desktop\FESv8-algebraic\migration_toolkit\wg_validator","","SUCCESS"
"2:08:10.7391147 PM","python.exe","73160","CreateFile","C:\Users\jimpames\Desktop\FESv8-algebraic\migration_toolkit\wg_validator","Desired Access: Read Attributes, Synchronize, Disposition: Open, Options: Synchronous IO Non-Alert, Attributes: n/a, ShareMode: None, AllocationSize: n/a, OpenResult: Opened","SUCCESS"
"2:08:10.7391567 PM","python.exe","73160","QueryInformationVolume","C:\Users\jimpames\Desktop\FESv8-algebraic\migration_toolkit\wg_validator","VolumeCreationTime: 5/30/2024 3:01:34 PM, VolumeSerialNumber: 66CA-DF9F, SupportsObjects: True, VolumeLabel: Winხ","BUFFER OVERFLOW"
"2:08:10.7391714 PM","python.exe","73160","QueryAllInformationFile","C:\Users\jimpames\Desktop\FESv8-algebraic\migration_toolkit\wg_validator","CreationTime: 6/6/2026 6:32:25 AM, LastAccessTime: 6/7/2026 2:08:10 PM, LastWriteTime: 6/6/2026 7:26:24 AM, ChangeTime: 6/6/2026 7:26:24 AM, FileAttributes: D, AllocationSize: 4,096, EndOfFile: 4,096","BUFFER OVERFLOW"
"2:08:10.7392164 PM","python.exe","73160","CloseFile","C:\Users\jimpames\Desktop\FESv8-algebraic\migration_toolkit\wg_validator","","SUCCESS"
"2:08:10.7460179 PM","python.exe","73160","CreateFile","C:\Users\jimpames\Desktop\FESv8-algebraic\migration_toolkit\wg_validator","Desired Access: Read Attributes, Synchronize, Disposition: Open, Options: Synchronous IO Non-Alert, Attributes: n/a, ShareMode: None, AllocationSize: n/a, OpenResult: Opened","SUCCESS"
"2:08:10.7460397 PM","python.exe","73160","QueryInformationVolume","C:\Users\jimpames\Desktop\FESv8-algebraic\migration_toolkit\wg_validator","VolumeCreationTime: 5/30/2024 3:01:34 PM, VolumeSerialNumber: 66CA-DF9F, SupportsObjects: True, VolumeLabel: Winፖ","BUFFER OVERFLOW"
"2:08:10.7460493 PM","python.exe","73160","QueryAllInformationFile","C:\Users\jimpames\Desktop\FESv8-algebraic\migration_toolkit\wg_validator","CreationTime: 6/6/2026 6:32:25 AM, LastAccessTime: 6/7/2026 2:08:10 PM, LastWriteTime: 6/6/2026 7:26:24 AM, ChangeTime: 6/6/2026 7:26:24 AM, FileAttributes: D, AllocationSize: 4,096, EndOfFile: 4,096","BUFFER OVERFLOW"
"2:08:10.7460604 PM","python.exe","73160","CloseFile","C:\Users\jimpames\Desktop\FESv8-algebraic\migration_toolkit\wg_validator","","SUCCESS"
"2:08:10.7497002 PM","python.exe","73160","CreateFile","C:\Users\jimpames\Desktop\FESv8-algebraic\migration_toolkit\wg_validator","Desired Access: Read Attributes, Synchronize, Disposition: Open, Options: Synchronous IO Non-Alert, Attributes: n/a, ShareMode: None, AllocationSize: n/a, OpenResult: Opened","SUCCESS"
"2:08:10.7497345 PM","python.exe","73160","QueryInformationVolume","C:\Users\jimpames\Desktop\FESv8-algebraic\migration_toolkit\wg_validator","VolumeCreationTime: 5/30/2024 3:01:34 PM, VolumeSerialNumber: 66CA-DF9F, SupportsObjects: True, VolumeLabel: Winፖ","BUFFER OVERFLOW"
"2:08:10.7497486 PM","python.exe","73160","QueryAllInformationFile","C:\Users\jimpames\Desktop\FESv8-algebraic\migration_toolkit\wg_validator","CreationTime: 6/6/2026 6:32:25 AM, LastAccessTime: 6/7/2026 2:08:10 PM, LastWriteTime: 6/6/2026 7:26:24 AM, ChangeTime: 6/6/2026 7:26:24 AM, FileAttributes: D, AllocationSize: 4,096, EndOfFile: 4,096","BUFFER OVERFLOW"
"2:08:10.7497631 PM","python.exe","73160","CloseFile","C:\Users\jimpames\Desktop\FESv8-algebraic\migration_toolkit\wg_validator","","SUCCESS"
"2:08:10.7533717 PM","python.exe","73160","CreateFile","C:\Users\jimpames\Desktop\FESv8-algebraic\migration_toolkit\wg_validator","Desired Access: Read Attributes, Synchronize, Disposition: Open, Options: Synchronous IO Non-Alert, Attributes: n/a, ShareMode: None, AllocationSize: n/a, OpenResult: Opened","SUCCESS"
"2:08:10.7534012 PM","python.exe","73160","QueryInformationVolume","C:\Users\jimpames\Desktop\FESv8-algebraic\migration_toolkit\wg_validator","VolumeCreationTime: 5/30/2024 3:01:34 PM, VolumeSerialNumber: 66CA-DF9F, SupportsObjects: True, VolumeLabel: Winხ","BUFFER OVERFLOW"
"2:08:10.7534152 PM","python.exe","73160","QueryAllInformationFile","C:\Users\jimpames\Desktop\FESv8-algebraic\migration_toolkit\wg_validator","CreationTime: 6/6/2026 6:32:25 AM, LastAccessTime: 6/7/2026 2:08:10 PM, LastWriteTime: 6/6/2026 7:26:24 AM, ChangeTime: 6/6/2026 7:26:24 AM, FileAttributes: D, AllocationSize: 4,096, EndOfFile: 4,096","BUFFER OVERFLOW"
"2:08:10.7534302 PM","python.exe","73160","CloseFile","C:\Users\jimpames\Desktop\FESv8-algebraic\migration_toolkit\wg_validator","","SUCCESS"
"2:08:10.7550851 PM","python.exe","73160","CreateFile","C:\Users\jimpames\Desktop\FESv8-algebraic\migration_toolkit\wg_validator","Desired Access: Read Attributes, Synchronize, Disposition: Open, Options: Synchronous IO Non-Alert, Attributes: n/a, ShareMode: None, AllocationSize: n/a, OpenResult: Opened","SUCCESS"
"2:08:10.7551179 PM","python.exe","73160","QueryInformationVolume","C:\Users\jimpames\Desktop\FESv8-algebraic\migration_toolkit\wg_validator","VolumeCreationTime: 5/30/2024 3:01:34 PM, VolumeSerialNumber: 66CA-DF9F, SupportsObjects: True, VolumeLabel: Winፖ","BUFFER OVERFLOW"
"2:08:10.7551349 PM","python.exe","73160","QueryAllInformationFile","C:\Users\jimpames\Desktop\FESv8-algebraic\migration_toolkit\wg_validator","CreationTime: 6/6/2026 6:32:25 AM, LastAccessTime: 6/7/2026 2:08:10 PM, LastWriteTime: 6/6/2026 7:26:24 AM, ChangeTime: 6/6/2026 7:26:24 AM, FileAttributes: D, AllocationSize: 4,096, EndOfFile: 4,096","BUFFER OVERFLOW"
"2:08:10.7551548 PM","python.exe","73160","CloseFile","C:\Users\jimpames\Desktop\FESv8-algebraic\migration_toolkit\wg_validator","","SUCCESS"
"2:08:10.7569326 PM","python.exe","73160","CreateFile","C:\Users\jimpames\Desktop\FESv8-algebraic\migration_toolkit\wg_validator","Desired Access: Read Attributes, Synchronize, Disposition: Open, Options: Synchronous IO Non-Alert, Attributes: n/a, ShareMode: None, AllocationSize: n/a, OpenResult: Opened","SUCCESS"
"2:08:10.7569575 PM","python.exe","73160","QueryInformationVolume","C:\Users\jimpames\Desktop\FESv8-algebraic\migration_toolkit\wg_validator","VolumeCreationTime: 5/30/2024 3:01:34 PM, VolumeSerialNumber: 66CA-DF9F, SupportsObjects: True, VolumeLabel: Winፖ","BUFFER OVERFLOW"
"2:08:10.7569700 PM","python.exe","73160","QueryAllInformationFile","C:\Users\jimpames\Desktop\FESv8-algebraic\migration_toolkit\wg_validator","CreationTime: 6/6/2026 6:32:25 AM, LastAccessTime: 6/7/2026 2:08:10 PM, LastWriteTime: 6/6/2026 7:26:24 AM, ChangeTime: 6/6/2026 7:26:24 AM, FileAttributes: D, AllocationSize: 4,096, EndOfFile: 4,096","BUFFER OVERFLOW"
"2:08:10.7570235 PM","python.exe","73160","CloseFile","C:\Users\jimpames\Desktop\FESv8-algebraic\migration_toolkit\wg_validator","","SUCCESS"
"2:08:10.7592251 PM","python.exe","73160","CreateFile","C:\Users\jimpames\Desktop\FESv8-algebraic\migration_toolkit\wg_validator","Desired Access: Read Attributes, Synchronize, Disposition: Open, Options: Synchronous IO Non-Alert, Attributes: n/a, ShareMode: None, AllocationSize: n/a, OpenResult: Opened","SUCCESS"
"2:08:10.7592790 PM","python.exe","73160","QueryInformationVolume","C:\Users\jimpames\Desktop\FESv8-algebraic\migration_toolkit\wg_validator","VolumeCreationTime: 5/30/2024 3:01:34 PM, VolumeSerialNumber: 66CA-DF9F, SupportsObjects: True, VolumeLabel: Winፖ","BUFFER OVERFLOW"
"2:08:10.7593018 PM","python.exe","73160","QueryAllInformationFile","C:\Users\jimpames\Desktop\FESv8-algebraic\migration_toolkit\wg_validator","CreationTime: 6/6/2026 6:32:25 AM, LastAccessTime: 6/7/2026 2:08:10 PM, LastWriteTime: 6/6/2026 7:26:24 AM, ChangeTime: 6/6/2026 7:26:24 AM, FileAttributes: D, AllocationSize: 4,096, EndOfFile: 4,096","BUFFER OVERFLOW"
"2:08:10.7593393 PM","python.exe","73160","CloseFile","C:\Users\jimpames\Desktop\FESv8-algebraic\migration_toolkit\wg_validator","","SUCCESS"
"2:08:10.7604606 PM","python.exe","73160","CreateFile","C:\Users\jimpames\Desktop\FESv8-algebraic\migration_toolkit\wg_validator","Desired Access: Read Attributes, Synchronize, Disposition: Open, Options: Synchronous IO Non-Alert, Attributes: n/a, ShareMode: None, AllocationSize: n/a, OpenResult: Opened","SUCCESS"
"2:08:10.7604838 PM","python.exe","73160","QueryInformationVolume","C:\Users\jimpames\Desktop\FESv8-algebraic\migration_toolkit\wg_validator","VolumeCreationTime: 5/30/2024 3:01:34 PM, VolumeSerialNumber: 66CA-DF9F, SupportsObjects: True, VolumeLabel: Winፖ","BUFFER OVERFLOW"
"2:08:10.7604949 PM","python.exe","73160","QueryAllInformationFile","C:\Users\jimpames\Desktop\FESv8-algebraic\migration_toolkit\wg_validator","CreationTime: 6/6/2026 6:32:25 AM, LastAccessTime: 6/7/2026 2:08:10 PM, LastWriteTime: 6/6/2026 7:26:24 AM, ChangeTime: 6/6/2026 7:26:24 AM, FileAttributes: D, AllocationSize: 4,096, EndOfFile: 4,096","BUFFER OVERFLOW"
"2:08:10.7605063 PM","python.exe","73160","CloseFile","C:\Users\jimpames\Desktop\FESv8-algebraic\migration_toolkit\wg_validator","","SUCCESS"
"2:08:10.7628290 PM","python.exe","73160","CreateFile","C:\Users\jimpames\Desktop\FESv8-algebraic\migration_toolkit\wg_validator","Desired Access: Read Attributes, Synchronize, Disposition: Open, Options: Synchronous IO Non-Alert, Attributes: n/a, ShareMode: None, AllocationSize: n/a, OpenResult: Opened","SUCCESS"
"2:08:10.7628680 PM","python.exe","73160","QueryInformationVolume","C:\Users\jimpames\Desktop\FESv8-algebraic\migration_toolkit\wg_validator","VolumeCreationTime: 5/30/2024 3:01:34 PM, VolumeSerialNumber: 66CA-DF9F, SupportsObjects: True, VolumeLabel: Winხ","BUFFER OVERFLOW"
"2:08:10.7628912 PM","python.exe","73160","QueryAllInformationFile","C:\Users\jimpames\Desktop\FESv8-algebraic\migration_toolkit\wg_validator","CreationTime: 6/6/2026 6:32:25 AM, LastAccessTime: 6/7/2026 2:08:10 PM, LastWriteTime: 6/6/2026 7:26:24 AM, ChangeTime: 6/6/2026 7:26:24 AM, FileAttributes: D, AllocationSize: 4,096, EndOfFile: 4,096","BUFFER OVERFLOW"
"2:08:10.7629074 PM","python.exe","73160","CloseFile","C:\Users\jimpames\Desktop\FESv8-algebraic\migration_toolkit\wg_validator","","SUCCESS"
"2:08:10.7656693 PM","python.exe","73160","CreateFile","C:\Users\jimpames\Desktop\FESv8-algebraic\migration_toolkit\wg_validator","Desired Access: Read Attributes, Synchronize, Disposition: Open, Options: Synchronous IO Non-Alert, Attributes: n/a, ShareMode: None, AllocationSize: n/a, OpenResult: Opened","SUCCESS"
"2:08:10.7656983 PM","python.exe","73160","QueryInformationVolume","C:\Users\jimpames\Desktop\FESv8-algebraic\migration_toolkit\wg_validator","VolumeCreationTime: 5/30/2024 3:01:34 PM, VolumeSerialNumber: 66CA-DF9F, SupportsObjects: True, VolumeLabel: Winፖ","BUFFER OVERFLOW"
"2:08:10.7657104 PM","python.exe","73160","QueryAllInformationFile","C:\Users\jimpames\Desktop\FESv8-algebraic\migration_toolkit\wg_validator","CreationTime: 6/6/2026 6:32:25 AM, LastAccessTime: 6/7/2026 2:08:10 PM, LastWriteTime: 6/6/2026 7:26:24 AM, ChangeTime: 6/6/2026 7:26:24 AM, FileAttributes: D, AllocationSize: 4,096, EndOfFile: 4,096","BUFFER OVERFLOW"
"2:08:10.7657223 PM","python.exe","73160","CloseFile","C:\Users\jimpames\Desktop\FESv8-algebraic\migration_toolkit\wg_validator","","SUCCESS"
"2:08:10.7677957 PM","python.exe","73160","CreateFile","C:\Users\jimpames\Desktop\FESv8-algebraic\migration_toolkit\wg_validator","Desired Access: Read Attributes, Synchronize, Disposition: Open, Options: Synchronous IO Non-Alert, Attributes: n/a, ShareMode: None, AllocationSize: n/a, OpenResult: Opened","SUCCESS"
"2:08:10.7678316 PM","python.exe","73160","QueryInformationVolume","C:\Users\jimpames\Desktop\FESv8-algebraic\migration_toolkit\wg_validator","VolumeCreationTime: 5/30/2024 3:01:34 PM, VolumeSerialNumber: 66CA-DF9F, SupportsObjects: True, VolumeLabel: Winხ","BUFFER OVERFLOW"
"2:08:10.7678493 PM","python.exe","73160","QueryAllInformationFile","C:\Users\jimpames\Desktop\FESv8-algebraic\migration_toolkit\wg_validator","CreationTime: 6/6/2026 6:32:25 AM, LastAccessTime: 6/7/2026 2:08:10 PM, LastWriteTime: 6/6/2026 7:26:24 AM, ChangeTime: 6/6/2026 7:26:24 AM, FileAttributes: D, AllocationSize: 4,096, EndOfFile: 4,096","BUFFER OVERFLOW"
"2:08:10.7678671 PM","python.exe","73160","CloseFile","C:\Users\jimpames\Desktop\FESv8-algebraic\migration_toolkit\wg_validator","","SUCCESS"
"2:08:10.7694125 PM","python.exe","73160","CreateFile","C:\Users\jimpames\Desktop\FESv8-algebraic\migration_toolkit\wg_validator","Desired Access: Read Attributes, Synchronize, Disposition: Open, Options: Synchronous IO Non-Alert, Attributes: n/a, ShareMode: None, AllocationSize: n/a, OpenResult: Opened","SUCCESS"
"2:08:10.7694564 PM","python.exe","73160","QueryInformationVolume","C:\Users\jimpames\Desktop\FESv8-algebraic\migration_toolkit\wg_validator","VolumeCreationTime: 5/30/2024 3:01:34 PM, VolumeSerialNumber: 66CA-DF9F, SupportsObjects: True, VolumeLabel: Winხ","BUFFER OVERFLOW"
"2:08:10.7694714 PM","python.exe","73160","QueryAllInformationFile","C:\Users\jimpames\Desktop\FESv8-algebraic\migration_toolkit\wg_validator","CreationTime: 6/6/2026 6:32:25 AM, LastAccessTime: 6/7/2026 2:08:10 PM, LastWriteTime: 6/6/2026 7:26:24 AM, ChangeTime: 6/6/2026 7:26:24 AM, FileAttributes: D, AllocationSize: 4,096, EndOfFile: 4,096","BUFFER OVERFLOW"
"2:08:10.7694858 PM","python.exe","73160","CloseFile","C:\Users\jimpames\Desktop\FESv8-algebraic\migration_toolkit\wg_validator","","SUCCESS"
"2:08:10.7709308 PM","python.exe","73160","CreateFile","C:\Users\jimpames\Desktop\FESv8-algebraic\migration_toolkit\wg_validator","Desired Access: Read Attributes, Synchronize, Disposition: Open, Options: Synchronous IO Non-Alert, Attributes: n/a, ShareMode: None, AllocationSize: n/a, OpenResult: Opened","SUCCESS"
"2:08:10.7709676 PM","python.exe","73160","QueryInformationVolume","C:\Users\jimpames\Desktop\FESv8-algebraic\migration_toolkit\wg_validator","VolumeCreationTime: 5/30/2024 3:01:34 PM, VolumeSerialNumber: 66CA-DF9F, SupportsObjects: True, VolumeLabel: Winፖ","BUFFER OVERFLOW"
"2:08:10.7709835 PM","python.exe","73160","QueryAllInformationFile","C:\Users\jimpames\Desktop\FESv8-algebraic\migration_toolkit\wg_validator","CreationTime: 6/6/2026 6:32:25 AM, LastAccessTime: 6/7/2026 2:08:10 PM, LastWriteTime: 6/6/2026 7:26:24 AM, ChangeTime: 6/6/2026 7:26:24 AM, FileAttributes: D, AllocationSize: 4,096, EndOfFile: 4,096","BUFFER OVERFLOW"
"2:08:10.7710005 PM","python.exe","73160","CloseFile","C:\Users\jimpames\Desktop\FESv8-algebraic\migration_toolkit\wg_validator","","SUCCESS"
"2:08:10.7728109 PM","python.exe","73160","CreateFile","C:\Users\jimpames\Desktop\FESv8-algebraic\migration_toolkit\wg_validator","Desired Access: Read Attributes, Synchronize, Disposition: Open, Options: Synchronous IO Non-Alert, Attributes: n/a, ShareMode: None, AllocationSize: n/a, OpenResult: Opened","SUCCESS"
"2:08:10.7728410 PM","python.exe","73160","QueryInformationVolume","C:\Users\jimpames\Desktop\FESv8-algebraic\migration_toolkit\wg_validator","VolumeCreationTime: 5/30/2024 3:01:34 PM, VolumeSerialNumber: 66CA-DF9F, SupportsObjects: True, VolumeLabel: Winፖ","BUFFER OVERFLOW"
"2:08:10.7728559 PM","python.exe","73160","QueryAllInformationFile","C:\Users\jimpames\Desktop\FESv8-algebraic\migration_toolkit\wg_validator","CreationTime: 6/6/2026 6:32:25 AM, LastAccessTime: 6/7/2026 2:08:10 PM, LastWriteTime: 6/6/2026 7:26:24 AM, ChangeTime: 6/6/2026 7:26:24 AM, FileAttributes: D, AllocationSize: 4,096, EndOfFile: 4,096","BUFFER OVERFLOW"
"2:08:10.7728731 PM","python.exe","73160","CloseFile","C:\Users\jimpames\Desktop\FESv8-algebraic\migration_toolkit\wg_validator","","SUCCESS"
"2:08:10.7747037 PM","python.exe","73160","CreateFile","C:\Users\jimpames\Desktop\FESv8-algebraic\migration_toolkit\wg_validator","Desired Access: Read Attributes, Synchronize, Disposition: Open, Options: Synchronous IO Non-Alert, Attributes: n/a, ShareMode: None, AllocationSize: n/a, OpenResult: Opened","SUCCESS"
"2:08:10.7747293 PM","python.exe","73160","QueryInformationVolume","C:\Users\jimpames\Desktop\FESv8-algebraic\migration_toolkit\wg_validator","VolumeCreationTime: 5/30/2024 3:01:34 PM, VolumeSerialNumber: 66CA-DF9F, SupportsObjects: True, VolumeLabel: Winፖ","BUFFER OVERFLOW"
"2:08:10.7747403 PM","python.exe","73160","QueryAllInformationFile","C:\Users\jimpames\Desktop\FESv8-algebraic\migration_toolkit\wg_validator","CreationTime: 6/6/2026 6:32:25 AM, LastAccessTime: 6/7/2026 2:08:10 PM, LastWriteTime: 6/6/2026 7:26:24 AM, ChangeTime: 6/6/2026 7:26:24 AM, FileAttributes: D, AllocationSize: 4,096, EndOfFile: 4,096","BUFFER OVERFLOW"
"2:08:10.7747529 PM","python.exe","73160","CloseFile","C:\Users\jimpames\Desktop\FESv8-algebraic\migration_toolkit\wg_validator","","SUCCESS"
"2:08:11.0141428 PM","python.exe","73160","CloseFile","C:\Users\jimpames\Desktop\FESv8-algebraic\migration_toolkit","","SUCCESS"
"2:08:11.0169985 PM","python.exe","22652","CloseFile","C:\Users\jimpames\Desktop\FESv8-algebraic\migration_toolkit","","SUCCESS"
"2:08:11.0274029 PM","python.exe","35508","CloseFile","C:\Users\jimpames\Desktop\FESv8-algebraic\migration_toolkit","","SUCCESS"
"2:08:11.0308194 PM","python.exe","95756","CloseFile","C:\Users\jimpames\Desktop\FESv8-algebraic\migration_toolkit","","SUCCESS"
